renewable_forecast,wind_forecast,solar_forecast,tie_line_forecast,bidding_space_forecast,actual_renewable_lag_24h,actual_wind_lag_24h,actual_solar_lag_24h,previous_day_renewable_mean,previous_day_wind_mean,previous_day_solar_mean,previous_day_price_delta_mean,previous_day_price_delta_std,lagged_price_delta_24h,lagged_price_delta_48h,hour_sin,hour_cos,dow_sin,dow_cos,month_sin,month_cos,is_weekend,period_id,da_anchor,upward_deviation_prob,downward_deviation_prob,large_abs_deviation_prob,deviation_magnitude_pred,deviation_risk_score,deviation_direction,confidence,ds,business_day,hour_business,period,rt_actual,price_delta,upward_deviation_label,downward_deviation_label,large_abs_deviation_label,deviation_magnitude_target
2169.28,2169.28,0.0,19371.25,33324.305,2543.0775,2540.2525,2.825,5964.5146875,2739.6110416666666,3224.9036458333335,-124.39058333333338,173.42212399879426,-55.285000000000025,-10.947000000000003,-2.4492935982947064e-16,1.0,-0.9749279121818236,-0.2225209339563146,0.0,1.0,1,2,368.05,0.006376890339001473,0.009266314245947557,0.014310729513266717,-13.529419697781583,0.0006453862192213832,NEUTRAL,0.014310729513266717,2026-02-01 00:00:00,2026-01-31,24,17_24,328.082,-39.96800000000002,0,0,0,-39.96800000000002
3636.6425,3636.6425,0.0,19578.0,28497.3425,2525.9975,2523.155,2.8425,5837.426354166666,2612.5362499999997,3224.8901041666663,-127.02850000000005,171.69909303348487,-49.34800000000001,13.961999999999989,0.25881904510252074,0.9659258262890683,-0.7818314824680299,0.6234898018587334,0.49999999999999994,0.8660254037844387,1,0,377.2,0.007398354997962683,0.00952054788113132,0.00613789951554369,-12.567128068252414,0.0003988198150070215,NEUTRAL,0.00952054788113132,2026-02-01 01:00:00,2026-02-01,1,1_8,376.978,-0.22199999999998,0,0,0,-0.22199999999998
4072.0725,4072.0725,0.0,19786.0,26464.445,2537.6425,2534.7625,2.88,5735.113541666667,2510.2319791666664,3224.8815625,-130.0529166666667,169.53447714740645,-47.809000000000026,24.776999999999987,0.49999999999999994,0.8660254037844387,-0.7818314824680299,0.6234898018587334,0.49999999999999994,0.8660254037844387,1,0,358.46,0.005703702325271006,0.016675773880915203,0.008329463653938062,-17.72860502111594,0.000985460695187291,NEUTRAL,0.016675773880915203,2026-02-01 02:00:00,2026-02-01,2,1_8,353.014,-5.4459999999999695,0,0,0,-5.4459999999999695
4454.5375,4454.5375,0.0,19786.0,27298.7475,2546.605,2548.095,-1.49,5642.405624999999,2417.7209375,3224.6846874999997,-130.85129166666673,168.95468122636342,-22.245000000000005,-3.084000000000003,0.7071067811865476,0.7071067811865476,-0.7818314824680299,0.6234898018587334,0.49999999999999994,0.8660254037844387,1,0,375.25,0.004512755438086701,0.01651872080789024,0.008523960406932004,-17.443984518270202,0.000960507700114884,NEUTRAL,0.01651872080789024,2026-02-01 03:00:00,2026-02-01,3,1_8,364.613,-10.637,0,0,0,-10.637
4857.23,4857.23,0.0,19786.0,25700.765,2574.09,2571.2525,2.8375,5552.180833333333,2327.513645833333,3224.6671874999997,-132.55275000000006,167.60147681388491,-23.86099999999999,16.97399999999999,0.8660254037844386,0.5000000000000001,-0.7818314824680299,0.6234898018587334,0.49999999999999994,0.8660254037844387,1,0,347.5,0.006006463468757515,0.020646149675697,0.011091683876158328,-16.022330637616495,0.0011026647883257865,NEUTRAL,0.020646149675697,2026-02-01 04:00:00,2026-02-01,4,1_8,347.423,-0.07699999999999818,0,0,0,-0.07699999999999818
5209.2575,5209.2575,0.0,19786.0,25429.13,2496.745,2493.9425,2.8025,5446.170416666667,2221.5154166666666,3224.6549999999993,-133.40820833333336,166.99417743480808,-29.427999999999997,-8.896999999999991,0.9659258262890683,0.25881904510252074,-0.7818314824680299,0.6234898018587334,0.49999999999999994,0.8660254037844387,1,0,346.0,0.005675075933501455,0.043353571393518246,0.015880897595895095,-20.88384561996636,0.0030179643068547497,NEUTRAL,0.043353571393518246,2026-02-01 05:00:00,2026-02-01,5,1_8,340.032,-5.968000000000018,0,0,0,-5.968000000000018
5448.56,5448.33,0.23,22057.0,23864.825,2250.67,2247.865,2.805,5331.46875,2106.8221875,3224.6465625,-134.24950000000004,166.3042400366673,-12.951000000000022,7.240000000000009,1.0,6.123233995736766e-17,-0.7818314824680299,0.6234898018587334,0.49999999999999994,0.8660254037844387,1,0,318.89,0.009998118917139023,0.05344187317369989,0.02844528562143377,-18.504489562829615,0.003296381947869312,NEUTRAL,0.05344187317369989,2026-02-01 06:00:00,2026-02-01,6,1_8,307.932,-10.95799999999997,0,0,0,-10.95799999999997
5487.0675,5479.025,8.0425,26583.75,21497.7325,2356.13,2353.3075,2.8225,5245.04625,2020.3959375000002,3224.6503125,-135.65891666666673,165.51286920985706,-62.59300000000002,-28.766999999999996,0.9659258262890683,-0.25881904510252063,-0.7818314824680299,0.6234898018587334,0.49999999999999994,0.8660254037844387,1,0,294.95,0.01119736326039512,0.08454018213097537,0.0716692945472341,-25.998130830097743,0.007326289051471297,NEUTRAL,0.08454018213097537,2026-02-01 07:00:00,2026-02-01,7,1_8,196.874,-98.076,0,0,0,-98.076
6513.9875,5143.8725,1370.115,27157.5,24902.49,3077.205,2478.2475,598.9575,5176.637083333334,1947.4835416666667,3229.1535416666666,-136.06166666666672,165.25462404019504,-39.06700000000001,-29.40100000000001,0.8660254037844387,-0.4999999999999998,-0.7818314824680299,0.6234898018587334,0.49999999999999994,0.8660254037844387,1,0,333.8,0.004741386313050528,0.07523301401436606,0.039229768801529286,-13.576546733650122,0.003404681768931318,NEUTRAL,0.07523301401436606,2026-02-01 08:00:00,2026-02-01,8,1_8,356.643,22.84299999999996,0,0,0,22.84299999999996
11081.67,4379.2025,6702.4675,24930.0,22760.7475,5662.6875,2454.895,3207.7925,5134.231354166667,1880.4860416666668,3253.7453124999997,-125.71937500000006,163.10444456472013,-39.49400000000003,-287.709,0.7071067811865476,-0.7071067811865475,-0.7818314824680299,0.6234898018587334,0.49999999999999994,0.8660254037844387,1,1,316.8,0.012170879444956588,0.4222486597995446,0.15616599797440417,-102.14532390781281,0.14376908708288114,NEUTRAL,0.4222486597995446,2026-02-01 09:00:00,2026-02-01,9,9_16,400.267,83.46699999999998,0,0,0,83.46699999999998
15813.335,3289.9775,12523.3575,22303.5,16001.1225,9093.6075,2045.7825,7047.825,5106.600416666667,1827.6582291666666,3278.9421874999994,-118.20154166666673,164.1565911235431,-9.799999999999955,-190.228,0.49999999999999994,-0.8660254037844387,-0.7818314824680299,0.6234898018587334,0.49999999999999994,0.8660254037844387,1,1,171.0,0.03559669510438618,0.7034773017941566,0.4427840702618843,-124.52943113066547,0.29201209401920597,DOWN,0.7034773017941566,2026-02-01 10:00:00,2026-02-01,10,9_16,432.641,261.641,1,0,1,261.641
19136.715,2544.7825,16591.9325,20835.0,11026.94,12250.04,1845.925,10404.115,5053.704166666666,1800.2130208333335,3253.491145833333,-99.13754166666672,145.47549103094119,-25.286999999999978,-482.823,0.258819045102521,-0.9659258262890682,-0.7818314824680299,0.6234898018587334,0.49999999999999994,0.8660254037844387,1,1,-10.0,0.041993193604075225,7.685011934356878e-05,0.0700732500656375,-18.67573011600248,0.004362230355256663,NEUTRAL,0.0700732500656375,2026-02-01 11:00:00,2026-02-01,11,9_16,456.179,466.179,1,0,1,466.179
21034.96,2402.6775,18632.2825,20462.0,6145.135,14192.5725,2028.975,12163.5975,4970.554270833333,1822.5826041666667,3147.9716666666664,-73.74687500000005,106.92141809934364,34.605999999999995,-574.77,1.2246467991473532e-16,-1.0,-0.7818314824680299,0.6234898018587334,0.49999999999999994,0.8660254037844387,1,1,-20.0,0.020411121878418006,0.0001296651063773026,0.034937312370596656,-13.953648260409862,0.0016250098932779065,NEUTRAL,0.034937312370596656,2026-02-01 12:00:00,2026-02-01,12,9_16,469.704,489.704,1,0,1,489.704
21315.1275,2537.8375,18777.29,20462.0,2079.99,14858.1375,2280.78,12577.3575,5005.6509375,1867.8435416666664,3137.8073958333334,-47.74025000000005,60.1308090483077,107.31899999999996,-516.8399999999999,-0.2588190451025208,-0.9659258262890683,-0.7818314824680299,0.6234898018587334,0.49999999999999994,0.8660254037844387,1,1,-51.0,0.02984044094216408,0.00021314095107893605,0.05175425202639074,-8.815767649495834,0.0015208448691270324,NEUTRAL,0.05175425202639074,2026-02-01 13:00:00,2026-02-01,13,9_16,435.397,486.397,1,0,1,486.397
19897.0975,2711.7525,17185.345,20685.25,5762.875,14129.9125,2368.6975,11761.215,4987.290729166667,1924.8779166666666,3062.4128125,-32.99920833333339,50.29514188137332,101.21799999999999,-252.56700000000004,-0.4999999999999997,-0.8660254037844388,-0.7818314824680299,0.6234898018587334,0.49999999999999994,0.8660254037844387,1,1,-51.0,0.11192992679733747,0.0002152454626262837,0.14034428768115248,19.483661295042886,0.009114735219578783,NEUTRAL,0.14034428768115248,2026-02-01 14:00:00,2026-02-01,14,9_16,382.755,433.755,1,0,1,433.755
16612.175,2760.2125,13851.9625,21860.5,9770.1375,11742.035,2332.7475,9409.2875,5064.749479166668,1987.194375,3077.5551041666663,-25.985041666666717,55.600009224644275,93.05399999999997,-75.286,-0.7071067811865471,-0.7071067811865479,-0.7818314824680299,0.6234898018587334,0.49999999999999994,0.8660254037844387,1,1,0.0,0.18453186588739975,0.00010811070712881666,0.17479370638607022,3.5688112957450495,0.0021951980246795425,NEUTRAL,0.18453186588739975,2026-02-01 15:00:00,2026-02-01,15,9_16,350.422,350.422,1,0,1,350.422
11619.215,2650.5575,8968.6575,24041.5,16151.9475,7873.87,2099.235,5774.635,5157.710520833333,2047.9886458333333,3109.7218750000006,-21.263625000000054,57.23202326442737,51.721000000000004,-61.59299999999996,-0.8660254037844385,-0.5000000000000004,-0.7818314824680299,0.6234898018587334,0.49999999999999994,0.8660254037844387,1,1,151.0,0.12608375524636886,0.19771614073029048,0.27174637861526135,-10.286543430045946,0.009317769751945317,NEUTRAL,0.27174637861526135,2026-02-01 16:00:00,2026-02-01,16,9_16,376.177,225.17700000000002,1,0,1,225.17700000000002
5741.8025,2483.9875,3257.815,26339.25,26178.9825,3639.705,1845.0575,1794.6475,5215.798229166667,2098.4860416666666,3117.3121874999997,-20.082166666666723,56.46857278604174,-41.70100000000002,-70.05600000000004,-0.9659258262890683,-0.25881904510252063,-0.7818314824680299,0.6234898018587334,0.49999999999999994,0.8660254037844387,1,2,392.643,0.021089252924141585,0.11085755610751999,0.01762168081133095,-35.13840854055702,0.012984526987712533,NEUTRAL,0.11085755610751999,2026-02-01 17:00:00,2026-02-01,17,17_24,429.143,36.5,0,0,0,36.5
2633.0025,2453.795,179.2075,27902.75,35088.7325,1806.11,1750.3225,55.7875,5252.7368750000005,2135.024270833333,3117.712604166667,-18.585375000000056,54.89184986847718,-57.581999999999994,-93.505,-1.0,-1.8369701987210297e-16,-0.7818314824680299,0.6234898018587334,0.49999999999999994,0.8660254037844387,1,2,380.8,0.014975537685216976,0.019198173935602074,0.01067270874925633,-20.41660543563878,0.0013065384744265069,NEUTRAL,0.019198173935602074,2026-02-01 18:00:00,2026-02-01,18,17_24,437.715,56.914999999999964,0,0,0,56.914999999999964
2545.83,2545.745,0.085,27312.75,35465.175,2086.8175,2085.23,1.5875,5283.001875,2165.304791666667,3117.697083333333,-17.698000000000054,54.1171718998187,-53.09299999999996,-74.38999999999999,-0.9659258262890684,0.2588190451025203,-0.7818314824680299,0.6234898018587334,0.49999999999999994,0.8660254037844387,1,2,380.0,0.011215911270255589,0.009130541953767635,0.009034270806313506,-10.502362285015622,0.0003926452117227132,NEUTRAL,0.011215911270255589,2026-02-01 19:00:00,2026-02-01,19,17_24,441.233,61.233000000000004,0,0,0,61.233000000000004
2699.805,2699.805,0.0,25846.0,35429.2925,2529.285,2527.4625,1.8225,5324.182708333333,2206.5051041666666,3117.677604166667,-16.748083333333387,53.31132555577884,-49.492999999999995,-72.291,-0.8660254037844386,0.5000000000000001,-0.7818314824680299,0.6234898018587334,0.49999999999999994,0.8660254037844387,1,2,387.5,0.008731655966824303,0.008219172916850911,0.016146817836205578,-13.870473006906577,0.0007465466698150904,NEUTRAL,0.016146817836205578,2026-02-01 20:00:00,2026-02-01,20,17_24,437.852,50.351999999999975,0,0,0,50.351999999999975
2872.315,2872.315,0.0,24789.0,34836.585,2755.455,2753.53,1.925,5381.9321875,2264.2712500000002,3117.6609374999994,-16.32462500000005,52.94469944221915,-55.536,-65.69900000000001,-0.7071067811865477,0.7071067811865474,-0.7818314824680299,0.6234898018587334,0.49999999999999994,0.8660254037844387,1,2,419.0,0.01009289500840473,0.0106307189057315,0.015097964997474024,-14.130406226627501,0.0007111345953657034,NEUTRAL,0.015097964997474024,2026-02-01 21:00:00,2026-02-01,21,17_24,445.232,26.232000000000028,0,0,0,26.232000000000028
3145.24,3145.24,0.0,23403.0,33769.3875,3125.2175,3123.5525,1.665,5447.0157291666665,2329.3821875,3117.6335416666666,-16.39754166666672,52.99286776701038,-50.76899999999995,-49.019000000000005,-0.5000000000000004,0.8660254037844384,-0.7818314824680299,0.6234898018587334,0.49999999999999994,0.8660254037844387,1,2,406.47,0.013370640701944646,0.016454132468386975,0.017974259268054984,-12.67848579185785,0.000759621302497348,NEUTRAL,0.017974259268054984,2026-02-01 22:00:00,2026-02-01,22,17_24,444.737,38.266999999999996,0,0,0,38.266999999999996
3722.9875,3722.9875,0.0,21790.75,29848.2,3336.3125,3342.84,-6.5275,5499.580312500001,2382.3296875,3117.250625,-16.09766666666672,52.77826031011316,-48.920000000000016,-56.11700000000002,-0.25881904510252157,0.9659258262890681,-0.7818314824680299,0.6234898018587334,0.49999999999999994,0.8660254037844387,1,2,380.44,0.007095104475517986,0.03096225874021398,0.018812335800732122,-19.422145553188827,0.0020045116530264294,NEUTRAL,0.03096225874021398,2026-02-01 23:00:00,2026-02-01,23,17_24,430.964,50.524,0,0,0,50.524
4812.915,4812.915,0.0,19868.0,27006.14,3696.555,3698.35,-1.795,5547.641875,2430.5837500000002,3117.058125,-15.459458333333385,52.37486112628783,-39.96800000000002,-55.285000000000025,-2.4492935982947064e-16,1.0,-0.7818314824680299,0.6234898018587334,0.49999999999999994,0.8660254037844387,1,2,347.55,0.012975525353308837,0.050524273255825376,0.022948252416581667,-18.79858634202536,0.003165949710559054,NEUTRAL,0.050524273255825376,2026-02-02 00:00:00,2026-02-01,24,17_24,425.109,77.55899999999997,0,0,0,77.55899999999997
5693.6325,5693.6325,0.0,19786.0,25132.3525,3858.9925,3856.6275,2.365,5603.183333333333,2486.145104166667,3117.0382291666665,-13.412541666666717,51.95110152657042,-0.22199999999998,-49.34800000000001,0.25881904510252074,0.9659258262890683,0.0,1.0,0.49999999999999994,0.8660254037844387,0,0,361.5,0.011808432215409621,0.03818263187123535,0.021317933280824118,-9.67361295522132,0.001231213341113429,NEUTRAL,0.03818263187123535,2026-02-02 01:00:00,2026-02-02,1,1_8,367.178,5.677999999999997,0,0,0,5.677999999999997
6939.185,6939.185,0.0,19786.0,22600.0825,4038.68,4036.3275,2.3525,5665.7265625,2548.7103125,3117.01625,-11.647416666666713,51.44886160731023,-5.4459999999999695,-47.809000000000026,0.49999999999999994,0.8660254037844387,0.0,1.0,0.49999999999999994,0.8660254037844387,0,0,361.01,0.005286742643895745,0.062195761008366234,0.031711639015203255,-15.907966134460638,0.003298026866093658,NEUTRAL,0.062195761008366234,2026-02-02 02:00:00,2026-02-02,2,1_8,364.117,3.1070000000000277,0,0,0,3.1070000000000277
7759.71,7759.71,0.0,19786.0,23093.575,4414.5725,4412.1075,2.465,5743.558541666666,2626.3775,3117.1810416666667,-11.163750000000048,51.39944216517393,-10.637,-22.245000000000005,0.7071067811865476,0.7071067811865476,0.0,1.0,0.49999999999999994,0.8660254037844387,0,0,350.0,0.007275585442538537,0.08440555567123378,0.02539665428358695,-18.476914136929143,0.0051985140160572645,NEUTRAL,0.08440555567123378,2026-02-02 03:00:00,2026-02-02,3,1_8,379.83,29.829999999999984,0,0,0,29.829999999999984
8079.65,8079.65,0.0,19786.0,21578.345,4930.2975,4927.9375,2.36,5841.733854166668,2724.5727083333336,3117.1611458333336,-10.172750000000047,51.37326617681292,-0.07699999999999818,-23.86099999999999,0.8660254037844386,0.5000000000000001,0.0,1.0,0.49999999999999994,0.8660254037844387,0,0,347.5,0.008333850465900999,0.0842556072340615,0.03822619183816915,-18.03075915669366,0.00506397520546113,NEUTRAL,0.0842556072340615,2026-02-02 04:00:00,2026-02-02,4,1_8,361.868,14.367999999999995,0,0,0,14.367999999999995
8028.3325,8028.3325,0.0,19786.0,21780.7875,5643.775,5641.285,2.49,5972.860104166666,2855.7119791666664,3117.1481249999997,-9.195250000000048,51.213903558249406,-5.968000000000018,-29.427999999999997,0.9659258262890683,0.25881904510252074,0.0,1.0,0.49999999999999994,0.8660254037844387,0,0,317.325,0.012298960483441182,0.10169659575259579,0.05993442121395427,-20.608245400461673,0.00698596133887014,NEUTRAL,0.10169659575259579,2026-02-02 05:00:00,2026-02-02,5,1_8,365.181,47.855999999999995,0,0,0,47.855999999999995
7543.91,7543.68,0.23,22057.0,22726.4475,6367.005,6364.89,2.115,6144.3740625,3027.2546875000003,3117.119375,-9.11220833333338,51.20916453049191,-10.95799999999997,-12.951000000000022,1.0,6.123233995736766e-17,0.0,1.0,0.49999999999999994,0.8660254037844387,0,0,345.0,0.013405142496939406,0.05125968921320857,0.04327417742051975,-11.66629035240681,0.0019933680591180886,NEUTRAL,0.05125968921320857,2026-02-02 06:00:00,2026-02-02,6,1_8,359.0,14.0,0,0,0,14.0
6631.02,6618.3375,12.6825,26583.75,23651.3725,6336.4875,6333.5625,2.925,6310.222291666666,3193.098645833333,3117.1236458333333,-10.590666666666712,53.290266362763184,-98.076,-62.59300000000002,0.9659258262890683,-0.25881904510252063,0.0,1.0,0.49999999999999994,0.8660254037844387,0,0,319.33,0.0102776764827416,0.1007493293736508,0.050475709761860756,-14.973300876632674,0.005028500072768799,NEUTRAL,0.1007493293736508,2026-02-02 07:00:00,2026-02-02,7,1_8,343.835,24.504999999999995,0,0,0,24.504999999999995
7100.845,5409.5225,1691.3225,27157.5,27276.0475,6507.7675,5848.11,659.6575,6453.162395833334,3333.509583333333,3119.6528125000004,-8.01108333333338,53.3502837080708,22.84299999999996,-39.06700000000001,0.8660254037844387,-0.4999999999999998,0.0,1.0,0.49999999999999994,0.8660254037844387,0,0,362.125,0.007853370317832028,0.030576245024362587,0.0264456540331906,-0.2876442186232065,2.9316933694881606e-05,NEUTRAL,0.030576245024362587,2026-02-02 08:00:00,2026-02-02,8,1_8,391.734,29.60899999999998,0,0,0,29.60899999999998
12100.655,4036.0825,8064.5725,24931.5,25162.33,8005.4425,4879.6075,3125.835,6550.777187500001,3434.539270833333,3116.2379166666665,-2.8877083333333786,56.032174035743694,83.46699999999998,-39.49400000000003,0.7071067811865476,-0.7071067811865475,0.0,1.0,0.49999999999999994,0.8660254037844387,0,1,370.125,0.022156117769960244,0.25858993512360995,0.09146236878814418,-32.40347588384288,0.027930709088607966,NEUTRAL,0.25858993512360995,2026-02-02 09:00:00,2026-02-02,9,9_16,427.545,57.420000000000016,0,0,0,57.420000000000016
17484.5025,2725.7275,14758.775,22303.5,17089.335,9136.37,3419.515,5716.855,6552.558958333334,3491.7781249999994,3060.7808333333337,8.422333333333286,77.75897903173471,261.641,-9.799999999999955,0.49999999999999994,-0.8660254037844387,0.0,1.0,0.49999999999999994,0.8660254037844387,0,1,250.0,0.050066858373559536,0.6197594071362207,0.28988024225915454,-123.45298206473838,0.2550371565788025,DOWN,0.6197594071362207,2026-02-02 10:00:00,2026-02-02,10,9_16,383.066,133.06599999999997,1,0,0,133.06599999999997
21059.525,1972.1575,19087.3675,20835.0,11896.95,9571.655,2394.8375,7176.8175,6440.959583333333,3514.649479166667,2926.310104166667,28.900083333333285,121.11964650597237,466.179,-25.286999999999978,0.258819045102521,-0.9659258262890682,0.0,1.0,0.49999999999999994,0.8660254037844387,0,1,150.0,0.014408736880909582,0.6006043304482807,0.5267325337298538,-124.98897228717698,0.25022972671319543,DOWN,0.6006043304482807,2026-02-02 11:00:00,2026-02-02,11,9_16,308.314,158.31400000000002,1,0,1,158.31400000000002
22845.805,1810.3625,21035.4425,20462.0,6387.1425,10600.68,2044.2825,8556.3975,6291.297395833334,3515.287291666667,2776.010104166666,47.862499999999955,153.38034791838578,489.704,34.605999999999995,1.2246467991473532e-16,-1.0,0.0,1.0,0.49999999999999994,0.8660254037844387,0,1,107.8,0.04586450809727863,0.4128366877031892,0.6144092654690901,-83.3025619886942,0.17060621974388984,NEUTRAL,0.6144092654690901,2026-02-02 12:00:00,2026-02-02,12,9_16,-37.501,-145.301,0,1,0,-145.301
23101.8,1940.2525,21161.5475,20462.0,1721.1125,12181.09,1946.2875,10234.8025,6179.75375,3501.3501041666664,2678.4036458333335,63.65741666666662,177.40608572619,486.397,107.31899999999996,-0.2588190451025208,-0.9659258262890683,0.0,1.0,0.49999999999999994,0.8660254037844387,0,1,50.5,0.013585577397101013,0.16043948358119248,0.05304721188534347,-61.03518879603366,0.03264151390238741,NEUTRAL,0.16043948358119248,2026-02-02 13:00:00,2026-02-02,13,9_16,-80.0,-130.5,0,1,0,-130.5
21962.9475,2129.395,19833.5525,20685.25,4886.3975,12061.245,1913.465,10147.78,6093.559270833332,3482.382083333334,2611.1771875,77.51312499999995,192.78632358341628,433.755,101.21799999999999,-0.4999999999999997,-0.8660254037844388,0.0,1.0,0.49999999999999994,0.8660254037844387,0,1,51.625,0.015361055010889373,0.17546610759985573,0.05260085451175616,-37.6077383667831,0.021996278222843953,NEUTRAL,0.17546610759985573,2026-02-02 14:00:00,2026-02-02,14,9_16,-80.0,-131.625,0,1,0,-131.625
18904.0475,2222.785,16681.2625,21860.5,8516.7425,9871.115,1867.5125,8003.6025,6015.604270833333,3462.9972916666666,2552.6069791666664,88.23679166666663,200.6845716123078,350.422,93.05399999999997,-0.7071067811865471,-0.7071067811865479,0.0,1.0,0.49999999999999994,0.8660254037844387,0,1,133.95,0.0289305774465162,0.6028244822925269,0.641150243218659,-88.1102149187028,0.18830628575058203,DOWN,0.641150243218659,2026-02-02 15:00:00,2026-02-02,15,9_16,-80.0,-213.95,0,1,1,-213.95
13327.115,2055.9075,11271.2075,24041.5,15881.115,6783.975,1914.6625,4869.3125,5970.191979166666,3455.306770833333,2514.885208333333,95.46412499999997,202.42813333438733,225.17700000000002,51.721000000000004,-0.8660254037844385,-0.5000000000000004,0.0,1.0,0.49999999999999994,0.8660254037844387,0,1,326.0,0.00982740474608188,0.3054046120989087,0.15337120698689097,-107.66191306450914,0.10960148265764282,NEUTRAL,0.3054046120989087,2026-02-02 16:00:00,2026-02-02,16,9_16,19.208,-306.79200000000003,0,1,1,-306.79200000000003
5914.6675,1754.26,4160.4075,26339.25,28829.27,3469.455,1838.67,1630.785,5963.098229166667,3455.0406249999996,2508.0576041666664,98.72249999999997,200.7466626652043,36.5,-41.70100000000002,-0.9659258262890683,-0.25881904510252063,0.0,1.0,0.49999999999999994,0.8660254037844387,0,2,360.913,0.011901487432842804,0.018464116799117553,0.026189138812347645,-24.145392984381964,0.002107823495155547,NEUTRAL,0.026189138812347645,2026-02-02 17:00:00,2026-02-02,17,17_24,378.111,17.19799999999998,0,0,0,17.19799999999998
1767.8025,1523.3325,244.47,27902.0,39611.1,1919.8075,1844.8725,74.935,5967.835625,3458.980208333334,2508.8554166666668,103.49320833333327,198.2151507483019,56.914999999999964,-57.581999999999994,-1.0,-1.8369701987210297e-16,0.0,1.0,0.49999999999999994,0.8660254037844387,0,2,402.87,0.024949756365448158,0.006888831463499233,0.03313398932219055,-5.134908051820448,0.0005671332951981633,NEUTRAL,0.03313398932219055,2026-02-02 18:00:00,2026-02-02,18,17_24,407.284,4.413999999999987,0,0,0,4.413999999999987
1484.785,1484.7,0.085,27312.75,39614.255,1991.7075,1990.1875,1.52,5963.872708333332,3455.0201041666674,2508.8526041666664,108.25679166666662,195.6455024896635,61.233000000000004,-53.09299999999996,-0.9659258262890684,0.2588190451025203,0.0,1.0,0.49999999999999994,0.8660254037844387,0,2,445.0,0.0448508895642194,0.003933848114579364,0.01707682094641377,19.951285566462047,0.002982776352018646,NEUTRAL,0.0448508895642194,2026-02-02 19:00:00,2026-02-02,19,17_24,419.902,-25.098000000000013,0,0,0,-25.098000000000013
1708.69,1708.69,0.0,25846.0,38969.7825,2185.5175,2183.2975,2.22,5949.549062499999,3440.6798958333334,2508.869166666667,112.41699999999996,193.1914271376404,50.351999999999975,-49.492999999999995,-0.8660254037844386,0.5000000000000001,0.0,1.0,0.49999999999999994,0.8660254037844387,0,2,460.0,0.015976395469753865,0.004801805765217685,0.011628952684995227,-11.945028402989873,0.0006361283255453622,NEUTRAL,0.015976395469753865,2026-02-02 20:00:00,2026-02-02,20,17_24,421.851,-38.149,0,0,0,-38.149
2248.415,2248.415,0.0,24789.0,37925.7425,2374.79,2372.75,2.04,5933.688020833334,3424.8140625,2508.873958333333,115.82399999999996,190.80702673552707,26.232000000000028,-55.536,-0.7071067811865477,0.7071067811865474,0.0,1.0,0.49999999999999994,0.8660254037844387,0,2,449.45,0.013307257113600961,0.006820328749023687,0.01401408467776147,-2.5781345648668195,0.00012043398700902444,NEUTRAL,0.01401408467776147,2026-02-02 21:00:00,2026-02-02,21,17_24,425.65,-23.80000000000001,0,0,0,-23.80000000000001
3046.9225,3046.9225,0.0,23403.0,36367.705,2803.185,2801.2275,1.9575,5920.27,3411.3838541666664,2508.886145833333,119.53383333333329,188.2759243962842,38.266999999999996,-50.76899999999995,-0.5000000000000004,0.8660254037844384,0.0,1.0,0.49999999999999994,0.8660254037844387,0,2,458.54,0.021660457591513235,0.009104724119484358,0.015048507451949276,15.842410801347999,0.001143846224366432,NEUTRAL,0.021660457591513235,2026-02-02 22:00:00,2026-02-02,22,17_24,427.313,-31.227000000000032,0,0,0,-31.227000000000032
3964.105,3964.105,0.0,21790.75,32107.0825,2839.4175,2837.19,2.2275,5899.566041666666,3390.3151041666665,2509.2509375,123.6773333333333,185.48099189912705,50.524,-48.920000000000016,-0.25881904510252157,0.9659258262890681,0.0,1.0,0.49999999999999994,0.8660254037844387,0,2,416.11,0.029724085783426786,0.015473550658041188,0.015854521781969822,-9.63009244000578,0.0009541523126302052,NEUTRAL,0.029724085783426786,2026-02-02 23:00:00,2026-02-02,23,17_24,414.733,-1.3770000000000095,0,0,0,-1.3770000000000095
4776.2325,4776.2325,0.0,19868.0,29556.4875,2828.0525,2825.6875,2.365,5863.3784375000005,3353.954166666667,2509.424270833333,128.57429166666662,182.5001659214205,77.55899999999997,-39.96800000000002,-2.4492935982947064e-16,1.0,0.0,1.0,0.49999999999999994,0.8660254037844387,0,2,397.37,0.03299936169473262,0.028264590514758742,0.029881426975511136,7.256162391763231,0.0007981624242717032,NEUTRAL,0.03299936169473262,2026-02-03 00:00:00,2026-02-02,24,17_24,393.158,-4.211999999999989,0,0,0,-4.211999999999989
5983.3925,5983.3925,0.0,19984.0,25454.5925,2569.29,2566.76,2.53,5809.640833333334,3300.2096875,2509.4311458333336,128.82012499999996,182.32301796687358,5.677999999999997,-0.22199999999998,0.25881904510252074,0.9659258262890683,0.7818314824680298,0.6234898018587336,0.49999999999999994,0.8660254037844387,0,0,376.307,0.00660431605941372,0.033196247729036774,0.016613890828930326,-24.61132790521421,0.002723345793606822,NEUTRAL,0.033196247729036774,2026-02-03 01:00:00,2026-02-03,1,1_8,409.851,33.54399999999998,0,0,0,33.54399999999998
6897.215,6897.215,0.0,19984.0,23201.3025,2387.9975,2385.3425,2.655,5740.862395833333,3231.4186458333334,2509.44375,129.17649999999995,182.05733158779836,3.1070000000000277,-5.4459999999999695,0.49999999999999994,0.8660254037844387,0.7818314824680298,0.6234898018587336,0.49999999999999994,0.8660254037844387,0,0,347.0,0.005366626957999367,0.05474933683233093,0.02985962306903169,-27.59094051299723,0.00503528565222297,NEUTRAL,0.05474933683233093,2026-02-03 02:00:00,2026-02-03,2,1_8,379.931,32.93099999999998,0,0,0,32.93099999999998
7668.72,7668.72,0.0,19984.0,23796.565,2376.335,2373.695,2.64,5655.935833333334,3146.484791666667,2509.4510416666667,130.86262499999995,180.8897977645175,29.829999999999984,-10.637,0.7071067811865476,0.7071067811865476,0.7818314824680298,0.6234898018587336,0.49999999999999994,0.8660254037844387,0,0,377.625,0.006218214956277945,0.030418684876960804,0.026694942740121474,-26.459333880686337,0.0026828604645696336,NEUTRAL,0.030418684876960804,2026-02-03 03:00:00,2026-02-03,3,1_8,382.286,4.661000000000001,0,0,0,4.661000000000001
8301.5125,8301.5125,0.0,19984.75,21967.7325,2278.2975,2275.7,2.5975,5545.435833333333,3035.9748958333334,2509.4609374999995,131.46449999999996,180.45869739252996,14.367999999999995,-0.07699999999999818,0.8660254037844386,0.5000000000000001,0.7818314824680298,0.6234898018587336,0.49999999999999994,0.8660254037844387,0,0,355.75,0.006440206235501814,0.04825861357028535,0.038301400763374925,-21.356007546077777,0.0034353710519008846,NEUTRAL,0.04825861357028535,2026-02-03 04:00:00,2026-02-03,4,1_8,335.13,-20.620000000000005,0,0,0,-20.620000000000005
8904.285,8904.285,0.0,19986.0,21499.165,2481.385,2478.7525,2.6325,5413.669583333333,2904.2027083333337,2509.4668749999996,133.7071666666666,179.00508052194124,47.855999999999995,-5.968000000000018,0.9659258262890683,0.25881904510252074,0.7818314824680298,0.6234898018587336,0.49999999999999994,0.8660254037844387,0,0,359.03,0.0067166787659285535,0.07380319831030976,0.04584914442665423,-39.770916954351655,0.00978406956988292,NEUTRAL,0.07380319831030976,2026-02-03 05:00:00,2026-02-03,5,1_8,309.745,-49.28499999999997,0,0,0,-49.28499999999997
9581.795,9581.565,0.23,22182.0,20416.59,2538.745,2540.685,-1.94,5254.15875,2744.8608333333336,2509.297916666667,134.74708333333328,178.19879893654598,14.0,-10.95799999999997,1.0,6.123233995736766e-17,0.7818314824680298,0.6234898018587336,0.49999999999999994,0.8660254037844387,0,0,328.4,0.011850907811983802,0.1067911784489321,0.07058764972195963,-35.564896349704775,0.012660057308663654,NEUTRAL,0.1067911784489321,2026-02-03 06:00:00,2026-02-03,6,1_8,272.095,-56.30499999999995,0,0,0,-56.30499999999995
10372.1125,10359.2425,12.87,26587.5,17746.5275,2557.905,2555.3575,2.5475,5096.7178125,2587.4356249999996,2509.2821875,139.85462499999994,172.9138156669543,24.504999999999995,-98.076,0.9659258262890683,-0.25881904510252063,0.7818314824680298,0.6234898018587336,0.49999999999999994,0.8660254037844387,0,0,327.9,0.009874641355236868,0.1671064412026679,0.1018582290260801,-57.60541833658737,0.03208745484072675,NEUTRAL,0.1671064412026679,2026-02-03 07:00:00,2026-02-03,7,1_8,219.361,-108.53899999999999,0,1,0,-108.53899999999999
12659.98,11011.305,1648.675,27176.75,20551.4875,3006.0925,2266.8625,739.23,4950.814687499999,2438.216979166667,2512.5977083333332,140.13654166666663,172.7201538948957,29.60899999999998,22.84299999999996,0.8660254037844387,-0.4999999999999998,0.7818314824680298,0.6234898018587336,0.49999999999999994,0.8660254037844387,0,0,334.83,0.008204568194325086,0.1659510280410588,0.08843548364220057,-26.487279387829787,0.014651970814736999,NEUTRAL,0.1659510280410588,2026-02-03 08:00:00,2026-02-03,8,1_8,348.262,13.432000000000016,0,0,0,13.432000000000016
18618.045,11139.16,7478.885,24995.0,20027.72,6134.155,1837.57,4296.585,4872.844375,2311.4654166666664,2561.3789583333332,139.05124999999995,173.17296036477524,57.420000000000016,83.46699999999998,0.7071067811865476,-0.7071067811865475,0.7818314824680298,0.6234898018587336,0.49999999999999994,0.8660254037844387,0,1,363.995,0.009687978763208253,0.3141205261626517,0.1950522825307232,-131.81721591498908,0.1380216440683741,NEUTRAL,0.3141205261626517,2026-02-03 09:00:00,2026-02-03,9,9_16,238.652,-125.34300000000002,0,1,0,-125.34300000000002
23646.1125,10305.235,13340.8775,22419.5,13666.7975,10972.4725,1099.905,9872.5675,4949.348645833333,2214.815,2734.533645833333,133.69395833333328,171.1931110548855,133.06599999999997,261.641,0.49999999999999994,-0.8660254037844387,0.7818314824680298,0.6234898018587336,0.49999999999999994,0.8660254037844387,0,1,245.0,0.09121568079922741,0.8647641330476777,0.7542544070620792,-215.35234657084158,0.6207632842737228,DOWN,0.8647641330476777,2026-02-03 10:00:00,2026-02-03,10,9_16,-80.0,-325.0,0,1,1,-325.0
26250.4225,9275.02,16975.4025,20950.25,10461.435,15387.15,637.4125,14749.7375,5191.6609375,2141.5889583333333,3050.0719791666666,120.86624999999994,156.06207103536659,158.31400000000002,466.179,0.258819045102521,-0.9659258262890682,0.7818314824680298,0.6234898018587336,0.49999999999999994,0.8660254037844387,0,1,150.0,0.027523059552264337,0.8623497469862258,0.6094419890979883,-129.62038854188745,0.3725936975445097,DOWN,0.8623497469862258,2026-02-03 11:00:00,2026-02-03,11,9_16,-70.323,-220.32299999999998,0,1,1,-220.32299999999998
27540.13,9102.4375,18437.6925,20576.0,6397.7025,18264.0275,691.4075,17572.62,5510.967083333333,2085.2191666666668,3425.7479166666667,94.40770833333329,144.18827113564086,-145.301,489.704,1.2246467991473532e-16,-1.0,0.7818314824680298,0.6234898018587336,0.49999999999999994,0.8660254037844387,0,1,13.0,0.041080174432471916,0.07981097977456185,0.04637512921057819,-30.497322346912362,0.008113403923359052,NEUTRAL,0.07981097977456185,2026-02-03 12:00:00,2026-02-03,12,9_16,41.35,28.35,0,0,0,28.35
27650.64,9475.8475,18174.7925,20576.75,2573.835,16622.8625,908.005,15714.8575,5696.040937500001,2041.9573958333333,3654.0835416666664,68.70366666666662,124.9777457677498,-130.5,486.397,-0.2588190451025208,-0.9659258262890683,0.7818314824680298,0.6234898018587336,0.49999999999999994,0.8660254037844387,0,1,39.75,0.09845980295787927,0.5702266013993812,0.063693751083221,-6.714760996429495,0.012763117807343712,DOWN,0.5702266013993812,2026-02-03 13:00:00,2026-02-03,13,9_16,-21.193,-60.943,0,0,0,-60.943
26189.1925,9923.67,16265.5225,20801.25,6810.26,16118.835,1386.925,14731.91,5865.107187500001,2020.0182291666667,3845.0889583333333,45.14616666666662,104.83884297698769,-131.625,433.755,-0.4999999999999997,-0.8660254037844388,0.7818314824680298,0.6234898018587336,0.49999999999999994,0.8660254037844387,0,1,6.363,0.16106794724037546,0.00020633383581864181,0.11870154620258798,48.95549233391966,0.026283868854554592,NEUTRAL,0.16106794724037546,2026-02-03 14:00:00,2026-02-03,14,9_16,-39.912,-46.275,0,0,0,-46.275
22847.375,10257.585,12589.79,21976.5,11273.155,13413.48,1586.68,11826.8,6012.705729166667,2008.3168749999998,4004.388854166667,21.630666666666617,96.33799384218072,-213.95,350.422,-0.7071067811865471,-0.7071067811865479,0.7818314824680298,0.6234898018587336,0.49999999999999994,0.8660254037844387,0,1,130.0,0.35295443458386133,0.4243679686277216,0.6677269908582836,-82.92504214689058,0.18457096286513194,NEUTRAL,0.6677269908582836,2026-02-03 15:00:00,2026-02-03,15,9_16,-74.641,-204.64100000000002,0,1,1,-204.64100000000002
18319.7625,10521.9325,7797.83,24208.0,16033.225,11231.5,1808.7375,9422.7625,6198.019270833333,2003.9033333333334,4194.1159375,-0.5347083333333842,107.96582674261039,-306.79200000000003,225.17700000000002,-0.8660254037844385,-0.5000000000000004,0.7818314824680298,0.6234898018587336,0.49999999999999994,0.8660254037844387,0,1,270.25,0.24092060289776132,0.5215524400819342,0.6090792267420976,-140.97309371968717,0.2862126097140944,DOWN,0.6090792267420976,2026-02-03 16:00:00,2026-02-03,16,9_16,126.929,-143.321,0,1,0,-143.321
13980.4275,11176.91,2803.5175,26569.75,22442.5525,5048.235,1437.03,3611.205,6263.801770833335,1987.1683333333333,4276.6334375,-1.338958333333385,107.74963125266338,17.19799999999998,36.5,-0.9659258262890683,-0.25881904510252063,0.7818314824680298,0.6234898018587336,0.49999999999999994,0.8660254037844387,0,2,300.0,0.09484885924447113,0.06643104917702808,0.04705396049964968,18.088387473628856,0.005718876391485594,NEUTRAL,0.09484885924447113,2026-02-03 17:00:00,2026-02-03,17,17_24,326.403,26.40300000000002,0,0,0,26.40300000000002
12681.22,12520.4025,160.8175,28058.0,27206.1875,1190.5625,1046.315,144.2475,6233.4165625,1953.895104166667,4279.521458333334,-3.5265000000000506,107.0461774696759,4.413999999999987,56.914999999999964,-1.0,-1.8369701987210297e-16,0.7818314824680298,0.6234898018587336,0.49999999999999994,0.8660254037844387,0,2,374.5,0.022332786337373036,0.019094529700422747,0.013729112482530203,2.941301149584964,0.00021895816709183565,NEUTRAL,0.022332786337373036,2026-02-03 18:00:00,2026-02-03,18,17_24,344.043,-30.456999999999994,0,0,0,-30.456999999999994
14127.295,14127.2225,0.0725,27365.75,25857.9325,850.24,848.5125,1.7275,6185.855416666666,1906.3253125,4279.530104166667,-7.123625000000051,106.22276181268263,-25.098000000000013,61.233000000000004,-0.9659258262890684,0.2588190451025203,0.7818314824680298,0.6234898018587336,0.49999999999999994,0.8660254037844387,0,2,325.0,0.032517665236366476,0.03971218221579547,0.02537322650029542,-25.814852736080134,0.003417213785763802,NEUTRAL,0.03971218221579547,2026-02-03 19:00:00,2026-02-03,19,17_24,340.306,15.305999999999983,0,0,0,15.305999999999983
15519.55,15519.55,0.0,25900.25,24192.1175,957.72,955.2725,2.4475,6134.697187500001,1855.1576041666667,4279.539583333333,-10.811166666666717,105.675488339524,-38.149,50.351999999999975,-0.8660254037844386,0.5000000000000001,0.7818314824680298,0.6234898018587336,0.49999999999999994,0.8660254037844387,0,2,324.163,0.033776856542078154,0.08110137175457548,0.0532233887131102,-43.165752712024485,0.011669339192546575,NEUTRAL,0.08110137175457548,2026-02-03 20:00:00,2026-02-03,20,17_24,302.926,-21.237000000000023,0,0,0,-21.237000000000023
16480.495,16480.495,0.0,24885.0,22765.8775,1383.8725,1390.3725,-6.5,6093.408958333333,1814.2252083333333,4279.18375,-12.895833333333385,105.40611251464045,-23.80000000000001,26.232000000000028,-0.7071067811865477,0.7071067811865474,0.7818314824680298,0.6234898018587336,0.49999999999999994,0.8660254037844387,0,2,315.5,0.017050798690423676,0.06642954538135393,0.05667473094036703,-29.166994676508008,0.006458500655002658,NEUTRAL,0.06642954538135393,2026-02-03 21:00:00,2026-02-03,21,17_24,334.888,19.387999999999977,0,0,0,19.387999999999977
16996.635,16996.635,0.0,23487.25,21643.7425,2070.9575,2068.5075,2.45,6062.899479166666,1783.6952083333335,4279.204270833333,-15.79141666666672,104.89279978269903,-31.227000000000032,38.266999999999996,-0.5000000000000004,0.8660254037844384,0.7818314824680298,0.6234898018587336,0.49999999999999994,0.8660254037844387,0,2,300.0,0.01603410618438903,0.45401689538911294,0.06202372529270546,-47.63458888060851,0.07208969385570212,NEUTRAL,0.45401689538911294,2026-02-03 22:00:00,2026-02-03,22,17_24,366.828,66.82799999999997,0,0,0,66.82799999999997
17133.71,17133.71,0.0,21990.0,18048.2275,3033.52,3030.8425,2.6775,6070.987083333333,1791.7640625000001,4279.223020833333,-17.953958333333386,103.99734321626406,-1.3770000000000095,50.524,-0.25881904510252157,0.9659258262890681,0.7818314824680298,0.6234898018587336,0.49999999999999994,0.8660254037844387,0,2,222.75,0.01505093180753966,0.4480523094456907,0.15766109905720316,-45.605998686208316,0.0681129101197759,NEUTRAL,0.4480523094456907,2026-02-03 23:00:00,2026-02-03,23,17_24,298.828,76.07799999999997,0,0,0,76.07799999999997
16965.78,16965.78,0.0,20067.0,16464.275,3864.7875,3861.7375,3.05,6114.184375,1834.9328125,4279.251562500001,-21.361083333333386,102.0534391768283,-4.211999999999989,77.55899999999997,-2.4492935982947064e-16,1.0,0.7818314824680298,0.6234898018587336,0.49999999999999994,0.8660254037844387,0,2,216.0,0.03548371648808253,0.41737439781816166,0.3019678716328849,-57.2167725270238,0.07960271992855099,NEUTRAL,0.41737439781816166,2026-02-04 00:00:00,2026-02-03,24,17_24,103.542,-112.458,0,1,0,-112.458
16558.0825,16558.0825,0.0,19786.0,12847.51,4834.225,4831.1775,3.0475,6208.556666666666,1929.2835416666667,4279.273125000001,-20.200000000000053,102.53184101409126,33.54399999999998,5.677999999999997,0.25881904510252074,0.9659258262890683,0.9749279121818236,-0.22252093395631434,0.49999999999999994,0.8660254037844387,0,0,65.0,0.039827005621889094,0.16988632269874257,0.04179662023905387,7.790645394715767,0.0044117469918605184,NEUTRAL,0.16988632269874257,2026-02-04 01:00:00,2026-02-04,1,1_8,-85.069,-150.06900000000002,0,1,1,-150.06900000000002
15879.14,15879.14,0.0,19786.0,12196.9125,5912.965,5910.0175,2.9475,6355.4303125,2076.145,4279.2853125,-18.957333333333388,103.00623225580085,32.93099999999998,3.1070000000000277,0.49999999999999994,0.8660254037844387,0.9749279121818236,-0.22252093395631434,0.49999999999999994,0.8660254037844387,0,0,71.2,0.030714623314693795,0.11507102387448533,0.20842460509191385,13.88981061739507,0.009649927642440133,NEUTRAL,0.20842460509191385,2026-02-04 02:00:00,2026-02-04,2,1_8,97.306,26.105999999999995,0,0,0,26.105999999999995
15197.3525,15197.3525,0.0,19786.0,13712.6825,7211.7875,7208.685,3.1025,6556.9075,2277.6029166666667,4279.3045833333335,-20.00604166666672,102.61531290020335,4.661000000000001,29.829999999999984,0.7071067811865476,0.7071067811865476,0.9749279121818236,-0.22252093395631434,0.49999999999999994,0.8660254037844387,0,0,69.5,0.024361939816846406,0.049466618323117176,0.10770623662576002,12.778837642479264,0.0045878683697434695,NEUTRAL,0.10770623662576002,2026-02-04 03:00:00,2026-02-04,3,1_8,129.48,59.97999999999999,0,0,0,59.97999999999999
14594.3275,14594.3275,0.0,19786.0,13158.5975,8388.7025,8385.69,3.0125,6811.5077083333335,2532.1858333333334,4279.321875000001,-21.463875000000055,102.35393658422618,-20.620000000000005,14.367999999999995,0.8660254037844386,0.5000000000000001,0.9749279121818236,-0.22252093395631434,0.49999999999999994,0.8660254037844387,0,0,69.5,0.020911868311425053,0.07718665371472555,0.05705426547718217,0.2258661634243519,5.8112844473696864e-05,NEUTRAL,0.07718665371472555,2026-02-04 04:00:00,2026-02-04,4,1_8,-54.358,-123.858,0,1,0,-123.858
14018.9725,14018.9725,0.0,19786.0,13903.21,8915.43,8912.4125,3.0175,7079.592916666667,2800.2549999999997,4279.337916666666,-25.51141666666672,101.40987418046058,-49.28499999999997,47.855999999999995,0.9659258262890683,0.25881904510252074,0.9749279121818236,-0.22252093395631434,0.49999999999999994,0.8660254037844387,0,0,87.098,0.03542009644832723,0.06250596197757116,0.11591870748070635,22.76761663439284,0.008797308975583493,NEUTRAL,0.11591870748070635,2026-02-04 05:00:00,2026-02-04,5,1_8,123.694,36.596000000000004,0,0,0,36.596000000000004
13397.7975,13397.5675,0.23,22057.0,14165.56,9269.3775,9266.5775,2.8,7360.0359375,3080.500520833333,4279.535416666667,-28.440791666666716,101.23418446268047,-56.30499999999995,14.0,1.0,6.123233995736766e-17,0.9749279121818236,-0.22252093395631434,0.49999999999999994,0.8660254037844387,0,0,75.27,0.09020242535797166,0.08088175517754816,0.11783504011917759,16.116329451788364,0.006330227758417884,NEUTRAL,0.11783504011917759,2026-02-04 06:00:00,2026-02-04,6,1_8,9.236,-66.03399999999999,0,0,0,-66.03399999999999
12607.3325,12594.3175,13.015,26505.75,13535.93,10067.235,10061.9775,5.2575,7672.924687499999,3393.276354166667,4279.6483333333335,-33.984291666666714,101.84968017643156,-108.53899999999999,24.504999999999995,0.9659258262890683,-0.25881904510252063,0.9749279121818236,-0.22252093395631434,0.49999999999999994,0.8660254037844387,0,0,133.75,0.08019207230392453,0.07317103759713846,0.1683645355514714,10.416089602491606,0.0058456669606200325,NEUTRAL,0.1683645355514714,2026-02-04 07:00:00,2026-02-04,7,1_8,-80.0,-213.75,0,1,1,-213.75
12837.2675,11425.7425,1411.525,27151.75,18296.62,11965.4475,10770.2725,1195.175,8046.231145833332,3747.5851041666665,4298.646041666667,-34.65833333333338,101.46331808682454,13.432000000000016,29.60899999999998,0.8660254037844387,-0.4999999999999998,0.9749279121818236,-0.22252093395631434,0.49999999999999994,0.8660254037844387,0,0,283.0,0.01638894987188637,0.053700748915646794,0.04236855143223524,-9.15249189711648,0.0016383188977318129,NEUTRAL,0.053700748915646794,2026-02-04 08:00:00,2026-02-04,8,1_8,47.06,-235.94,0,1,1,-235.94
16380.53,9755.55,6624.98,24997.5,18876.14,17085.71,11094.5975,5991.1125,8502.5459375,4133.294583333333,4369.251354166666,-42.27345833333339,101.1099357144085,-125.34300000000002,57.420000000000016,0.7071067811865476,-0.7071067811865475,0.9749279121818236,-0.22252093395631434,0.49999999999999994,0.8660254037844387,0,1,300.0,0.028142385964906088,0.24101532510581286,0.2083886246040928,-86.05617247482559,0.06913618795460665,NEUTRAL,0.24101532510581286,2026-02-04 09:00:00,2026-02-04,9,9_16,404.122,104.12200000000001,1,0,0,104.12200000000001
19789.155,7394.405,12394.75,22428.25,13246.315,19608.7625,8770.895,10837.8675,8862.391354166666,4452.919166666667,4409.4721875000005,-61.35954166666672,109.46147330373351,-325.0,133.06599999999997,0.49999999999999994,-0.8660254037844387,0.9749279121818236,-0.22252093395631434,0.49999999999999994,0.8660254037844387,0,1,148.0,0.07814072748053237,0.3956416351359166,0.7098868484178208,-70.39587062937045,0.16657700914237475,NEUTRAL,0.7098868484178208,2026-02-04 10:00:00,2026-02-04,10,9_16,392.015,244.015,1,0,1,244.015
22026.1425,5328.1125,16698.03,20955.75,9407.89,21256.4875,7119.92,14136.5675,9106.947083333333,4723.023645833334,4383.923437500001,-77.13608333333337,103.55025222815324,-220.32299999999998,158.31400000000002,0.258819045102521,-0.9659258262890682,0.9749279121818236,-0.22252093395631434,0.49999999999999994,0.8660254037844387,0,1,50.0,0.18250375851474315,0.28312177496806,0.20800585512360203,9.240759223039635,0.008720867177598176,NEUTRAL,0.28312177496806,2026-02-04 11:00:00,2026-02-04,11,9_16,59.325,9.325000000000003,0,0,0,9.325000000000003
23097.4675,4110.975,18986.4925,20577.0,4872.615,24767.3225,8383.19,16384.1325,9377.917708333332,5043.514583333334,4334.403125,-69.90062500000005,104.64130705655921,28.35,-145.301,1.2246467991473532e-16,-1.0,0.9749279121818236,-0.22252093395631434,0.49999999999999994,0.8660254037844387,0,1,0.0,0.05302971416674129,0.00021740162982446132,0.04094032867256425,9.91515005002255,0.0017526585769101549,NEUTRAL,0.05302971416674129,2026-02-04 12:00:00,2026-02-04,12,9_16,15.56,15.56,0,0,0,15.56
22644.8625,3435.3925,19209.47,20580.5,935.145,25286.6075,9011.045,16275.5625,9738.907083333334,5381.14125,4357.765833333334,-67.00241666666672,103.85019235414266,-60.943,-130.5,-0.2588190451025208,-0.9659258262890683,0.9749279121818236,-0.22252093395631434,0.49999999999999994,0.8660254037844387,0,1,-7.84,0.013145781517389887,8.940630963685956e-05,0.014948388355092664,-32.935743830697845,0.0016411209651503956,NEUTRAL,0.014948388355092664,2026-02-04 13:00:00,2026-02-04,13,9_16,108.832,116.672,1,0,0,116.672
20557.5425,2977.585,17579.9575,20809.25,5467.7675,23803.055,9322.77,14480.285,10059.082916666666,5711.801458333332,4347.281458333334,-63.446166666666706,102.99891472271761,-46.275,-131.625,-0.4999999999999997,-0.8660254037844388,0.9749279121818236,-0.22252093395631434,0.49999999999999994,0.8660254037844387,0,1,-0.5,0.021279136858364408,0.0001262989553391008,0.052781762467084284,-9.222118488495878,0.0016225322250103193,NEUTRAL,0.052781762467084284,2026-02-04 14:00:00,2026-02-04,14,9_16,252.339,252.839,1,0,1,252.839
16670.4775,2621.685,14048.7925,21983.5,10267.135,20541.8575,9342.425,11199.4325,10356.098645833334,6034.9575,4321.141145833333,-63.05829166666672,102.42342301042173,-204.64100000000002,-213.95,-0.7071067811865471,-0.7071067811865479,0.9749279121818236,-0.22252093395631434,0.49999999999999994,0.8660254037844387,0,1,50.0,0.06453056942740867,0.18269815748860846,0.11959321900906153,-37.899639551275165,0.023080647718334547,NEUTRAL,0.18269815748860846,2026-02-04 15:00:00,2026-02-04,15,9_16,355.701,305.701,1,0,1,305.701
11335.145,2329.53,9005.615,24161.25,16714.965,16090.655,9344.5775,6746.0775,10558.563437499999,6348.950833333333,4209.612604166667,-56.24700000000005,90.21842033979752,-143.321,-306.79200000000003,-0.8660254037844385,-0.5000000000000004,0.9749279121818236,-0.22252093395631434,0.49999999999999994,0.8660254037844387,0,1,290.75,0.009610414900625317,0.21927343627797327,0.1442565804857368,-108.42827872059345,0.07925147088256791,NEUTRAL,0.21927343627797327,2026-02-04 16:00:00,2026-02-04,16,9_16,511.258,220.50799999999998,1,0,1,220.50799999999998
5558.67,2231.9175,3326.7525,26424.75,25837.8025,11892.45,9600.7775,2291.6725,10843.739062499999,6689.106979166667,4154.632083333333,-55.86345833333338,90.56313710477765,26.40300000000002,17.19799999999998,-0.9659258262890683,-0.25881904510252063,0.9749279121818236,-0.22252093395631434,0.49999999999999994,0.8660254037844387,0,2,362.5,0.012213207260368113,0.007029827442983186,0.018428167634484967,-8.439751003709635,0.0005184304876322464,NEUTRAL,0.018428167634484967,2026-02-04 17:00:00,2026-02-04,17,17_24,597.318,234.81799999999998,1,0,1,234.81799999999998
2616.1325,2403.515,212.6175,27865.5,33863.92,11055.03,10932.3875,122.6425,11254.758541666664,7101.026666666668,4153.731875,-57.316416666666704,89.83079056804189,-30.456999999999994,4.413999999999987,-1.0,-1.8369701987210297e-16,0.9749279121818236,-0.22252093395631434,0.49999999999999994,0.8660254037844387,0,2,500.0,0.020404434434186786,0.032196298053308085,0.02261196845635199,12.285266801809767,0.0013184670387182606,NEUTRAL,0.032196298053308085,2026-02-04 18:00:00,2026-02-04,18,17_24,566.111,66.11099999999999,0,0,0,66.11099999999999
2755.1925,2755.1075,0.085,27231.5,34352.185,13037.5225,13035.33,2.1925,11762.561979166667,7608.8107291666665,4153.75125,-55.63291666666671,90.83384266360159,15.305999999999983,-25.098000000000013,-0.9659258262890684,0.2588190451025203,0.9749279121818236,-0.22252093395631434,0.49999999999999994,0.8660254037844387,0,2,500.0,0.01665438952947407,0.018122575599591788,0.026243398091030396,34.056316969178134,0.0029791782791215183,NEUTRAL,0.026243398091030396,2026-02-04 19:00:00,2026-02-04,19,17_24,552.129,52.12900000000002,0,0,0,52.12900000000002
3161.3,3161.3,0.0,25828.5,33693.335,14511.1425,14508.365,2.7775,12327.287916666668,8173.522916666668,4153.765,-54.92825000000005,91.04073975746601,-21.237000000000023,-38.149,-0.8660254037844386,0.5000000000000001,0.9749279121818236,-0.22252093395631434,0.49999999999999994,0.8660254037844387,0,2,500.0,0.012078361233837676,0.03177371542241053,0.06648665486284969,17.688705919768026,0.003920209618193542,NEUTRAL,0.06648665486284969,2026-02-04 20:00:00,2026-02-04,20,17_24,561.596,61.596000000000004,0,0,0,61.596000000000004
3444.41,3444.41,0.0,24790.25,32740.39,15155.66,15152.9225,2.7375,12901.112395833334,8746.9625,4154.149895833333,-53.128750000000046,92.10339064204189,19.387999999999977,-23.80000000000001,-0.7071067811865477,0.7071067811865474,0.9749279121818236,-0.22252093395631434,0.49999999999999994,0.8660254037844387,0,2,487.5,0.014912514760124018,0.006074942117901798,0.0665971794782965,25.165494048578427,0.005586503079377267,NEUTRAL,0.0665971794782965,2026-02-04 21:00:00,2026-02-04,21,17_24,563.703,76.20299999999997,0,0,0,76.20299999999997
3594.695,3594.695,0.0,23405.0,32161.3525,15627.57,15624.7225,2.8475,13465.97125,9311.804791666667,4154.166458333334,-49.04312500000005,95.23862805939392,66.82799999999997,-31.227000000000032,-0.5000000000000004,0.8660254037844384,0.9749279121818236,-0.22252093395631434,0.49999999999999994,0.8660254037844387,0,2,490.5,0.06385838735596736,0.012972315486983165,0.0899065755683819,39.34846371010597,0.011792285420174584,NEUTRAL,0.0899065755683819,2026-02-04 22:00:00,2026-02-04,22,17_24,564.937,74.43700000000001,0,0,0,74.43700000000001
3587.8625,3587.8625,0.0,21792.0,28722.205,15852.495,15849.235,3.26,14000.095208333332,9845.904479166667,4154.190729166667,-45.81583333333339,98.1906709660003,76.07799999999997,-1.3770000000000095,-0.25881904510252157,0.9659258262890681,0.9749279121818236,-0.22252093395631434,0.49999999999999994,0.8660254037844387,0,2,443.175,0.07707894330094062,0.0033663378057878527,0.07468580562434605,41.237830339748704,0.010595227955370996,NEUTRAL,0.07707894330094062,2026-02-04 23:00:00,2026-02-04,23,17_24,583.393,140.21800000000002,1,0,0,140.21800000000002
3349.9875,3349.9875,0.0,19864.0,27055.5225,15608.66,15605.085,3.575,14489.423229166669,10335.210625,4154.212604166666,-50.32608333333339,98.68140739330227,-112.458,-4.211999999999989,-2.4492935982947064e-16,1.0,0.9749279121818236,-0.22252093395631434,0.49999999999999994,0.8660254037844387,0,2,453.875,0.04277337766063887,0.005545095969583323,0.04658786533695699,11.172365335052929,0.0017349888390824407,NEUTRAL,0.04658786533695699,2026-02-05 00:00:00,2026-02-04,24,17_24,548.425,94.54999999999995,0,0,0,94.54999999999995
2507.6575,2507.6575,0.0,19774.75,26369.0225,15008.7625,15005.1175,3.645,14913.362291666665,10759.124791666667,4154.2375,-57.97662500000005,99.01343418678925,-150.06900000000002,33.54399999999998,0.25881904510252074,0.9659258262890683,0.43388373911755823,-0.900968867902419,0.49999999999999994,0.8660254037844387,0,0,435.5,0.023407176231596414,0.007762654656049926,0.03142376618395849,13.44298174033845,0.0014080970500787294,NEUTRAL,0.03142376618395849,2026-02-05 01:00:00,2026-02-05,1,1_8,529.654,94.154,0,0,0,94.154
2254.93,2254.93,0.0,19775.0,25189.3225,14525.0775,14521.535,3.5425,15272.2003125,11117.938020833333,4154.262291666667,-58.26100000000005,98.75043954156287,26.105999999999995,32.93099999999998,0.49999999999999994,0.8660254037844387,0.43388373911755823,-0.900968867902419,0.49999999999999994,0.8660254037844387,0,0,447.875,0.060240106979860666,0.0045589120742260585,0.027550058039508017,43.182384388984396,0.008671038184126284,NEUTRAL,0.060240106979860666,2026-02-05 02:00:00,2026-02-05,2,1_8,514.808,66.93299999999999,0,0,0,66.93299999999999
2036.3925,2036.3925,0.0,19775.0,26595.47,14226.4825,14222.87,3.6125,15564.479270833333,11410.195729166668,4154.283541666667,-55.956041666666714,100.90507423121286,59.97999999999999,4.661000000000001,0.7071067811865476,0.7071067811865476,0.43388373911755823,-0.900968867902419,0.49999999999999994,0.8660254037844387,0,0,520.16,0.13113757271231444,0.01884870385254141,0.07592639070725883,61.57171244457017,0.026914549725738455,NEUTRAL,0.13113757271231444,2026-02-05 03:00:00,2026-02-05,3,1_8,542.683,22.523000000000025,0,0,0,22.523000000000025
1898.9825,1898.9825,0.0,19774.5,25159.2125,13452.1975,13448.765,3.4325,15775.458229166667,11621.1571875,4154.301041666667,-60.25762500000005,101.53177600132572,-123.858,-20.620000000000005,0.8660254037844386,0.5000000000000001,0.43388373911755823,-0.900968867902419,0.49999999999999994,0.8660254037844387,0,0,469.5,0.05195322293960307,0.006979513525797073,0.054330581384484745,30.181890060154515,0.005465998780835987,NEUTRAL,0.054330581384484745,2026-02-05 04:00:00,2026-02-05,4,1_8,523.626,54.125999999999976,0,0,0,54.125999999999976
1980.17,1980.17,0.0,19775.0,24932.54,12992.37,12988.805,3.565,15945.330729166666,11791.006875,4154.323854166667,-56.679250000000046,103.43093623629771,36.596000000000004,-49.28499999999997,0.9659258262890683,0.25881904510252074,0.43388373911755823,-0.900968867902419,0.49999999999999994,0.8660254037844387,0,0,497.0,0.03796593173420176,0.04035650291064679,0.046869479045206074,45.780665315739,0.007152386445638738,NEUTRAL,0.046869479045206074,2026-02-05 05:00:00,2026-02-05,5,1_8,518.266,21.265999999999963,0,0,0,21.265999999999963
2556.585,2556.355,0.23,22049.25,24046.3475,12705.7925,12702.44,3.3525,16088.514687500001,11934.167812500002,4154.346875,-57.08462500000005,103.4484695323816,-66.03399999999999,-56.30499999999995,1.0,6.123233995736766e-17,0.43388373911755823,-0.900968867902419,0.49999999999999994,0.8660254037844387,0,0,435.5,0.0298172084747092,0.011454272229526703,0.03315407163225153,25.29466391601034,0.002795403664617116,NEUTRAL,0.03315407163225153,2026-02-05 06:00:00,2026-02-05,6,1_8,458.473,22.973000000000013,0,0,0,22.973000000000013
4040.9525,4013.2125,27.74,26505.75,21639.7325,10312.075,10308.8175,3.2575,16098.716354166667,11944.4528125,4154.263541666666,-61.46841666666672,107.85895347524492,-213.75,-108.53899999999999,0.9659258262890683,-0.25881904510252063,0.43388373911755823,-0.900968867902419,0.49999999999999994,0.8660254037844387,0,0,400.908,0.00953300169111879,0.02527093758304572,0.05966770739095704,-23.391715761716068,0.004652433504808373,NEUTRAL,0.05966770739095704,2026-02-05 07:00:00,2026-02-05,7,1_8,433.025,32.11699999999996,0,0,0,32.11699999999996
7607.63,6175.98,1431.65,27151.75,22411.0425,10556.84,9760.14,796.7,16040.024374999999,11902.363958333335,4137.660416666667,-71.85891666666672,112.2518324897049,-235.94,13.432000000000016,0.8660254037844387,-0.4999999999999998,0.43388373911755823,-0.900968867902419,0.49999999999999994,0.8660254037844387,0,0,394.75,0.015067912859710725,0.027382314032332707,0.030747516992829717,-14.320111723978746,0.0014676929285741885,NEUTRAL,0.030747516992829717,2026-02-05 08:00:00,2026-02-05,8,1_8,542.76,148.01,1,0,0,148.01
14780.7075,8503.7075,6277.0,24995.0,19608.2925,12565.42,8019.9325,4545.4875,15851.678958333332,11774.252916666666,4077.426041666667,-62.297875000000055,117.16315474262481,104.12200000000001,-125.34300000000002,0.7071067811865476,-0.7071067811865475,0.43388373911755823,-0.900968867902419,0.49999999999999994,0.8660254037844387,0,1,345.958,0.015178077679086995,0.10400091742165345,0.18095689212051766,-26.107724579034997,0.01574790900053541,NEUTRAL,0.18095689212051766,2026-02-05 09:00:00,2026-02-05,9,9_16,258.098,-87.86000000000001,0,0,0,-87.86000000000001
22513.0475,10907.565,11605.4825,22569.5,10203.7075,15391.265,5388.49,10002.775,15675.949895833333,11633.319375000001,4042.630520833333,-38.58891666666671,119.24584197615098,244.015,-325.0,0.49999999999999994,-0.8660254037844387,0.43388373911755823,-0.900968867902419,0.49999999999999994,0.8660254037844387,0,1,154.558,0.05449191671975756,0.4357921100913483,0.823639236101744,-6.482269033828802,0.01779683705076248,NEUTRAL,0.823639236101744,2026-02-05 10:00:00,2026-02-05,10,9_16,-80.0,-234.558,0,1,1,-234.558
29044.045,13527.315,15516.73,21350.5,1432.3525,17695.28,3450.265,14245.015,15527.566250000002,11480.417083333334,4047.1491666666666,-29.020250000000058,113.08349555902296,9.325000000000003,-220.32299999999998,0.258819045102521,-0.9659258262890682,0.43388373911755823,-0.900968867902419,0.49999999999999994,0.8660254037844387,0,1,3.395,0.04171877036798122,0.00021327963436827213,0.08168002969050044,24.105043442547256,0.006563002213593542,NEUTRAL,0.08168002969050044,2026-02-05 11:00:00,2026-02-05,11,9_16,-75.602,-78.997,0,0,0,-78.997
33471.2625,15850.4675,17620.795,20976.0,-6078.37,18077.3875,2753.3125,15324.075,15248.818958333335,11245.838854166666,4002.980104166667,-29.553166666666716,112.83123360390708,15.56,28.35,1.2246467991473532e-16,-1.0,0.43388373911755823,-0.900968867902419,0.49999999999999994,0.8660254037844387,0,1,-50.0,0.003642486852411474,0.0001140033806406251,0.0021356436986353913,13.210621811613956,0.0001603983875366136,NEUTRAL,0.003642486852411474,2026-02-05 12:00:00,2026-02-05,12,9_16,100.388,150.388,1,0,1,150.388
35547.81,17566.375,17981.435,20977.0,-11592.13,17441.4275,2289.5275,15151.9,14921.936458333335,10965.775625,3956.1608333333334,-22.152541666666718,116.44973221952011,116.672,-60.943,-0.2588190451025208,-0.9659258262890683,0.43388373911755823,-0.900968867902419,0.49999999999999994,0.8660254037844387,0,1,-50.0,0.0005428654196483117,0.000147976304194918,0.001088073734935699,1.7421343133102574,6.31856863014377e-06,NEUTRAL,0.001088073734935699,2026-02-05 13:00:00,2026-02-05,13,9_16,-58.771,-8.771,0,0,0,-8.771
35310.195,18746.695,16563.5,21201.25,-8761.6975,16245.1225,2123.38,14121.7425,14607.022604166668,10665.801041666668,3941.2215625000003,-9.689458333333386,129.07749532168535,252.839,-46.275,-0.4999999999999997,-0.8660254037844388,0.43388373911755823,-0.900968867902419,0.49999999999999994,0.8660254037844387,0,1,-50.0,0.0009315935867110563,0.00019410578333598874,0.0021363876097970497,18.04540616605665,0.0001285066071563957,NEUTRAL,0.0021363876097970497,2026-02-05 14:00:00,2026-02-05,14,9_16,-80.0,-30.0,0,0,0,-30.0
32981.33,19605.9425,13375.3875,22376.5,-5404.035,13405.7175,1922.96,11482.7575,14309.683437499998,10356.656666666666,3953.0267708333336,11.574791666666615,137.33741266485347,305.701,-204.64100000000002,-0.7071067811865471,-0.7071067811865479,0.43388373911755823,-0.900968867902419,0.49999999999999994,0.8660254037844387,0,1,-50.0,0.0015042336896231754,0.00018203655356648766,0.007863866092925652,7.6526250322284755,0.0002005973950427186,NEUTRAL,0.007863866092925652,2026-02-05 15:00:00,2026-02-05,15,9_16,-80.0,-30.0,0,0,0,-30.0
28926.5275,20229.805,8696.7225,24554.75,-99.42,7914.3375,1510.505,6403.8325,13969.003541666667,10030.236979166666,3938.7665625000004,26.73433333333328,139.55844832672133,220.50799999999998,-143.321,-0.8660254037844385,-0.5000000000000004,0.43388373911755823,-0.900968867902419,0.49999999999999994,0.8660254037844387,0,1,29.375,0.030581837108752376,0.35942945760672923,0.08396242304998444,0.6808861785219859,0.0008157684994602532,NEUTRAL,0.35942945760672923,2026-02-05 16:00:00,2026-02-05,16,9_16,-80.0,-109.375,0,1,0,-109.375
23854.625,20536.4175,3318.2075,26821.0,8550.9975,3464.2525,1466.5075,1997.745,13617.828645833333,9691.3090625,3926.5195833333332,35.41829166666661,145.87810975947704,234.81799999999998,26.40300000000002,-0.9659258262890683,-0.25881904510252063,0.43388373911755823,-0.900968867902419,0.49999999999999994,0.8660254037844387,0,2,193.0,0.4834356060113798,0.14883471808424775,0.3194803506749848,65.1417878793566,0.10497286566707172,NEUTRAL,0.4834356060113798,2026-02-05 17:00:00,2026-02-05,17,17_24,-80.0,-273.0,0,1,1,-273.0
20902.075,20671.165,230.91,28114.75,16660.3825,1763.6975,1659.445,104.2525,13230.68979166667,9304.936458333334,3925.7533333333336,39.441958333333275,145.3128046829464,66.11099999999999,-30.456999999999994,-1.0,-1.8369701987210297e-16,0.43388373911755823,-0.900968867902419,0.49999999999999994,0.8660254037844387,0,2,225.0,0.045943506591938216,0.07106192595707254,0.4067241051152598,-72.41703199404309,0.09817917510960104,NEUTRAL,0.4067241051152598,2026-02-05 18:00:00,2026-02-05,18,17_24,104.184,-120.816,0,1,0,-120.816
20667.58,20667.4025,0.1775,27226.5,17765.9275,1928.31,1926.075,2.235,12767.805937500001,8842.050833333333,3925.7551041666666,40.97624999999994,145.24126510149404,52.12900000000002,15.305999999999983,-0.9659258262890684,0.2588190451025203,0.43388373911755823,-0.900968867902419,0.49999999999999994,0.8660254037844387,0,2,205.0,0.02854603915694638,0.039807286624582605,0.09721545390239766,-57.2958854152967,0.01856681835795945,NEUTRAL,0.09721545390239766,2026-02-05 19:00:00,2026-02-05,19,17_24,275.46,70.45999999999998,0,0,0,70.45999999999998
20370.96,20370.96,0.0,25826.25,17787.38,2209.1,2206.4075,2.6925,12255.220833333333,8329.469270833333,3925.7515625,44.42762499999995,144.68171587550106,61.596000000000004,-21.237000000000023,-0.8660254037844386,0.5000000000000001,0.43388373911755823,-0.900968867902419,0.49999999999999994,0.8660254037844387,0,2,190.0,0.03281160485793329,0.17469467414313442,0.18088144226166952,-115.46716091738831,0.06961955533532493,NEUTRAL,0.18088144226166952,2026-02-05 20:00:00,2026-02-05,20,17_24,291.964,101.964,1,0,0,101.964
19837.19,19837.19,0.0,24789.0,18283.87,2711.1675,2708.5275,2.64,11736.7003125,7810.9528125,3925.7475,46.794916666666616,144.7190034184433,76.20299999999997,19.387999999999977,-0.7071067811865477,0.7071067811865474,0.43388373911755823,-0.900968867902419,0.49999999999999994,0.8660254037844387,0,2,150.0,0.07825390391844485,0.15601184304615429,0.1306577491262773,-69.1020417651784,0.0359357896467927,NEUTRAL,0.15601184304615429,2026-02-05 21:00:00,2026-02-05,21,17_24,317.765,167.765,1,0,1,167.765
19098.17,19098.17,0.0,23401.25,18943.355,2942.025,2939.4475,2.5775,11208.135937500001,7282.3996875,3925.73625,47.111958333333284,144.77312338140234,74.43700000000001,66.82799999999997,-0.5000000000000004,0.8660254037844384,0.43388373911755823,-0.900968867902419,0.49999999999999994,0.8660254037844387,0,2,237.47,0.04822051369479732,0.41636669416700184,0.12159839626252657,-91.88662826277475,0.1275284388264124,NEUTRAL,0.41636669416700184,2026-02-05 22:00:00,2026-02-05,22,17_24,335.145,97.67499999999998,0,0,0,97.67499999999998
18317.41,18317.41,0.0,21787.25,16463.59,2913.03,2909.9825,3.0475,10668.991562500001,6743.264166666667,3925.7273958333335,49.78445833333328,145.91856068547207,140.21800000000002,76.07799999999997,-0.25881904510252157,0.9659258262890681,0.43388373911755823,-0.900968867902419,0.49999999999999994,0.8660254037844387,0,2,150.0,0.09658512101502285,0.44389493025426063,0.20446459116195484,-60.72263105458412,0.08984822692276606,NEUTRAL,0.44389493025426063,2026-02-05 23:00:00,2026-02-05,23,17_24,352.038,202.038,1,0,1,202.038
17828.3275,17828.3275,0.0,19868.25,14783.4825,2731.3925,2727.9725,3.42,10132.43875,6206.7178125,3925.7209375,58.40979166666662,141.97627351380805,94.54999999999995,-112.458,-2.4492935982947064e-16,1.0,0.43388373911755823,-0.900968867902419,0.49999999999999994,0.8660254037844387,0,2,107.5,0.086149952156092,0.3132419038682434,0.267069543797596,-42.06062020044076,0.043917162498217206,NEUTRAL,0.3132419038682434,2026-02-06 00:00:00,2026-02-05,24,17_24,335.166,227.666,1,0,1,227.666
16714.6975,16714.6975,0.0,20026.0,12220.895,2598.9875,2595.5525,3.435,9615.364791666667,5689.652604166667,3925.7121875,68.58574999999995,134.9631302829064,94.154,-150.06900000000002,0.25881904510252074,0.9659258262890683,-0.433883739117558,-0.9009688679024191,0.49999999999999994,0.8660254037844387,0,0,0.0,0.19130572951232686,0.00013723251713527958,0.06582681139077337,8.732229449911236,0.005568418417280978,NEUTRAL,0.19130572951232686,2026-02-06 01:00:00,2026-02-06,1,1_8,306.237,306.237,1,0,1,306.237
16828.7975,16828.7975,0.0,20026.0,10777.255,2318.75,2315.38,3.37,9106.7678125,5181.0628125,3925.705,70.28687499999995,134.6613822365312,66.93299999999999,26.105999999999995,0.49999999999999994,0.8660254037844387,-0.433883739117558,-0.9009688679024191,0.49999999999999994,0.8660254037844387,0,0,0.125,0.2456425179683812,0.00012593405626121099,0.06547278072830945,8.895744092440777,0.007283909926898349,NEUTRAL,0.2456425179683812,2026-02-06 02:00:00,2026-02-06,2,1_8,215.634,215.509,1,0,1,215.509
17106.075,17106.075,0.0,20026.0,11833.96,2055.815,2052.43,3.385,8599.656666666668,4673.961145833334,3925.6955208333334,68.72616666666663,135.00265980396395,22.523000000000025,59.97999999999999,0.7071067811865476,0.7071067811865476,-0.433883739117558,-0.9009688679024191,0.49999999999999994,0.8660254037844387,0,0,100.0,0.06225534802507786,0.08856496102003011,0.11730817619084988,-17.07981104265755,0.006678671610328318,NEUTRAL,0.11730817619084988,2026-02-06 03:00:00,2026-02-06,3,1_8,-7.566,-107.566,0,1,0,-107.566
17383.13,17383.13,0.0,20027.5,10398.295,2066.1025,2062.9575,3.145,8125.236041666667,4199.552500000001,3925.6835416666668,76.14216666666663,128.705273669414,54.125999999999976,-123.858,0.8660254037844386,0.5000000000000001,-0.433883739117558,-0.9009688679024191,0.49999999999999994,0.8660254037844387,0,0,62.5,0.058198258713074734,0.13630675140783774,0.02510378715029979,3.223254788194389,0.0014645046304617843,NEUTRAL,0.13630675140783774,2026-02-06 04:00:00,2026-02-06,4,1_8,224.084,161.584,1,0,1,161.584
17487.7725,17487.7725,0.0,20027.25,10104.8525,2160.1575,2156.8475,3.31,7673.893854166666,3748.2209374999998,3925.6729166666664,75.50341666666661,128.9478819809925,21.265999999999963,36.596000000000004,0.9659258262890683,0.25881904510252074,-0.433883739117558,-0.9009688679024191,0.49999999999999994,0.8660254037844387,0,0,17.5,0.1413878968430815,0.0032434181724139413,0.035837413321256326,51.682107209003114,0.024357414808998706,NEUTRAL,0.1413878968430815,2026-02-06 05:00:00,2026-02-06,5,1_8,235.456,217.956,1,0,1,217.956
17324.855,17324.7525,0.1025,22298.0,9378.8875,2025.5775,2022.4775,3.1,7228.884895833333,3303.2225,3925.6623958333334,79.21204166666662,125.94517525718611,22.973000000000013,-66.03399999999999,1.0,6.123233995736766e-17,-0.433883739117558,-0.9009688679024191,0.49999999999999994,0.8660254037844387,0,0,21.875,0.25944522717436364,0.20510915015672235,0.057494968837908306,51.09593443820753,0.044188654393357146,NEUTRAL,0.25944522717436364,2026-02-06 06:00:00,2026-02-06,6,1_8,81.135,59.260000000000005,0,0,0,59.260000000000005
16880.165,16869.23,10.935,26746.75,9278.8775,2011.035,2006.46,4.575,6883.008229166667,2957.2909375,3925.7172916666664,89.45649999999995,110.07955932711627,32.11699999999996,-213.75,0.9659258262890683,-0.25881904510252063,-0.433883739117558,-0.9009688679024191,0.49999999999999994,0.8660254037844387,0,0,20.705,0.14024228792825597,0.27211415043277015,0.040185369816300484,39.69629479723362,0.03600641178026007,NEUTRAL,0.27211415043277015,2026-02-06 07:00:00,2026-02-06,7,1_8,-43.791,-64.496,0,0,0,-64.496
17457.27,16207.06,1250.21,27397.25,14629.6275,4528.545,3458.2675,1070.2775,6631.829270833333,2694.712916666667,3937.1163541666665,105.4544166666666,85.99948074257611,148.01,-235.94,0.8660254037844387,-0.4999999999999998,-0.433883739117558,-0.9009688679024191,0.49999999999999994,0.8660254037844387,0,0,153.358,0.03557066477031186,0.2865191638070018,0.06387096099762,-9.716947938103758,0.009280305993272196,NEUTRAL,0.2865191638070018,2026-02-06 08:00:00,2026-02-06,8,1_8,313.907,160.54899999999998,1,0,1,160.54899999999998
20544.0825,15391.655,5152.4275,25386.0,18634.82,11831.5525,6684.91,5146.6425,6601.251458333333,2639.086979166667,3962.1644791666663,97.45516666666661,94.62487083842365,-87.86000000000001,104.12200000000001,0.7071067811865476,-0.7071067811865475,-0.433883739117558,-0.9009688679024191,0.49999999999999994,0.8660254037844387,0,1,321.25,0.03998476978147787,0.3396567150938122,0.12221497595313774,-110.61353339668135,0.1252354313281216,NEUTRAL,0.3396567150938122,2026-02-06 09:00:00,2026-02-06,9,9_16,238.346,-82.904,0,0,0,-82.904
23651.455,14355.65,9295.805,22995.5,17284.55,17058.0,8047.9275,9010.0725,6670.6987500000005,2749.896875,3920.8018750000006,77.51462499999995,111.34530610625964,-234.558,244.015,0.49999999999999994,-0.8660254037844387,-0.433883739117558,-0.9009688679024191,0.49999999999999994,0.8660254037844387,0,1,275.5,0.07093917605379223,0.6458735214296997,0.4288309431137121,-184.2527583077594,0.39667992613789305,DOWN,0.6458735214296997,2026-02-06 10:00:00,2026-02-06,10,9_16,6.56,-268.94,0,1,1,-268.94
25177.5175,13054.965,12122.5525,21494.0,16499.32,17979.48,8746.7275,9232.7525,6682.540416666667,2970.5828125000003,3711.9576041666674,73.83454166666661,115.09351715508801,-78.997,9.325000000000003,0.258819045102521,-0.9659258262890682,-0.433883739117558,-0.9009688679024191,0.49999999999999994,0.8660254037844387,0,1,200.0,0.03890714932733815,0.671452906253216,0.7322612366164012,-140.37152566836065,0.34262875657214886,DOWN,0.7322612366164012,2026-02-06 11:00:00,2026-02-06,11,9_16,-35.989,-235.989,0,1,1,-235.989
25058.0925,11647.6575,13410.435,21121.0,14484.3525,23022.015,13356.8925,9665.1225,6888.5665625,3412.3986458333334,3476.1679166666668,79.45237499999995,115.41550182966027,150.388,15.56,1.2246467991473532e-16,-1.0,-0.433883739117558,-0.9009688679024191,0.49999999999999994,0.8660254037844387,0,1,200.0,0.049261574733268275,0.42124225881736027,0.6092434184532536,-144.26157905579922,0.29296805858473135,NEUTRAL,0.6092434184532536,2026-02-06 12:00:00,2026-02-06,12,9_16,33.697,-166.303,0,1,1,-166.303
23531.15,10323.53,13207.62,21121.0,12139.455,25950.5225,14468.91,11481.6125,7243.1121875,3919.8729166666667,3323.239270833333,74.22558333333328,116.4920923652968,-8.771,116.672,-0.2588190451025208,-0.9659258262890683,-0.433883739117558,-0.9009688679024191,0.49999999999999994,0.8660254037844387,0,1,200.0,0.07338648644748547,0.5580591896268614,0.5794331207213255,-217.34631320362863,0.41979217512284384,DOWN,0.5794331207213255,2026-02-06 13:00:00,2026-02-06,13,9_16,-22.416,-222.416,0,1,1,-222.416
20876.675,9383.4225,11493.2525,21344.25,17622.1125,25011.2425,13806.675,11204.5675,7608.3671875,4406.676875,3201.6903125000003,62.44062499999995,111.85128873363459,-30.0,252.839,-0.4999999999999997,-0.8660254037844388,-0.433883739117558,-0.9009688679024191,0.49999999999999994,0.8660254037844387,0,1,207.56,0.09826625210055878,0.4771300379838267,0.5509177144867652,-162.75489631618132,0.29888185166680353,NEUTRAL,0.5509177144867652,2026-02-06 14:00:00,2026-02-06,14,9_16,318.202,110.642,1,0,0,110.642
17426.375,8777.415,8648.96,22519.5,21369.7675,20479.5725,12780.41,7699.1625,7903.111145833333,4859.070625,3044.0405208333336,48.453083333333275,100.52479157376625,-30.0,305.701,-0.7071067811865471,-0.7071067811865479,-0.433883739117558,-0.9009688679024191,0.49999999999999994,0.8660254037844387,0,1,329.513,0.011703189353345607,0.3215854295293599,0.20415795563857458,-105.846628592045,0.11346244506669138,NEUTRAL,0.3215854295293599,2026-02-06 15:00:00,2026-02-06,15,9_16,393.672,64.15900000000005,0,0,0,64.15900000000005
13608.8775,8236.4125,5372.465,24702.5,23952.8275,19945.8575,14685.0425,5260.815,8404.424479166666,5408.0096875,2996.4147916666666,34.70795833333328,98.50908191434296,-109.375,220.50799999999998,-0.8660254037844385,-0.5000000000000004,-0.433883739117558,-0.9009688679024191,0.49999999999999994,0.8660254037844387,0,1,408.0,0.052584182219359094,0.08384270766434654,0.09354279621354525,-47.23187803039945,0.014727339804602268,NEUTRAL,0.09354279621354525,2026-02-06 16:00:00,2026-02-06,16,9_16,449.486,41.48599999999999,0,0,0,41.48599999999999
9651.7975,7565.11,2086.6875,26839.75,28472.29,19575.065,17579.8425,1995.2225,9075.708333333332,6079.398645833334,2996.3096874999997,13.548874999999951,107.76143085066896,-273.0,234.81799999999998,-0.9659258262890683,-0.25881904510252063,-0.433883739117558,-0.9009688679024191,0.49999999999999994,0.8660254037844387,0,2,450.25,0.1391558397886666,0.04008436485069856,0.058204723419137794,-24.94548703045701,0.011571033988868456,NEUTRAL,0.1391558397886666,2026-02-06 17:00:00,2026-02-06,17,17_24,484.098,33.84800000000001,0,0,0,33.84800000000001
6934.9625,6765.8225,169.14,28219.5,34433.0675,20654.9875,20542.3925,112.595,9862.845416666667,6866.188125,2996.6572916666664,5.760249999999949,110.51722979197,-120.816,66.11099999999999,-1.0,-1.8369701987210297e-16,-0.433883739117558,-0.9009688679024191,0.49999999999999994,0.8660254037844387,0,2,500.0,0.05852435537024148,0.06253059025041817,0.070903646625903,-31.99633593205384,0.007562189654166759,NEUTRAL,0.070903646625903,2026-02-06 18:00:00,2026-02-06,18,17_24,557.422,57.422000000000025,0,0,0,57.422000000000025
6047.5375,6047.525,0.0125,27619.5,35108.625,20968.4775,20967.0375,1.44,10656.185729166667,7659.5615625,2996.6241666666665,6.524041666666613,110.91425036230812,70.45999999999998,52.12900000000002,-0.9659258262890684,0.2588190451025203,-0.433883739117558,-0.9009688679024191,0.49999999999999994,0.8660254037844387,0,2,488.0,0.03659926599478664,0.018844220667315035,0.03247808339541708,12.22123817773953,0.0014909611561757688,NEUTRAL,0.03659926599478664,2026-02-06 19:00:00,2026-02-06,19,17_24,607.192,119.19200000000001,1,0,0,119.19200000000001
5495.11,5495.11,0.0,26212.25,35379.67,19925.9325,19924.04,1.8925,11394.387083333333,8397.79625,2996.590833333333,8.206041666666612,112.08562285048248,101.964,61.596000000000004,-0.8660254037844386,0.5000000000000001,-0.433883739117558,-0.9009688679024191,0.49999999999999994,0.8660254037844387,0,2,491.375,0.05569753092047002,0.031246718349784354,0.030140112003481868,11.385738526068497,0.002113858412026956,NEUTRAL,0.05569753092047002,2026-02-06 20:00:00,2026-02-06,20,17_24,700.547,209.17200000000003,1,0,1,209.17200000000003
5072.6325,5072.6325,0.0,25175.0,35497.4175,18478.6625,18476.79,1.8725,12051.366041666668,9054.8071875,2996.558854166666,12.021124999999946,115.99090214072088,167.765,76.20299999999997,-0.7071067811865477,0.7071067811865474,-0.433883739117558,-0.9009688679024191,0.49999999999999994,0.8660254037844387,0,2,501.0,0.07691562301943149,0.06413839044904153,0.08422838278937507,17.48633911419796,0.004909486881651625,NEUTRAL,0.08422838278937507,2026-02-06 21:00:00,2026-02-06,21,17_24,470.133,-30.86700000000002,0,0,0,-30.86700000000002
4704.765,4704.765,0.0,23746.25,35047.12,17275.98,17274.005,1.975,12648.614166666666,9652.080416666666,2996.53375,12.989374999999946,116.62981205574079,97.67499999999998,74.43700000000001,-0.5000000000000004,0.8660254037844384,-0.433883739117558,-0.9009688679024191,0.49999999999999994,0.8660254037844387,0,2,476.5,0.06437379663998716,0.016699881757602057,0.04776553691603001,33.143845540404634,0.007111983908950511,NEUTRAL,0.06437379663998716,2026-02-06 22:00:00,2026-02-06,22,17_24,459.784,-16.716000000000008,0,0,0,-16.716000000000008
4367.32,4367.32,0.0,22031.0,31973.7475,16399.955,16397.625,2.33,13210.569375,10214.065520833334,2996.5038541666668,15.56520833333328,120.1902155393246,202.038,140.21800000000002,-0.25881904510252157,0.9659258262890681,-0.433883739117558,-0.9009688679024191,0.49999999999999994,0.8660254037844387,0,2,460.0,0.1299112414208291,0.014734072080572608,0.05855846545024038,37.9942363318772,0.016452928029035117,NEUTRAL,0.1299112414208291,2026-02-06 23:00:00,2026-02-06,23,17_24,449.819,-10.180999999999983,0,0,0,-10.180999999999983
3988.6175,3988.6175,0.0,19871.25,30679.6425,16010.6475,16007.8725,2.775,13763.871666666666,10767.3946875,2996.4769791666663,21.11170833333328,126.87903218333838,227.666,94.54999999999995,-2.4492935982947064e-16,1.0,-0.433883739117558,-0.9009688679024191,0.49999999999999994,0.8660254037844387,0,2,460.0,0.09746807118919114,0.008600847000589277,0.04855151296938223,41.436542646921076,0.013462466295146861,NEUTRAL,0.09746807118919114,2026-02-07 00:00:00,2026-02-06,24,17_24,439.867,-20.13299999999998,0,0,0,-20.13299999999998
3860.8925,3860.8925,0.0,19575.5,27725.2,16061.78,16059.03,2.75,14324.821354166668,11328.372916666667,2996.4484374999997,29.94849999999995,138.99448923514547,306.237,94.154,0.25881904510252074,0.9659258262890683,-0.9749279121818236,-0.2225209339563146,0.49999999999999994,0.8660254037844387,1,0,430.5,0.037574375615013055,0.007541183970792011,0.017941427835323764,35.0469540461448,0.00438955805163982,NEUTRAL,0.037574375615013055,2026-02-07 01:00:00,2026-02-07,1,1_8,426.331,-4.168999999999983,0,0,0,-4.168999999999983
3661.7525,3661.7525,0.0,19575.75,26707.26,16306.565,16303.875,2.69,14907.646979166668,11911.226875,2996.420104166667,36.13916666666662,143.9342884938531,215.509,66.93299999999999,0.49999999999999994,0.8660254037844387,-0.9749279121818236,-0.2225209339563146,0.49999999999999994,0.8660254037844387,1,0,431.0,0.0399410885911761,0.005646075701356745,0.022664840911916014,27.66253769504769,0.0036829062291154936,NEUTRAL,0.0399410885911761,2026-02-07 02:00:00,2026-02-07,2,1_8,413.804,-17.196000000000026,0,0,0,-17.196000000000026
3483.4575,3483.4575,0.0,19573.0,28109.5775,16565.565,16562.8925,2.6725,15512.219895833334,12515.829479166665,2996.3904166666666,30.718791666666615,146.88852177401253,-107.566,22.523000000000025,0.7071067811865476,0.7071067811865476,-0.9749279121818236,-0.2225209339563146,0.49999999999999994,0.8660254037844387,1,0,433.13,0.025927624646469916,0.006053264615042354,0.0265278525447171,9.000447525691467,0.0007958751493266904,NEUTRAL,0.0265278525447171,2026-02-07 03:00:00,2026-02-07,3,1_8,425.447,-7.682999999999993,0,0,0,-7.682999999999993
3335.48,3335.48,0.0,19565.0,27108.445,17941.705,17939.145,2.56,16173.703333333333,13177.337291666665,2996.3660416666667,35.19620833333328,149.25177752578605,161.584,54.125999999999976,0.8660254037844386,0.5000000000000001,-0.9749279121818236,-0.2225209339563146,0.49999999999999994,0.8660254037844387,1,0,435.0,0.026179676521030076,0.0020772800063046095,0.02353195075295054,34.66021891395139,0.0030246443977177857,NEUTRAL,0.026179676521030076,2026-02-07 04:00:00,2026-02-07,4,1_8,406.976,-28.024,0,0,0,-28.024
3176.7625,3176.7625,0.0,19533.75,27159.8125,18345.395,18347.3275,-1.9325,16848.088229166668,13851.940625000001,2996.147604166667,43.39162499999995,153.7848971237906,217.956,21.265999999999963,0.9659258262890683,0.25881904510252074,-0.9749279121818236,-0.2225209339563146,0.49999999999999994,0.8660254037844387,1,0,430.0,0.028640243543752223,0.003273652989798192,0.011084114409293452,32.57178943902219,0.0031095466072980403,NEUTRAL,0.028640243543752223,2026-02-07 05:00:00,2026-02-07,5,1_8,403.547,-26.452999999999975,0,0,0,-26.452999999999975
3059.73,3059.6275,0.1025,21705.75,26364.4975,18071.4775,18069.1375,2.34,17516.667395833334,14520.551458333335,2996.1159375,44.90358333333328,153.7537975584499,59.260000000000005,22.973000000000013,1.0,6.123233995736766e-17,-0.9749279121818236,-0.2225209339563146,0.49999999999999994,0.8660254037844387,1,0,430.0,0.028614015569729756,0.00511870779022824,0.024724579992320073,31.205527894100655,0.002976384870078108,NEUTRAL,0.028614015569729756,2026-02-07 06:00:00,2026-02-07,6,1_8,399.842,-30.158000000000015,0,0,0,-30.158000000000015
3113.33,3084.785,28.545,26039.25,24079.9825,16499.3125,16495.06,4.2525,18120.345625,15124.243125,2996.1025000000004,40.87804166666662,155.3594917444216,-64.496,32.11699999999996,0.9659258262890683,-0.25881904510252063,-0.9749279121818236,-0.2225209339563146,0.49999999999999994,0.8660254037844387,1,0,399.5,0.030834759985485464,0.007882796545858802,0.0743058121331873,3.3170459685560596,0.0008215859819222427,NEUTRAL,0.0743058121331873,2026-02-07 07:00:00,2026-02-07,7,1_8,379.188,-20.312000000000012,0,0,0,-20.312000000000012
5321.09,3328.7,1992.39,26275.25,26521.4475,17640.0375,16753.46,886.5775,18666.657812499998,15678.209479166666,2988.4483333333337,41.400499999999944,155.7560075181688,160.54899999999998,148.01,0.8660254037844387,-0.4999999999999998,-0.9749279121818236,-0.2225209339563146,0.49999999999999994,0.8660254037844387,1,0,412.625,0.041199574697727316,0.006759510595947408,0.041243449781444126,9.420798067746295,0.0012951540400274006,NEUTRAL,0.041243449781444126,2026-02-07 08:00:00,2026-02-07,8,1_8,411.675,-0.9499999999999886,0,0,0,-0.9499999999999886
11973.8075,3861.5875,8112.22,24039.75,23307.9525,20167.8075,15837.8875,4329.92,19014.001770833333,16059.583541666667,2954.418229166667,41.60699999999995,155.58037034446727,-82.904,-87.86000000000001,0.7071067811865476,-0.7071067811865475,-0.9749279121818236,-0.2225209339563146,0.49999999999999994,0.8660254037844387,1,1,366.875,0.02572838309854534,0.14321938219049574,0.06619357256580165,-71.13415711941249,0.033959300117613035,NEUTRAL,0.14321938219049574,2026-02-07 09:00:00,2026-02-07,9,9_16,418.944,52.06900000000002,0,0,0,52.06900000000002
19196.2375,4973.185,14223.0525,21918.5,13578.8525,22706.8425,14123.365,8583.4775,19249.370208333334,16312.726770833333,2936.6434374999994,40.17441666666662,158.36719364705803,-268.94,-234.558,0.49999999999999994,-0.8660254037844387,-0.9749279121818236,-0.2225209339563146,0.49999999999999994,0.8660254037844387,1,1,203.5,0.03708920064285808,0.820424034911997,0.48838662143761147,-250.43374516447253,0.6848728789531978,DOWN,0.820424034911997,2026-02-07 10:00:00,2026-02-07,10,9_16,354.292,150.79199999999997,1,0,1,150.79199999999997
24298.79,6209.765,18089.025,20711.0,7787.32,22266.445,11071.975,11194.47,19427.993749999998,16409.612083333333,3018.3816666666667,33.63308333333328,166.5351945693566,-235.989,-78.997,0.258819045102521,-0.9659258262890682,-0.9749279121818236,-0.2225209339563146,0.49999999999999994,0.8660254037844387,1,1,28.9,0.02913952048504689,0.803757675088078,0.02190271424617073,-119.06907086375867,0.3190089319078409,DOWN,0.803757675088078,2026-02-07 11:00:00,2026-02-07,11,9_16,27.867,-1.0329999999999977,0,0,0,-1.0329999999999977
27262.9675,7360.7225,19902.245,20776.0,1135.9275,22767.8125,10178.11,12589.7025,19417.401979166665,16277.1628125,3140.2391666666667,20.43762499999995,169.40370840014882,-166.303,150.388,1.2246467991473532e-16,-1.0,-0.9749279121818236,-0.2225209339563146,0.49999999999999994,0.8660254037844387,1,1,-10.0,0.02546865974576104,0.000738899394155784,0.0035251898266460274,-6.569396206432636,0.0005577123890557539,NEUTRAL,0.02546865974576104,2026-02-07 12:00:00,2026-02-07,12,9_16,-74.921,-64.921,0,0,0,-64.921
28486.5,8361.255,20125.245,20776.0,-4286.975,20961.5225,8901.28,12060.2425,19209.526979166665,16045.178229166666,3164.3487499999997,11.53574999999995,176.4712165186911,-222.416,-8.771,-0.2588190451025208,-0.9659258262890683,-0.9749279121818236,-0.2225209339563146,0.49999999999999994,0.8660254037844387,1,1,0.0,0.0049911586767533486,0.00047055422677741394,0.0016384012052971496,-60.52951172580648,0.0010070413254996751,NEUTRAL,0.0049911586767533486,2026-02-07 13:00:00,2026-02-07,13,9_16,-78.023,-78.023,0,0,0,-78.023
28117.0525,9222.2175,18894.835,20737.0,-1783.3675,19109.635,8499.435,10610.2,18963.626666666667,15824.043229166666,3139.5834375,17.395833333333286,177.3648576033778,110.642,-30.0,-0.4999999999999997,-0.8660254037844388,-0.9749279121818236,-0.2225209339563146,0.49999999999999994,0.8660254037844387,1,1,-10.0,0.005229110179287822,0.00035145302196686414,0.00970644949087051,-18.54450490605891,0.0006000043340128706,NEUTRAL,0.00970644949087051,2026-02-07 14:00:00,2026-02-07,14,9_16,-77.593,-67.593,0,0,0,-67.593
26104.3625,9957.9125,16146.45,21475.5,968.44,15490.2325,8133.3175,7356.915,18755.7375,15630.414375,3125.3231249999994,21.319124999999953,177.31227034107158,64.15900000000005,-30.0,-0.7071067811865471,-0.7071067811865479,-0.9749279121818236,-0.2225209339563146,0.49999999999999994,0.8660254037844387,1,1,-0.5,0.04415013333579437,0.0005060896460990723,0.06037930014647259,-43.897719131356396,0.008835045197259066,NEUTRAL,0.06037930014647259,2026-02-07 15:00:00,2026-02-07,15,9_16,-80.0,-79.5,0,0,0,-79.5
21866.42,10559.36,11307.06,23476.5,6696.4,11849.5675,7839.69,4009.8775,18418.392083333332,15345.191354166665,3073.2007291666664,27.60499999999995,175.1383556257857,41.48599999999999,-109.375,-0.8660254037844385,-0.5000000000000004,-0.9749279121818236,-0.2225209339563146,0.49999999999999994,0.8660254037844387,1,1,48.0,0.15251055454752657,0.7524644718038189,0.3525297733980987,-105.14870756060901,0.2637355556514929,DOWN,0.7524644718038189,2026-02-07 16:00:00,2026-02-07,16,9_16,-80.0,-128.0,0,1,0,-128.0
15218.8225,10685.8325,4532.99,25387.0,18367.5125,8131.39,6684.835,1446.555,17941.572291666667,14891.232708333335,3050.339583333334,40.39033333333329,163.02062527835176,33.84800000000001,-273.0,-0.9659258262890683,-0.25881904510252063,-0.9749279121818236,-0.2225209339563146,0.49999999999999994,0.8660254037844387,1,2,345.0,0.01769335480845835,0.3279863741831739,0.30783731586484814,-86.44595855134914,0.09451032169348646,NEUTRAL,0.3279863741831739,2026-02-07 17:00:00,2026-02-07,17,17_24,27.206,-317.794,0,1,1,-317.794
10516.4825,10152.9925,363.49,26887.25,29851.3125,5255.59,5181.59,74.0,17299.930729166666,14251.199270833335,3048.7314583333336,47.81691666666662,159.37657818810496,57.422000000000025,-120.816,-1.0,-1.8369701987210297e-16,-0.9749279121818236,-0.2225209339563146,0.49999999999999994,0.8660254037844387,1,2,421.25,0.015747169548883014,0.03253020545584478,0.044573844042926525,-2.3977371671187275,0.00035625454181026204,NEUTRAL,0.044573844042926525,2026-02-07 18:00:00,2026-02-07,18,17_24,381.896,-39.353999999999985,0,0,0,-39.353999999999985
9259.075,9259.01,0.065,26562.25,31692.9725,4358.1725,4357.0125,1.16,16607.834687500002,13559.114895833334,3048.719791666667,49.847416666666625,159.98686053328555,119.19200000000001,70.45999999999998,-0.9659258262890684,0.2588190451025203,-0.9749279121818236,-0.2225209339563146,0.49999999999999994,0.8660254037844387,1,2,420.0,0.030149043279295608,0.006929570011534566,0.027244241552343895,9.025590810323646,0.0009070430932055343,NEUTRAL,0.030149043279295608,2026-02-07 19:00:00,2026-02-07,19,17_24,388.2,-31.80000000000001,0,0,0,-31.80000000000001
8297.905,8297.905,0.0,25505.75,31749.48,4107.975,4106.2275,1.7475,15948.753125000001,12900.039375,3048.7137500000003,54.314416666666624,162.97406888371648,209.17200000000003,101.964,-0.8660254037844386,0.5000000000000001,-0.9749279121818236,-0.2225209339563146,0.49999999999999994,0.8660254037844387,1,2,444.5,0.037096021600646276,0.0049863306711840066,0.04200406497632181,8.070840296566173,0.001130027000768273,NEUTRAL,0.04200406497632181,2026-02-07 20:00:00,2026-02-07,20,17_24,379.826,-64.67399999999998,0,0,0,-64.67399999999998
7332.5125,7332.5125,0.0,24291.75,32407.215,4183.9075,4182.28,1.6275,15353.138333333334,12304.434791666667,3048.703541666667,46.0380833333333,162.0028821804576,-30.86700000000002,167.765,-0.7071067811865477,0.7071067811865474,-0.9749279121818236,-0.2225209339563146,0.49999999999999994,0.8660254037844387,1,2,438.283,0.017310579687140178,0.007586698284201951,0.06000210742793895,-17.196897400326908,0.0034395002841388638,NEUTRAL,0.06000210742793895,2026-02-07 21:00:00,2026-02-07,21,17_24,379.108,-59.17500000000001,0,0,0,-59.17500000000001
6373.43,6373.43,0.0,22418.5,33306.205,4219.4475,4217.775,1.6725,14809.116145833332,11760.425208333334,3048.6909374999996,41.27179166666662,162.10033944952187,-16.716000000000008,97.67499999999998,-0.5000000000000004,0.8660254037844384,-0.9749279121818236,-0.2225209339563146,0.49999999999999994,0.8660254037844387,1,2,460.0,0.019986176400428192,0.014633773939608097,0.018496057295573288,-16.984166721076566,0.0011314951736723943,NEUTRAL,0.019986176400428192,2026-02-07 22:00:00,2026-02-07,22,17_24,393.655,-66.34500000000003,0,0,0,-66.34500000000003
5563.0125,5563.0125,0.0,21242.0,30144.555,3961.2075,3959.0575,2.15,14290.835,11242.151562500001,3048.6834375,32.4293333333333,158.7019409630806,-10.180999999999983,202.038,-0.25881904510252157,0.9659258262890681,-0.9749279121818236,-0.2225209339563146,0.49999999999999994,0.8660254037844387,1,2,440.0,0.009028746540038964,0.02833827543224758,0.01748215569145451,-11.18394354891554,0.0010564455756929235,NEUTRAL,0.02833827543224758,2026-02-07 23:00:00,2026-02-07,23,17_24,415.187,-24.812999999999988,0,0,0,-24.812999999999988
4977.16,4977.16,0.0,19877.75,28152.35,3731.7475,3729.35,2.3975,13779.214166666667,10730.546458333334,3048.667708333333,22.10437499999996,153.4207015153489,-20.13299999999998,227.666,-2.4492935982947064e-16,1.0,-0.9749279121818236,-0.2225209339563146,0.49999999999999994,0.8660254037844387,1,2,449.0,0.008705620134176372,0.018622378672618668,0.011748933264024913,-15.989066859882206,0.0009925148589551478,NEUTRAL,0.018622378672618668,2026-02-08 00:00:00,2026-02-07,24,17_24,403.629,-45.37099999999998,0,0,0,-45.37099999999998
5947.3575,5947.3575,0.0,19086.0,26559.235,3549.625,3547.35,2.275,13257.874375,10209.226458333333,3048.647916666667,9.170791666666625,141.00820941348766,-4.168999999999983,306.237,0.25881904510252074,0.9659258262890683,-0.7818314824680299,0.6234898018587334,0.49999999999999994,0.8660254037844387,1,0,425.6,0.004488158330912106,0.05505733019766866,0.010807953071358123,-34.84640112438577,0.0063951660430190665,NEUTRAL,0.05505733019766866,2026-02-08 01:00:00,2026-02-08,1,1_8,441.664,16.063999999999965,0,0,0,16.063999999999965
5885.91,5885.91,0.0,19086.0,25291.1425,3321.33,3319.08,2.25,12716.822916666666,9668.193333333335,3048.6295833333334,-0.5252500000000424,134.0310933935943,-17.196000000000026,215.509,0.49999999999999994,0.8660254037844387,-0.7818314824680299,0.6234898018587334,0.49999999999999994,0.8660254037844387,1,0,413.6,0.0035838607571170365,0.05753318259580631,0.017766229695356624,-36.7264665909052,0.007043301694911096,NEUTRAL,0.05753318259580631,2026-02-08 02:00:00,2026-02-08,2,1_8,413.101,-0.49900000000002365,0,0,0,-0.49900000000002365
6030.9775,6030.9775,0.0,19086.0,26022.47,3272.28,3269.9025,2.3775,12162.936041666666,9114.31875,3048.617291666667,3.636541666666625,132.09968253622677,-7.682999999999993,-107.566,0.7071067811865476,0.7071067811865476,-0.7818314824680299,0.6234898018587334,0.49999999999999994,0.8660254037844387,1,0,414.75,0.006305502906928507,0.03845262387044802,0.013661214321962491,-27.45885537427385,0.0035195501253999415,NEUTRAL,0.03845262387044802,2026-02-08 03:00:00,2026-02-08,3,1_8,422.227,7.476999999999975,0,0,0,7.476999999999975
6237.8075,6237.8075,0.0,19086.0,24476.5725,3269.3825,3267.005,2.3775,11551.589270833332,8502.979583333334,3048.6096875000003,-4.263791666666709,127.84408384467748,-28.024,161.584,0.8660254037844386,0.5000000000000001,-0.7818314824680299,0.6234898018587334,0.49999999999999994,0.8660254037844387,1,0,414.6,0.005537568309764763,0.05853155973473588,0.022278011143085887,-26.102422280017166,0.0050927182963470844,NEUTRAL,0.05853155973473588,2026-02-08 04:00:00,2026-02-08,4,1_8,405.165,-9.435000000000002,0,0,0,-9.435000000000002
6355.45,6355.45,0.0,19086.0,24368.865,3238.4625,3236.1625,2.3,10922.13375,7873.347708333334,3048.7860416666663,-14.44750000000004,118.78666664893406,-26.452999999999975,217.956,0.9659258262890683,0.25881904510252074,-0.7818314824680299,0.6234898018587334,0.49999999999999994,0.8660254037844387,1,0,400.5,0.003622380550439111,0.05765478759862247,0.02438440706526047,-20.850787266322026,0.004007159037012861,NEUTRAL,0.05765478759862247,2026-02-08 05:00:00,2026-02-08,5,1_8,389.006,-11.494000000000028,0,0,0,-11.494000000000028
6246.7075,6246.605,0.1025,21041.25,23212.235,3232.1225,3229.8025,2.32,10303.827291666666,7255.042083333334,3048.7852083333332,-18.173250000000042,117.77228121740673,-30.158000000000015,59.260000000000005,1.0,6.123233995736766e-17,-0.7818314824680299,0.6234898018587334,0.49999999999999994,0.8660254037844387,1,0,423.54,0.007477175380060809,0.051885358373074106,0.01892440824905037,-21.386359337043967,0.0036987963949928855,NEUTRAL,0.051885358373074106,2026-02-08 06:00:00,2026-02-08,6,1_8,375.349,-48.19100000000003,0,0,0,-48.19100000000003
5995.4775,5974.6,20.8775,25041.5,21127.31,3100.945,3099.1625,1.7825,9745.561979166667,6696.879687500001,3048.6822916666665,-16.33225000000004,117.3613093552842,-20.312000000000012,-64.496,0.9659258262890683,-0.25881904510252063,-0.7818314824680299,0.6234898018587334,0.49999999999999994,0.8660254037844387,1,0,349.5,0.004496766489984757,0.08170415420386457,0.060541569160330495,-27.799377048152706,0.007571081963712141,NEUTRAL,0.08170415420386457,2026-02-08 07:00:00,2026-02-08,7,1_8,351.596,2.0960000000000036,0,0,0,2.0960000000000036
8063.92,5675.0325,2388.8875,25630.75,21946.26,4471.58,3393.765,1077.815,9196.87625,6140.225729166666,3056.6505208333333,-23.061375000000044,111.24932037459617,-0.9499999999999886,160.54899999999998,0.8660254037844387,-0.4999999999999998,-0.7818314824680299,0.6234898018587334,0.49999999999999994,0.8660254037844387,1,0,361.5,0.008530866154727576,0.07781634307331238,0.05865119025262408,-18.173401509135633,0.004713958822146504,NEUTRAL,0.07781634307331238,2026-02-08 08:00:00,2026-02-08,8,1_8,380.299,18.798999999999978,0,0,0,18.798999999999978
14776.2975,5325.735,9450.5625,23766.75,17346.48,9667.9625,3998.575,5669.3875,8759.382708333333,5646.921041666667,3112.4616666666666,-17.43750000000004,111.5039133117123,52.06900000000002,-82.904,0.7071067811865476,-0.7071067811865475,-0.7818314824680299,0.6234898018587334,0.49999999999999994,0.8660254037844387,1,1,314.3,0.013647222720289068,0.364123691322782,0.22216916335905587,-121.32075033551257,0.14725253148738826,NEUTRAL,0.364123691322782,2026-02-08 09:00:00,2026-02-08,9,9_16,147.389,-166.911,0,1,1,-166.911
21130.875,5066.7975,16064.0775,21223.25,8364.45,16313.2875,4853.2725,11460.015,8492.984583333333,5260.6671875,3232.3173958333336,0.051333333333291854,102.92860672611626,150.79199999999997,-268.94,0.49999999999999994,-0.8660254037844387,-0.7818314824680299,0.6234898018587334,0.49999999999999994,0.8660254037844387,1,1,85.0,0.04813407354040735,0.6905269381522594,0.4733735445439202,-98.75737917509808,0.22731543553907393,DOWN,0.6905269381522594,2026-02-08 10:00:00,2026-02-08,10,9_16,-80.0,-165.0,0,1,1,-165.0
25192.96,5148.09,20044.87,19575.25,3129.3575,20588.56,5207.1475,15381.4125,8423.072708333333,5016.299375,3406.773333333333,9.841166666666625,89.84402248083086,-1.0329999999999977,-235.989,0.258819045102521,-0.9659258262890682,-0.7818314824680299,0.6234898018587334,0.49999999999999994,0.8660254037844387,1,1,-33.875,0.008416291457197165,0.0002850956656658372,0.041088981492192075,-23.00951834848624,0.003151458911884017,NEUTRAL,0.041088981492192075,2026-02-08 11:00:00,2026-02-08,11,9_16,-80.0,-46.125,0,0,0,-46.125
27414.2225,5600.9475,21813.275,19628.25,-3044.195,20171.075,5296.325,14874.75,8314.8753125,4812.891666666666,3501.9836458333334,14.065416666666627,83.35079453413044,-64.921,-166.303,1.2246467991473532e-16,-1.0,-0.7818314824680299,0.6234898018587334,0.49999999999999994,0.8660254037844387,1,1,-50.5,0.001617773775214572,0.0006237516587701874,0.0030037094480778975,-55.1723908126489,0.0005524061051899989,NEUTRAL,0.0030037094480778975,2026-02-08 12:00:00,2026-02-08,12,9_16,-80.0,-29.5,0,0,0,-29.5
28055.0775,6117.37,21937.7075,19638.25,-7497.84,20433.355,5956.02,14477.335,8292.868333333334,4690.1725,3602.695833333333,20.08179166666662,69.61923068219457,-78.023,-222.416,-0.2588190451025208,-0.9659258262890683,-0.7818314824680299,0.6234898018587334,0.49999999999999994,0.8660254037844387,1,1,-42.0,0.0008384511415595339,0.00013271140275122827,0.0008090480099597126,-58.450065312457966,0.00016335841328486564,NEUTRAL,0.0008384511415595339,2026-02-08 13:00:00,2026-02-08,13,9_16,-80.0,-38.0,0,0,0,-38.0
27164.2675,6514.425,20649.8425,19815.75,-4681.33,19565.1975,6679.6975,12885.5,8311.850104166666,4614.350104166667,3697.5,12.65533333333329,69.04293573325572,-67.593,110.642,-0.4999999999999997,-0.8660254037844388,-0.7818314824680299,0.6234898018587334,0.49999999999999994,0.8660254037844387,1,1,-43.0,0.0030104231221079712,6.399719413374495e-05,0.009614723768380884,-43.590050494569084,0.0013970209818501876,NEUTRAL,0.009614723768380884,2026-02-08 14:00:00,2026-02-08,14,9_16,-80.0,-37.0,0,0,0,-37.0
24180.6725,6642.435,17538.2375,20459.0,-597.235,16232.775,6841.6325,9391.1425,8342.789375,4560.529895833333,3782.259479166667,6.669541666666622,70.59356583378137,-79.5,64.15900000000005,-0.7071067811865471,-0.7071067811865479,-0.7818314824680299,0.6234898018587334,0.49999999999999994,0.8660254037844387,1,1,-44.0,0.013335621554850468,0.00015436038324655662,0.03033371612120886,-19.403052608219898,0.0019618889656754118,NEUTRAL,0.03033371612120886,2026-02-08 15:00:00,2026-02-08,15,9_16,-80.0,-36.0,0,0,0,-36.0
18727.01,6552.435,12174.575,22244.0,6564.0975,16190.36,8464.4525,7725.9075,8523.655729166667,4586.5616666666665,3937.0940625000003,-0.3923750000000433,75.28097774269759,-128.0,41.48599999999999,-0.8660254037844385,-0.5000000000000004,-0.7818314824680299,0.6234898018587334,0.49999999999999994,0.8660254037844387,1,1,29.0,0.2493770498562864,0.3065606257208289,0.16732343594331908,6.689386891190713,0.006835675436840452,NEUTRAL,0.3065606257208289,2026-02-08 16:00:00,2026-02-08,16,9_16,-80.0,-109.0,0,1,0,-109.0
11184.37,6287.0725,4897.2975,24877.25,19732.8275,15012.04,11168.575,3843.465,8810.349479166665,4773.384166666667,4036.9653125,-15.044125000000044,98.85549546568501,-317.794,33.84800000000001,-0.9659258262890683,-0.25881904510252063,-0.7818314824680299,0.6234898018587334,0.49999999999999994,0.8660254037844387,1,2,366.753,0.030970276079359815,0.08224374336367732,0.08094375925475517,-56.27226891148901,0.015426806809494464,NEUTRAL,0.08224374336367732,2026-02-08 17:00:00,2026-02-08,17,17_24,147.723,-219.02999999999997,0,1,1,-219.02999999999997
6755.7075,6366.165,389.5425,26391.0,32113.8375,11442.3275,11194.6025,247.725,9068.130208333334,5023.926354166667,4044.2038541666666,-19.076458333333377,97.73851634667942,-39.353999999999985,57.422000000000025,-1.0,-1.8369701987210297e-16,-0.7818314824680299,0.6234898018587334,0.49999999999999994,0.8660254037844387,1,2,430.0,0.0333147621422036,0.017704622106667615,0.02139727499580392,0.6133394615867461,6.811086091729889e-05,NEUTRAL,0.0333147621422036,2026-02-08 18:00:00,2026-02-08,18,17_24,366.209,-63.791,0,0,0,-63.791
7195.0875,7195.0225,0.065,25775.25,32709.8675,9767.9225,9766.8975,1.025,9293.536458333334,5249.338229166667,4044.1982291666664,-25.367791666666715,93.205846342559,-31.80000000000001,119.19200000000001,-0.9659258262890684,0.2588190451025203,-0.7818314824680299,0.6234898018587334,0.49999999999999994,0.8660254037844387,1,2,480.0,0.03297507924011329,0.036538069663905735,0.048495188282187886,-5.975278618839328,0.000965907538863816,NEUTRAL,0.048495188282187886,2026-02-08 19:00:00,2026-02-08,19,17_24,388.549,-91.45100000000002,0,0,0,-91.45100000000002
8498.3975,8498.3975,0.0,24505.5,31278.8775,8908.3475,8906.3475,2.0,9493.551979166667,5449.343229166667,4044.20875,-36.77804166666672,78.91106662978325,-64.67399999999998,209.17200000000003,-0.8660254037844386,0.5000000000000001,-0.7818314824680299,0.6234898018587334,0.49999999999999994,0.8660254037844387,1,2,446.395,0.013406230315195517,0.05067873101193842,0.03267196329060239,-12.460173980819969,0.0021048860184530974,NEUTRAL,0.05067873101193842,2026-02-08 20:00:00,2026-02-08,20,17_24,401.532,-44.863,0,0,0,-44.863
9930.4575,9930.4575,0.0,23789.0,29756.5925,7554.54,7552.5825,1.9575,9633.995,5589.7725,4044.2225,-37.957541666666714,79.03034422349982,-59.17500000000001,-30.86700000000002,-0.7071067811865477,0.7071067811865474,-0.7818314824680299,0.6234898018587334,0.49999999999999994,0.8660254037844387,1,2,462.5,0.014433363515215646,0.08756172295706852,0.03649547200731424,-28.666506983740526,0.008366962475523858,NEUTRAL,0.08756172295706852,2026-02-08 21:00:00,2026-02-08,21,17_24,397.792,-64.70800000000003,0,0,0,-64.70800000000003
11334.6375,11334.6375,0.0,22403.0,27491.4975,5947.58,5945.4975,2.0825,9706.000520833333,5661.7609375,4044.2395833333335,-40.02541666666671,79.0996372815921,-66.34500000000003,-16.716000000000008,-0.5000000000000004,0.8660254037844384,-0.7818314824680299,0.6234898018587334,0.49999999999999994,0.8660254037844387,1,2,400.0,0.009023758985982615,0.08917319926555241,0.041165961608478706,-32.95385456962374,0.009795335467016976,NEUTRAL,0.08917319926555241,2026-02-08 22:00:00,2026-02-08,22,17_24,396.451,-3.548999999999978,0,0,0,-3.548999999999978
12677.8925,12677.8925,0.0,21165.75,22259.425,4943.66,4941.2925,2.3675,9746.936041666666,5702.6873958333335,4044.2486458333333,-40.63508333333338,78.91578284525494,-24.812999999999988,-10.180999999999983,-0.25881904510252157,0.9659258262890681,-0.7818314824680299,0.6234898018587334,0.49999999999999994,0.8660254037844387,1,2,341.45,0.00663300196362878,0.10759045704317863,0.07855197610589991,-46.53637048562221,0.01668956456559594,NEUTRAL,0.10759045704317863,2026-02-08 23:00:00,2026-02-08,23,17_24,380.985,39.535000000000025,0,0,0,39.535000000000025
13862.03,13862.03,0.0,19603.75,18804.73,4455.09,4452.335,2.755,9777.0753125,5732.811770833334,4044.263541666667,-41.68666666666671,78.79877278158447,-45.37099999999998,-20.13299999999998,-2.4492935982947064e-16,1.0,-0.7818314824680299,0.6234898018587334,0.49999999999999994,0.8660254037844387,1,2,288.0,0.015245313727207775,0.27807345099171654,0.26772053957835146,-54.53142083046596,0.050545801259364156,NEUTRAL,0.27807345099171654,2026-02-09 00:00:00,2026-02-08,24,17_24,179.661,-108.339,0,1,0,-108.339
15020.855,15020.855,0.0,19086.0,15054.7375,4425.2825,4426.9925,-1.71,9813.561041666666,5769.463541666667,4044.0975,-40.843625000000046,79.32409539615438,16.063999999999965,-4.168999999999983,0.25881904510252074,0.9659258262890683,0.0,1.0,0.49999999999999994,0.8660254037844387,0,0,177.5,0.036529425509430155,0.3869199230595942,0.15467539955922147,-55.38343083805653,0.07142984266212397,NEUTRAL,0.3869199230595942,2026-02-09 01:00:00,2026-02-09,1,1_8,-59.776,-237.276,0,1,1,-237.276
15670.355,15670.355,0.0,19086.0,13075.6975,4707.7275,4705.035,2.6925,9871.327604166667,5827.211666666667,4044.1159375,-40.14791666666671,79.61320649015873,-0.49900000000002365,-17.196000000000026,0.49999999999999994,0.8660254037844387,0.0,1.0,0.49999999999999994,0.8660254037844387,0,0,200.2,0.025346541774337508,0.5663418420041723,0.1652704132388997,-71.09116385952025,0.13420633563473713,DOWN,0.5663418420041723,2026-02-09 02:00:00,2026-02-09,2,1_8,-80.0,-280.2,0,1,1,-280.2
16043.6325,16043.6325,0.0,19086.0,14036.4025,4817.19,4814.5775,2.6125,9935.698854166667,5891.573124999999,4044.125729166666,-39.51625000000005,79.94145322413573,7.476999999999975,-7.682999999999993,0.7071067811865476,0.7071067811865476,0.0,1.0,0.49999999999999994,0.8660254037844387,0,0,165.0,0.024582189584032292,0.31432140318523594,0.13152634488952358,-21.421267199622278,0.022443875880637145,NEUTRAL,0.31432140318523594,2026-02-09 03:00:00,2026-02-09,3,1_8,-80.0,-245.0,0,1,1,-245.0
16180.0,16180.0,0.0,19086.0,12742.925,5312.9475,5310.2875,2.66,10020.847395833334,5976.709895833334,4044.1374999999994,-38.74170833333338,80.14742897472621,-9.435000000000002,-28.024,0.8660254037844386,0.5000000000000001,0.0,1.0,0.49999999999999994,0.8660254037844387,0,0,179.0,0.026119490604991528,0.41057341178764223,0.19814536230563237,-50.869271510397304,0.0696185678639191,NEUTRAL,0.41057341178764223,2026-02-09 04:00:00,2026-02-09,4,1_8,-80.0,-259.0,0,1,1,-259.0
16121.6275,16121.6275,0.0,19086.0,12970.555,6082.1475,6079.63,2.5175,10139.334270833333,6095.187708333334,4044.1465625,-38.11841666666672,80.30516253257808,-11.494000000000028,-26.452999999999975,0.9659258262890683,0.25881904510252074,0.0,1.0,0.49999999999999994,0.8660254037844387,0,0,155.0,0.024524702134457503,0.3925775892780767,0.23263053179148388,-27.403447352792767,0.03585993099889359,NEUTRAL,0.3925775892780767,2026-02-09 05:00:00,2026-02-09,5,1_8,-80.0,-235.0,0,1,1,-235.0
15924.8,15924.6975,0.1025,21041.25,13235.6925,6579.24,6576.835,2.405,10278.797499999999,6234.647395833334,4044.1501041666666,-38.86979166666672,80.31180516720629,-48.19100000000003,-30.158000000000015,1.0,6.123233995736766e-17,0.0,1.0,0.49999999999999994,0.8660254037844387,0,0,153.5,0.04302025162392133,0.41543116166943367,0.28016362003380224,-36.21935038411097,0.0501554893499449,NEUTRAL,0.41543116166943367,2026-02-09 06:00:00,2026-02-09,6,1_8,-80.0,-233.5,0,1,1,-233.5
15754.4525,15737.345,17.1075,25041.5,13134.535,6396.26,6384.055,12.205,10416.102291666668,6371.517916666668,4044.584375,-37.936125000000054,80.66639890545954,2.0960000000000036,-20.312000000000012,0.9659258262890683,-0.25881904510252063,0.0,1.0,0.49999999999999994,0.8660254037844387,0,0,150.0,0.05999463380344735,0.3493981170709748,0.2530789055822408,2.016917633971057,0.002349024078655776,NEUTRAL,0.3493981170709748,2026-02-09 07:00:00,2026-02-09,7,1_8,-80.0,-230.0,0,1,1,-230.0
17437.905,15469.1325,1968.7725,25630.75,14733.4625,7702.4525,5995.53,1706.9225,10550.721979166667,6479.924791666667,4070.7971875,-37.11325000000005,81.15932049999843,18.798999999999978,-0.9499999999999886,0.8660254037844387,-0.4999999999999998,0.0,1.0,0.49999999999999994,0.8660254037844387,0,0,165.5,0.03359436622710515,0.3551677101708051,0.19542644708518062,-18.320256518736866,0.021689211858338463,NEUTRAL,0.3551677101708051,2026-02-09 08:00:00,2026-02-09,8,1_8,60.058,-105.44200000000001,0,1,0,-105.44200000000001
22711.5575,14883.6225,7827.935,23642.75,12684.8975,12503.425,5095.475,7407.95,10668.866250000001,6525.628958333334,4143.237291666666,-46.23741666666672,82.98590350850498,-166.911,52.06900000000002,0.7071067811865476,-0.7071067811865475,0.0,1.0,0.49999999999999994,0.8660254037844387,0,1,105.0,0.043714037672094745,0.5247479383388809,0.4591194821886558,-57.7305286248282,0.10097991958364116,DOWN,0.5247479383388809,2026-02-09 09:00:00,2026-02-09,9,9_16,-71.802,-176.80200000000002,0,1,1,-176.80200000000002
27205.86,13892.05,13313.81,21149.0,7359.64,14762.74,3604.7875,11157.9525,10604.260104166666,6473.608749999999,4130.651354166666,-59.39541666666671,75.04258304103547,-165.0,150.79199999999997,0.49999999999999994,-0.8660254037844387,0.0,1.0,0.49999999999999994,0.8660254037844387,0,1,50.0,0.020664052696529978,0.6417186535243242,0.08785912532175046,-83.69228943347491,0.1790230109520585,DOWN,0.6417186535243242,2026-02-09 10:00:00,2026-02-09,10,9_16,-80.0,-130.0,0,1,0,-130.0
29576.3175,13173.3,16403.0175,20039.75,5209.965,14251.06,2920.66,11330.4,10340.197604166666,6378.3384375,3961.859166666667,-61.27425000000005,74.0760963394467,-46.125,-1.0329999999999977,0.258819045102521,-0.9659258262890682,0.0,1.0,0.49999999999999994,0.8660254037844387,0,1,0.0,0.010238836395399605,0.00022578002874538755,0.04574601431554994,-48.41837760235856,0.007383159316443992,NEUTRAL,0.04574601431554994,2026-02-09 11:00:00,2026-02-09,11,9_16,-70.395,-70.395,0,0,0,-70.395
30368.775,13116.98,17251.795,20409.0,2194.8725,13408.1425,3024.9,10383.2425,10058.40875,6283.695729166666,3774.7130208333333,-59.79837500000005,74.3526240973195,-29.5,-64.921,1.2246467991473532e-16,-1.0,0.0,1.0,0.49999999999999994,0.8660254037844387,0,1,-2.0,0.0036024487114838443,0.00018724948716417742,0.026621537041722074,-49.67581502993373,0.0044081551663237165,NEUTRAL,0.026621537041722074,2026-02-09 12:00:00,2026-02-09,12,9_16,-66.315,-64.315,0,0,0,-64.315
29753.9525,13353.235,16400.7175,20254.25,442.1725,12828.705,3194.7775,9633.9275,9741.548333333334,6168.643958333333,3572.904375,-58.130750000000056,74.37492599177695,-38.0,-78.023,-0.2588190451025208,-0.9659258262890683,0.0,1.0,0.49999999999999994,0.8660254037844387,0,1,0.0,0.0035272426593605448,0.00015711732485346462,0.030325965622380404,-56.30585228163693,0.005691764468772503,NEUTRAL,0.030325965622380404,2026-02-09 13:00:00,2026-02-09,13,9_16,-66.425,-66.425,0,0,0,-66.425
27419.55,13698.7425,13720.8075,20192.75,6528.205,11695.9075,3124.365,8571.5425,9413.66125,6020.505104166667,3393.156145833333,-56.85604166666672,74.46780992422784,-37.0,-67.593,-0.4999999999999997,-0.8660254037844388,0.0,1.0,0.49999999999999994,0.8660254037844387,0,1,31.5,0.009454641229094507,0.3986978858317299,0.10081465335873438,-64.9728736374493,0.0863484911855439,NEUTRAL,0.3986978858317299,2026-02-09 14:00:00,2026-02-09,14,9_16,-76.885,-108.385,0,1,0,-108.385
23662.415,14073.37,9589.045,21148.0,12069.2525,9775.7175,2948.64,6827.0775,9144.6171875,5858.297083333334,3286.3201041666666,-55.04354166666672,74.422074891898,-36.0,-79.5,-0.7071067811865471,-0.7071067811865479,0.0,1.0,0.49999999999999994,0.8660254037844387,0,1,100.0,0.16267857743783593,0.3982476902032328,0.7342645385282357,-57.960039034219946,0.1418600043818001,NEUTRAL,0.7342645385282357,2026-02-09 15:00:00,2026-02-09,15,9_16,-80.0,-180.0,0,1,1,-180.0
19885.2625,14482.9225,5402.34,23139.75,15854.5075,11444.0475,4191.42,7252.6275,8946.854166666666,5680.2540625,3266.6001041666664,-54.25187500000005,73.70990530882241,-109.0,-128.0,-0.8660254037844385,-0.5000000000000004,0.0,1.0,0.49999999999999994,0.8660254037844387,0,1,240.48,0.1367764169599139,0.5409008199861062,0.707779557509197,-168.97992212438072,0.39866844836377585,DOWN,0.707779557509197,2026-02-09 16:00:00,2026-02-09,16,9_16,-80.0,-320.48,0,1,1,-320.48
17005.3225,15016.6525,1988.67,24877.25,19526.24,9353.4875,5231.305,4122.1825,8711.081145833334,5432.8678125,3278.213333333333,-50.13670833333339,59.80162922855193,-219.02999999999997,-317.794,-0.9659258262890683,-0.25881904510252063,0.0,1.0,0.49999999999999994,0.8660254037844387,0,2,357.5,0.08699271163111008,0.2882583855334631,0.19361573038411567,-68.46592649293274,0.06578625811635183,NEUTRAL,0.2882583855334631,2026-02-09 17:00:00,2026-02-09,17,17_24,319.345,-38.15499999999997,0,0,0,-38.15499999999997
15889.93,15711.37,178.56,26381.0,23603.7975,5341.7775,5068.4525,273.325,8456.891562499999,5177.6115625,3279.2799999999993,-51.154916666666715,59.81809115172378,-63.791,-39.353999999999985,-1.0,-1.8369701987210297e-16,0.0,1.0,0.49999999999999994,0.8660254037844387,0,2,365.65,0.028440750529555577,0.12196745328203898,0.09855604750160311,-37.14839456437407,0.015102983595110153,NEUTRAL,0.12196745328203898,2026-02-09 18:00:00,2026-02-09,18,17_24,225.839,-139.81099999999998,0,1,0,-139.81099999999998
16488.2825,16488.275,0.0075,25774.5,22969.4725,5389.5325,5388.3825,1.15,8274.458645833334,4995.173437500001,3279.2852083333332,-53.640375000000056,60.21685237381211,-91.45100000000002,-31.80000000000001,-0.9659258262890684,0.2588190451025203,0.0,1.0,0.49999999999999994,0.8660254037844387,0,2,360.375,0.033578851733440655,0.22588167452593194,0.1341825939761829,-58.082056315548215,0.04373224046821837,NEUTRAL,0.22588167452593194,2026-02-09 19:00:00,2026-02-09,19,17_24,324.929,-35.446000000000026,0,0,0,-35.446000000000026
17175.3525,17175.3525,0.0,24505.5,22097.2825,6443.0825,6441.0775,2.005,8171.739270833333,4892.453854166667,3279.285416666666,-52.814916666666726,60.19480780794912,-44.863,-64.67399999999998,-0.8660254037844386,0.5000000000000001,0.0,1.0,0.49999999999999994,0.8660254037844387,0,2,379.0,0.015965888951802138,0.2218441731676746,0.16677390810439005,-67.43764358556435,0.04986882760538619,NEUTRAL,0.2218441731676746,2026-02-09 20:00:00,2026-02-09,20,17_24,330.077,-48.923,0,0,0,-48.923
17685.1125,17685.1125,0.0,23789.0,20970.9375,8186.615,8184.665,1.95,8198.075729166667,4918.790625000001,3279.2851041666668,-53.045458333333386,60.23081025303427,-64.70800000000003,-59.17500000000001,-0.7071067811865477,0.7071067811865474,0.0,1.0,0.49999999999999994,0.8660254037844387,0,2,385.4,0.015505085641225786,0.32838201373562204,0.10975526261266388,-63.760350170554794,0.06979250728498398,NEUTRAL,0.32838201373562204,2026-02-09 21:00:00,2026-02-09,21,17_24,333.974,-51.42599999999999,0,0,0,-51.42599999999999
17890.2175,17890.2175,0.0,22403.0,19904.9175,10174.6325,10172.5225,2.11,8374.202916666667,5094.916666666667,3279.2862500000006,-50.42895833333339,60.98716095495607,-3.548999999999978,-66.34500000000003,-0.5000000000000004,0.8660254037844384,0.0,1.0,0.49999999999999994,0.8660254037844387,0,2,338.6,0.013944830540185409,0.2329404238646601,0.13897658190390838,-73.10320292636433,0.05676230358510523,NEUTRAL,0.2329404238646601,2026-02-09 22:00:00,2026-02-09,22,17_24,348.382,9.781999999999982,0,0,0,9.781999999999982
17778.55,17778.55,0.0,20834.75,16458.7675,12044.85,12042.56,2.29,8670.085833333333,5390.8028125,3279.283020833333,-47.74779166666672,63.52397226242938,39.535000000000025,-24.812999999999988,-0.25881904510252157,0.9659258262890681,0.0,1.0,0.49999999999999994,0.8660254037844387,0,2,292.9,0.0596578405483238,0.4703261413449525,0.2831998995691433,-62.94967123133597,0.09868958656389204,NEUTRAL,0.4703261413449525,2026-02-09 23:00:00,2026-02-09,23,17_24,300.297,7.397000000000048,0,0,0,7.397000000000048
17354.4425,17354.4425,0.0,17186.5,16698.5675,13573.19,13570.4725,2.7175,9050.006666666666,5770.725208333333,3279.281458333333,-50.371458333333386,64.71080298963312,-108.339,-45.37099999999998,-2.4492935982947064e-16,1.0,0.0,1.0,0.49999999999999994,0.8660254037844387,0,2,219.36,0.05987102060246852,0.6705003220042426,0.36944362069422687,-108.95917329917778,0.2435238692747159,DOWN,0.6705003220042426,2026-02-10 00:00:00,2026-02-09,24,17_24,296.693,77.33299999999997,0,0,0,77.33299999999997
17022.6375,17022.6375,0.0,14118.25,15753.705,14318.7925,14316.18,2.6125,9462.23625,6182.7746875,3279.4615625,-60.92729166666672,73.4721619263263,-237.276,16.063999999999965,0.25881904510252074,0.9659258262890683,0.7818314824680298,0.6234898018587336,0.49999999999999994,0.8660254037844387,0,0,200.0,0.043920749047256256,0.6949518257767812,0.16125569351272998,-94.67655802933895,0.21931882286916823,DOWN,0.6949518257767812,2026-02-10 01:00:00,2026-02-10,1,1_8,310.877,110.87700000000001,1,0,0,110.87700000000001
16082.7325,16082.7325,0.0,14118.0,15364.32,14583.4675,14580.8125,2.655,9873.725416666666,6594.265416666666,3279.4599999999996,-72.58150000000005,84.782816080391,-280.2,-0.49900000000002365,0.49999999999999994,0.8660254037844387,0.7818314824680298,0.6234898018587336,0.49999999999999994,0.8660254037844387,0,0,208.08,0.04278905516441144,0.54126309097809,0.3248368142382773,-107.63162120445857,0.19419007993369392,DOWN,0.54126309097809,2026-02-10 02:00:00,2026-02-10,2,1_8,304.586,96.506,0,0,0,96.506
14975.7875,14975.7875,0.0,14120.0,17803.2475,14658.5075,14655.86,2.6475,10283.780312500001,7004.318854166667,3279.4614583333337,-83.10137500000006,89.92500377672617,-245.0,7.476999999999975,0.7071067811865476,0.7071067811865476,0.7818314824680298,0.6234898018587336,0.49999999999999994,0.8660254037844387,0,0,253.5,0.01571529078775703,0.4136372917613989,0.23594621400540394,-117.80318800490522,0.1624259721573597,NEUTRAL,0.4136372917613989,2026-02-10 03:00:00,2026-02-10,3,1_8,310.798,57.298,0,0,0,57.298
13860.455,13860.455,0.0,14120.0,17761.47,13901.36,13898.615,2.745,10641.630833333333,7362.165833333333,3279.465,-93.4999166666667,95.30457455552582,-259.0,-9.435000000000002,0.8660254037844386,0.5000000000000001,0.7818314824680298,0.6234898018587336,0.49999999999999994,0.8660254037844387,0,0,256.0,0.017259546140738984,0.41759147817670117,0.28622280414355306,-98.5263706209184,0.13714590915658273,NEUTRAL,0.41759147817670117,2026-02-10 04:00:00,2026-02-10,4,1_8,295.511,39.511000000000024,0,0,0,39.511000000000024
12586.1375,12586.1375,0.0,14119.0,19206.625,13290.89,13288.29,2.6,10941.995104166666,7662.526666666666,3279.4684375,-102.8126666666667,97.82948167076545,-235.0,-11.494000000000028,0.9659258262890683,0.25881904510252074,0.7818314824680298,0.6234898018587336,0.49999999999999994,0.8660254037844387,0,0,282.0,0.01259792758219423,0.19367606101827128,0.1405816562740297,-62.33230734303089,0.04024091920126163,NEUTRAL,0.19367606101827128,2026-02-10 05:00:00,2026-02-10,5,1_8,290.403,8.40300000000002,0,0,0,8.40300000000002
11216.225,11216.1225,0.1025,15551.75,20717.91,12216.4675,12213.9475,2.52,11176.879583333333,7897.4063541666665,3279.4732291666664,-110.53387500000004,100.60443748546041,-233.5,-48.19100000000003,1.0,6.123233995736766e-17,0.7818314824680298,0.6234898018587336,0.49999999999999994,0.8660254037844387,0,0,288.5,0.010664338473733746,0.1812793170014811,0.1313576782276328,-64.60114948173168,0.039036174185196344,NEUTRAL,0.1812793170014811,2026-02-10 06:00:00,2026-02-10,6,1_8,291.345,2.8450000000000273,0,0,0,2.8450000000000273
9911.5825,9900.235,11.3475,18670.5,21616.97,10659.67,10646.175,13.495,11354.521666666667,8074.9946875,3279.526979166667,-120.20454166666671,100.46218379806423,-230.0,2.0960000000000036,0.9659258262890683,-0.25881904510252063,0.7818314824680298,0.6234898018587336,0.49999999999999994,0.8660254037844387,0,0,283.75,0.012079997236907836,0.18556194476052973,0.10821499385038919,-79.98991015188898,0.04947694429668186,NEUTRAL,0.18556194476052973,2026-02-10 07:00:00,2026-02-10,7,1_8,288.443,4.692999999999984,0,0,0,4.692999999999984
9673.85,8550.925,1122.925,19322.75,25540.5675,13335.4725,11750.835,1584.6375,11589.230833333333,8314.7990625,3274.4317708333333,-125.38125000000004,96.094099536202,-105.44200000000001,18.798999999999978,0.8660254037844387,-0.4999999999999998,0.7818314824680298,0.6234898018587336,0.49999999999999994,0.8660254037844387,0,0,378.45,0.01584581826876901,0.03417907012436564,0.02343645921668376,-17.122457280890437,0.001950765560350031,NEUTRAL,0.03417907012436564,2026-02-10 08:00:00,2026-02-10,8,1_8,322.753,-55.697,0,0,0,-55.697
11462.0425,6738.105,4723.9375,17464.5,27266.2725,18721.705,12416.1275,6305.5775,11848.325833333334,8619.82625,3228.4995833333337,-125.79337500000004,96.30094231278893,-176.80200000000002,-166.911,0.7071067811865476,-0.7071067811865475,0.7818314824680298,0.6234898018587336,0.49999999999999994,0.8660254037844387,0,1,385.3,0.0125129454316523,0.14397576828521905,0.05162620595539129,-22.23566796080705,0.010671324593307416,NEUTRAL,0.14397576828521905,2026-02-10 09:00:00,2026-02-10,9,9_16,332.343,-52.956999999999994,0,0,0,-52.956999999999994
13878.8375,4661.15,9217.6875,14987.75,24967.72,18134.655,8442.5175,9692.1375,11988.822291666665,8821.398333333333,3167.4239583333333,-124.33504166666671,95.94575887514885,-130.0,-165.0,0.49999999999999994,-0.8660254037844387,0.7818314824680298,0.6234898018587336,0.49999999999999994,0.8660254037844387,0,1,388.125,0.004128291542011118,0.3149691880563472,0.19492605839789282,-109.10595099542662,0.11455004265715045,NEUTRAL,0.3149691880563472,2026-02-10 10:00:00,2026-02-10,10,9_16,338.452,-49.673,0,0,0,-49.673
16271.2275,3122.255,13148.9725,13231.75,22087.545,15732.505,5826.1925,9906.3125,12050.549166666666,8942.4621875,3108.0869791666664,-125.34629166666672,95.21068475410517,-70.395,-46.125,0.258819045102521,-0.9659258262890682,0.7818314824680298,0.6234898018587336,0.49999999999999994,0.8660254037844387,0,1,336.44,0.0074063126543803415,0.5534201780779905,0.2705679646255178,-122.01787504979194,0.22509051379584616,DOWN,0.5534201780779905,2026-02-10 11:00:00,2026-02-10,11,9_16,310.249,-26.190999999999974,0,0,0,-26.190999999999974
18273.0675,2246.57,16026.4975,13193.5,16093.88,18419.015,6668.0825,11750.9325,12259.335520833332,9094.261458333332,3165.0740625,-126.79691666666672,93.94367339408728,-64.315,-29.5,1.2246467991473532e-16,-1.0,0.7818314824680298,0.6234898018587336,0.49999999999999994,0.8660254037844387,0,1,180.5,0.037760765154189926,0.7671694913699096,0.5301016622659375,-149.95058241278466,0.3834583734674591,DOWN,0.7671694913699096,2026-02-10 12:00:00,2026-02-10,12,9_16,328.916,148.416,1,0,0,148.416
18805.7175,1831.23,16974.4875,13368.25,10141.9,17547.915,7136.715,10411.2,12455.969270833331,9258.508854166666,3197.460416666667,-127.98129166666672,92.9494315020968,-66.425,-38.0,-0.2588190451025208,-0.9659258262890683,0.7818314824680298,0.6234898018587336,0.49999999999999994,0.8660254037844387,0,1,122.5,0.051879913740257605,0.6789877639583121,0.41124206125591234,-101.7586187365298,0.23030952333134255,DOWN,0.6789877639583121,2026-02-10 13:00:00,2026-02-10,13,9_16,361.628,239.128,1,0,1,239.128
17534.56,1775.58,15758.98,13471.0,13071.8075,16844.315,7930.3875,8913.9275,12670.48625,9458.759791666667,3211.726458333333,-130.9556666666667,91.03387335046213,-108.385,-37.0,-0.4999999999999997,-0.8660254037844388,0.7818314824680298,0.6234898018587336,0.49999999999999994,0.8660254037844387,0,1,130.82,0.025359091025917668,0.8970606439311417,0.30727139364871614,-122.14796233648342,0.3652470991614755,DOWN,0.8970606439311417,2026-02-10 14:00:00,2026-02-10,14,9_16,357.882,227.062,1,0,1,227.062
14546.2725,1892.6075,12653.665,14327.5,16431.5075,15671.3125,8753.0525,6918.26,12916.136041666665,9700.610312499999,3215.525729166667,-136.9556666666667,89.23091398294342,-180.0,-36.0,-0.7071067811865471,-0.7071067811865479,0.7818314824680298,0.6234898018587336,0.49999999999999994,0.8660254037844387,0,1,220.5,0.01278092566668874,0.6604915453129054,0.19602349537122654,-175.1842953698372,0.3856924865445875,DOWN,0.6604915453129054,2026-02-10 15:00:00,2026-02-10,15,9_16,335.111,114.61099999999999,1,0,0,114.61099999999999
10302.47,2065.965,8236.505,16048.25,22596.015,15546.96,10952.88,4594.08,13087.090729166666,9982.3378125,3104.752916666667,-145.76733333333337,96.4963974536655,-320.48,-109.0,-0.8660254037844385,-0.5000000000000004,0.7818314824680298,0.6234898018587336,0.49999999999999994,0.8660254037844387,0,1,350.75,0.0032383741948076995,0.25644909380613656,0.07341222658989266,-107.20241711419555,0.09163987574254305,NEUTRAL,0.25644909380613656,2026-02-10 16:00:00,2026-02-10,16,9_16,337.587,-13.163000000000011,0,0,0,-13.163000000000011
5614.345,2262.8375,3351.5075,17571.25,30872.315,13523.2925,11851.0175,1672.275,13260.832604166666,10258.159166666666,3002.6734375,-138.23087500000005,97.58287395462447,-38.15499999999997,-219.02999999999997,-0.9659258262890683,-0.25881904510252063,0.7818314824680298,0.6234898018587336,0.49999999999999994,0.8660254037844387,0,2,412.45,0.03618395732195096,0.059465869062163855,0.026536584358506483,-48.1579281138533,0.009545843491745,NEUTRAL,0.059465869062163855,2026-02-10 17:00:00,2026-02-10,17,17_24,366.053,-46.39699999999999,0,0,0,-46.39699999999999
2923.0175,2610.7275,312.29,19378.5,38478.9375,11947.2075,11843.575,103.6325,13536.058854166666,10540.4559375,2995.6029166666667,-141.39837500000004,96.28671092280118,-139.81099999999998,-63.791,-1.0,-1.8369701987210297e-16,0.7818314824680298,0.6234898018587336,0.49999999999999994,0.8660254037844387,0,2,439.0,0.02964983203526126,0.001712734184177195,0.014145721039073288,17.599631519747664,0.001739420394810027,NEUTRAL,0.02964983203526126,2026-02-10 18:00:00,2026-02-10,18,17_24,369.373,-69.62700000000001,0,0,0,-69.62700000000001
3134.13,3134.07,0.06,18939.0,39249.7175,12256.5175,12254.37,2.1475,13822.183229166667,10826.53875,2995.6444791666668,-139.06483333333338,98.20928885610948,-35.446000000000026,-91.45100000000002,-0.9659258262890684,0.2588190451025203,0.7818314824680298,0.6234898018587336,0.49999999999999994,0.8660254037844387,0,2,443.025,0.04346372282751765,0.0015762161111676637,0.018792873102208976,12.698322961590149,0.0018397212985895243,NEUTRAL,0.04346372282751765,2026-02-10 19:00:00,2026-02-10,19,17_24,376.847,-66.178,0,0,0,-66.178
3715.44,3715.44,0.0,17900.25,38270.445,12945.3425,12942.59,2.7525,14093.110729166665,11097.435104166667,2995.6756250000003,-139.23400000000004,98.04332660304253,-48.923,-44.863,-0.8660254037844386,0.5000000000000001,0.7818314824680298,0.6234898018587336,0.49999999999999994,0.8660254037844387,0,2,440.5,0.047133913924016675,0.004256238081298478,0.013398827861623386,31.49860983828075,0.004948842549479033,NEUTRAL,0.047133913924016675,2026-02-10 20:00:00,2026-02-10,20,17_24,379.195,-61.30500000000001,0,0,0,-61.30500000000001
4208.7125,4208.7125,0.0,17237.75,36736.4625,13447.4225,13444.725,2.6975,14312.311041666666,11316.604270833333,2995.706770833333,-138.68058333333337,98.51862088608765,-51.42599999999999,-64.70800000000003,-0.7071067811865477,0.7071067811865474,0.7818314824680298,0.6234898018587336,0.49999999999999994,0.8660254037844387,0,2,428.5,0.045263488374757736,0.006289874838252088,0.02415551651131682,25.566239926065947,0.00385739067893251,NEUTRAL,0.045263488374757736,2026-02-10 21:00:00,2026-02-10,21,17_24,412.253,-16.247000000000014,0,0,0,-16.247000000000014
4643.35,4643.35,0.0,15868.25,35419.535,13830.0825,13827.47,2.6125,14464.621458333333,11468.893750000001,2995.7277083333333,-138.12512500000005,99.34772447244488,9.781999999999982,-3.548999999999978,-0.5000000000000004,0.8660254037844384,0.7818314824680298,0.6234898018587336,0.49999999999999994,0.8660254037844387,0,2,402.5,0.049747551505635944,0.005091120333633609,0.03009509305362399,3.0804312031531005,0.0005108130331280899,NEUTRAL,0.049747551505635944,2026-02-10 22:00:00,2026-02-10,22,17_24,456.048,53.548,0,0,0,53.548
5254.455,5254.455,0.0,15213.25,30337.3625,13868.245,13865.185,3.06,14540.59625,11544.836458333333,2995.759791666667,-139.46420833333337,97.03873086465957,7.397000000000048,39.535000000000025,-0.25881904510252157,0.9659258262890681,0.7818314824680298,0.6234898018587336,0.49999999999999994,0.8660254037844387,0,2,390.0,0.035818768874209136,0.023190701611596927,0.017091762883569412,-21.946956590749313,0.0026203765520545017,NEUTRAL,0.035818768874209136,2026-02-10 23:00:00,2026-02-10,23,17_24,399.99,9.990000000000009,0,0,0,9.990000000000009
5975.38,5975.38,0.0,14537.5,26459.63,13661.4925,13658.06,3.4325,14544.275520833333,11548.4859375,2995.789583333333,-131.72787500000004,106.56202155768972,77.33299999999997,-108.339,-2.4492935982947064e-16,1.0,0.7818314824680298,0.6234898018587336,0.49999999999999994,0.8660254037844387,0,2,364.5,0.07201930098325714,0.016019308523973236,0.06550148154218778,5.2319792864423,0.0012560116365615164,NEUTRAL,0.07201930098325714,2026-02-11 00:00:00,2026-02-10,24,17_24,363.112,-1.3879999999999768,0,0,0,-1.3879999999999768
5748.095,5748.095,0.0,14200.75,25140.185,13469.9625,13466.4375,3.525,14508.907604166669,11513.08,2995.827604166667,-117.22150000000005,114.93702676418468,110.87700000000001,-237.276,0.25881904510252074,0.9659258262890683,0.9749279121818236,-0.22252093395631434,0.49999999999999994,0.8660254037844387,0,0,420.0,0.09590972167591685,0.008328626777768485,0.044335117116449434,38.01972358787162,0.012154870358360192,NEUTRAL,0.09590972167591685,2026-02-11 01:00:00,2026-02-11,1,1_8,447.197,27.197000000000003,0,0,0,27.197000000000003
5904.0975,5904.0975,0.0,14202.25,23443.14,12873.755,12870.3725,3.3825,14437.669583333334,11441.811666666668,2995.8579166666664,-101.52541666666671,117.40798558460945,96.506,-280.2,0.49999999999999994,0.8660254037844387,0.9749279121818236,-0.22252093395631434,0.49999999999999994,0.8660254037844387,0,0,401.3,0.04312922848885438,0.00654695196784316,0.054753206094793616,21.615174614845543,0.003945000368205298,NEUTRAL,0.054753206094793616,2026-02-11 02:00:00,2026-02-11,2,1_8,412.086,10.786000000000001,0,0,0,10.786000000000001
5770.7925,5770.7925,0.0,14197.5,23972.7775,11733.8225,11730.3625,3.46,14315.807708333334,11319.9159375,2995.8917708333333,-88.92966666666672,117.56198335592744,57.298,-245.0,0.7071067811865476,0.7071067811865476,0.9749279121818236,-0.22252093395631434,0.49999999999999994,0.8660254037844387,0,0,423.74,0.03205494594300129,0.007426997966850434,0.03553613537495604,18.966804105010883,0.0022466897276864624,NEUTRAL,0.03553613537495604,2026-02-11 03:00:00,2026-02-11,3,1_8,439.527,15.786999999999978,0,0,0,15.786999999999978
5306.2525,5306.2525,0.0,14205.0,23272.05,10249.1475,10245.82,3.3275,14163.6321875,11167.716145833334,2995.916041666667,-76.49170833333338,114.53859755690308,39.511000000000024,-259.0,0.8660254037844386,0.5000000000000001,0.9749279121818236,-0.22252093395631434,0.49999999999999994,0.8660254037844387,0,0,399.25,0.019668219682353813,0.009902970271466407,0.021775653304003217,3.5895736163440075,0.0002605510352623472,NEUTRAL,0.021775653304003217,2026-02-11 04:00:00,2026-02-11,4,1_8,417.724,18.47399999999999,0,0,0,18.47399999999999
4644.8825,4644.8825,0.0,14234.75,23802.305,9605.665,9602.56,3.105,14010.081145833334,11014.144062500001,2995.937083333333,-66.34991666666672,110.60166836854444,8.40300000000002,-235.0,0.9659258262890683,0.25881904510252074,0.9749279121818236,-0.22252093395631434,0.49999999999999994,0.8660254037844387,0,0,413.92,0.02746908272983706,0.007321430576232431,0.020726429444372235,9.874394124062087,0.0009041351636695948,NEUTRAL,0.02746908272983706,2026-02-11 05:00:00,2026-02-11,5,1_8,411.158,-2.7620000000000005,0,0,0,-2.7620000000000005
3837.8175,3837.715,0.1025,15654.75,24295.2825,8713.0125,8709.7,3.3125,13864.10385416667,10868.133749999999,2995.9701041666667,-56.50220833333338,105.47492955034417,2.8450000000000273,-233.5,1.0,6.123233995736766e-17,0.9749279121818236,-0.22252093395631434,0.49999999999999994,0.8660254037844387,0,0,401.17,0.028807108251346757,0.008107850430812575,0.021940021713940286,5.094750610665535,0.0004892167745168569,NEUTRAL,0.028807108251346757,2026-02-11 06:00:00,2026-02-11,6,1_8,398.553,-2.6170000000000186,0,0,0,-2.6170000000000186
3058.045,3017.115,40.93,18631.0,24506.8,7794.1125,7789.415,4.6975,13744.705625,10749.102083333333,2995.603541666667,-46.72333333333338,99.39434719805375,4.692999999999984,-230.0,0.9659258262890683,-0.25881904510252063,0.9749279121818236,-0.22252093395631434,0.49999999999999994,0.8660254037844387,0,0,408.5,0.022997531556271336,0.0032087087608943026,0.02390413793546855,13.249068850106818,0.0010556918976982435,NEUTRAL,0.02390413793546855,2026-02-11 07:00:00,2026-02-11,7,1_8,393.287,-15.213000000000022,0,0,0,-15.213000000000022
4747.5975,2337.7275,2409.87,19268.75,25388.2725,7206.345,6810.3475,395.9975,13489.3253125,10543.2484375,2946.076875,-44.65062500000004,98.6323811070836,-55.697,-105.44200000000001,0.8660254037844387,-0.4999999999999998,0.9749279121818236,-0.22252093395631434,0.49999999999999994,0.8660254037844387,0,0,393.855,0.010889426120136488,0.026415648943044656,0.024680980231725776,-10.86324920208285,0.0009565325910101018,NEUTRAL,0.026415648943044656,2026-02-11 08:00:00,2026-02-11,8,1_8,437.587,43.73199999999997,0,0,0,43.73199999999997
10981.5225,1795.4875,9186.035,17618.0,20094.1875,7779.1175,5522.765,2256.3525,13033.384166666665,10256.025,2777.3591666666666,-39.49041666666671,94.57408318024441,-52.956999999999994,-176.80200000000002,0.7071067811865476,-0.7071067811865475,0.9749279121818236,-0.22252093395631434,0.49999999999999994,0.8660254037844387,0,1,287.605,0.002722502454515895,0.4180523030662971,0.09708901156221852,-107.4023544191233,0.14966600539885727,NEUTRAL,0.4180523030662971,2026-02-11 09:00:00,2026-02-11,9,9_16,277.376,-10.229000000000042,0,0,0,-10.229000000000042
16971.7375,1381.25,15590.4875,15092.5,11051.325,9115.745,3747.1675,5368.5775,12657.59625,10060.385416666666,2597.210833333333,-36.14345833333338,92.63316267428962,-49.673,-130.0,0.49999999999999994,-0.8660254037844387,0.9749279121818236,-0.22252093395631434,0.49999999999999994,0.8660254037844387,0,1,33.575,0.027667156268952373,0.43845468460639725,0.08646873415065956,-74.02873776784422,0.10819415623269941,NEUTRAL,0.43845468460639725,2026-02-11 10:00:00,2026-02-11,10,9_16,-80.0,-113.575,0,1,0,-113.575
20872.6875,1177.6125,19695.075,13650.0,4932.7925,11781.21,2886.345,8894.865,12492.958958333335,9937.891770833334,2555.0671875000003,-34.30162500000004,92.3615843212494,-26.190999999999974,-70.395,0.258819045102521,-0.9659258262890682,0.9749279121818236,-0.22252093395631434,0.49999999999999994,0.8660254037844387,0,1,-5.5,0.004529425541203822,0.0008933789847362637,0.014658412490855675,-40.693464641531115,0.0019883386346587115,NEUTRAL,0.014658412490855675,2026-02-11 11:00:00,2026-02-11,11,9_16,-79.066,-73.566,0,0,0,-73.566
22868.4275,1167.0425,21701.385,13650.0,-113.6775,12107.5475,2293.62,9813.9275,12229.981145833333,9755.6225,2474.3586458333334,-25.437833333333376,99.30290868442958,148.416,-64.315,1.2246467991473532e-16,-1.0,0.9749279121818236,-0.22252093395631434,0.49999999999999994,0.8660254037844387,0,1,-50.0,0.0027110605125971153,0.00016935242285753192,0.00344336926016752,-19.571273229695564,0.00022463706873824402,NEUTRAL,0.00344336926016752,2026-02-11 12:00:00,2026-02-11,12,9_16,-79.007,-29.007000000000005,0,0,0,-29.007000000000005
23215.9025,1293.1725,21922.73,13650.0,-4536.58,11655.295,2050.7975,9604.4975,11984.455312500002,9543.709270833333,2440.7460416666668,-12.706458333333373,112.52624408746942,239.128,-66.425,-0.2588190451025208,-0.9659258262890683,0.9749279121818236,-0.22252093395631434,0.49999999999999994,0.8660254037844387,0,1,-50.0,0.0007994847033454824,6.728632291066676e-05,0.0029252659158777554,-37.42871613906063,0.0003649631586555258,NEUTRAL,0.0029252659158777554,2026-02-11 13:00:00,2026-02-11,13,9_16,-78.913,-28.912999999999997,0,0,0,-28.912999999999997
22088.9325,1550.34,20538.5925,13650.0,-1741.175,11050.1925,1895.5775,9154.615,11743.033541666666,9292.258854166666,2450.7746875,1.2704999999999569,120.66402881158609,227.062,-108.385,-0.4999999999999997,-0.8660254037844388,0.9749279121818236,-0.22252093395631434,0.49999999999999994,0.8660254037844387,0,1,-50.0,0.0011079021238866282,0.00010623649837064493,0.004432035527847893,-26.204226632998576,0.00038712687805742555,NEUTRAL,0.004432035527847893,2026-02-11 14:00:00,2026-02-11,14,9_16,-80.0,-30.0,0,0,0,-30.0
19337.725,1930.255,17407.47,14512.5,1852.28,9003.3325,1647.745,7355.5875,11465.201041666667,8996.204375,2468.9966666666664,13.545958333333289,116.32902554597571,114.61099999999999,-180.0,-0.7071067811865471,-0.7071067811865479,0.9749279121818236,-0.22252093395631434,0.49999999999999994,0.8660254037844387,0,1,-49.75,0.011417328903240166,0.00017808856708531907,0.01822064967845801,0.6266645105381774,3.806078170812829e-05,NEUTRAL,0.01822064967845801,2026-02-11 15:00:00,2026-02-11,15,9_16,-80.0,-30.25,0,0,0,-30.25
14544.8575,2461.205,12083.6525,16338.0,9130.355,6344.685,1381.53,4963.155,11081.772916666667,8597.398125,2484.3747916666666,26.350833333333288,92.41942250398915,-13.163000000000011,-320.48,-0.8660254037844385,-0.5000000000000004,0.9749279121818236,-0.22252093395631434,0.49999999999999994,0.8660254037844387,0,1,7.0,0.06789139503959944,0.0001355604304229042,0.08291250897313307,7.016768650521652,0.0019392596456625846,NEUTRAL,0.08291250897313307,2026-02-11 16:00:00,2026-02-11,16,9_16,-80.0,-87.0,0,0,0,-87.0
8252.845,3247.195,5005.65,18075.25,22238.39,3065.7475,1003.8875,2061.86,10646.041875,8145.434375000001,2500.6074999999996,26.007416666666625,92.6844709022357,-46.39699999999999,-38.15499999999997,-0.9659258262890683,-0.25881904510252063,0.9749279121818236,-0.22252093395631434,0.49999999999999994,0.8660254037844387,0,2,382.75,0.029959646668719756,0.05310930936375778,0.03801035968993607,-13.715982455368904,0.0024281545181668706,NEUTRAL,0.05310930936375778,2026-02-11 17:00:00,2026-02-11,17,17_24,165.555,-217.195,0,1,1,-217.195
5170.615,4711.6475,458.9675,19944.25,32266.4875,1148.25,957.0975,191.1525,10196.0853125,7691.831145833333,2504.2541666666666,28.93174999999995,88.22510963254032,-69.62700000000001,-139.81099999999998,-1.0,-1.8369701987210297e-16,0.9749279121818236,-0.22252093395631434,0.49999999999999994,0.8660254037844387,0,2,424.0,0.05960790995115791,0.0057344707140066275,0.024120543338600933,21.71011026846691,0.0043136476597082805,NEUTRAL,0.05960790995115791,2026-02-11 18:00:00,2026-02-11,18,17_24,361.029,-62.971000000000004,0,0,0,-62.971000000000004
7042.7575,7042.6925,0.065,19340.0,31575.31,1065.2475,1063.405,1.8425,9729.782395833334,7225.540937499999,2504.2414583333334,27.65124999999995,89.41511078075465,-66.178,-35.446000000000026,-0.9659258262890684,0.2588190451025203,0.9749279121818236,-0.22252093395631434,0.49999999999999994,0.8660254037844387,0,2,420.0,0.015928381587912006,0.0069749301505998154,0.01122184882035089,-12.03171972194834,0.0006388194096333324,NEUTRAL,0.015928381587912006,2026-02-11 19:00:00,2026-02-11,19,17_24,376.86,-43.139999999999986,0,0,0,-43.139999999999986
9735.76,9735.76,0.0,18123.25,29430.8625,1340.905,1338.0225,2.8825,9246.264166666668,6742.017291666667,2504.246875,27.135333333333293,89.91049592869994,-61.30500000000001,-48.923,-0.8660254037844386,0.5000000000000001,0.9749279121818236,-0.22252093395631434,0.49999999999999994,0.8660254037844387,0,2,386.5,0.019427839246336304,0.018567263719589885,0.012010704689333958,-22.2871561102866,0.0014433042872288332,NEUTRAL,0.019427839246336304,2026-02-11 20:00:00,2026-02-11,20,17_24,371.03,-15.470000000000027,0,0,0,-15.470000000000027
12022.67,12022.67,0.0,17632.25,26664.1475,1366.2325,1363.545,2.6875,8742.88125,6238.634791666666,2504.2464583333335,28.601124999999954,88.85459936778527,-16.247000000000014,-51.42599999999999,-0.7071067811865477,0.7071067811865474,0.9749279121818236,-0.22252093395631434,0.49999999999999994,0.8660254037844387,0,2,380.0,0.026698296352927406,0.04733349041865067,0.023767248287366087,-33.09125413333354,0.005221081868204258,NEUTRAL,0.04733349041865067,2026-02-11 21:00:00,2026-02-11,21,17_24,376.743,-3.257000000000005,0,0,0,-3.257000000000005
13719.7325,13719.7325,0.0,16529.5,24461.0775,1406.0725,1403.31,2.7625,8225.214166666667,5720.961458333332,2504.252708333333,30.424708333333285,88.90067545616992,53.548,9.781999999999982,-0.5000000000000004,0.8660254037844384,0.9749279121818236,-0.22252093395631434,0.49999999999999994,0.8660254037844387,0,2,364.5,0.03892271331403477,0.1523442540082412,0.06916215384473834,-20.058625704867666,0.01018605456479532,NEUTRAL,0.1523442540082412,2026-02-11 22:00:00,2026-02-11,22,17_24,372.627,8.12700000000001,0,0,0,8.12700000000001
14883.1725,14883.1725,0.0,15197.75,20219.1675,1706.3,1703.3025,2.9975,7718.466458333333,5214.216354166666,2504.250104166667,30.532749999999954,88.87304428778228,9.990000000000009,7.397000000000048,-0.25881904510252157,0.9659258262890681,0.9749279121818236,-0.22252093395631434,0.49999999999999994,0.8660254037844387,0,2,300.0,0.027323159350386705,0.23244023469477842,0.11738068875680088,-48.833944268426016,0.037836578222748905,NEUTRAL,0.23244023469477842,2026-02-11 23:00:00,2026-02-11,23,17_24,341.731,41.730999999999995,0,0,0,41.730999999999995
15432.2225,15432.2225,0.0,14018.75,16938.17,2224.6075,2221.2125,3.395,7241.9295833333335,4737.681041666667,2504.2485416666664,27.25270833333329,88.52267622601241,-1.3879999999999768,77.33299999999997,-2.4492935982947064e-16,1.0,0.9749279121818236,-0.22252093395631434,0.49999999999999994,0.8660254037844387,0,2,203.0,0.08593225767178686,0.35905092297800734,0.17069965066774842,-57.541529959083995,0.06886779813791924,NEUTRAL,0.35905092297800734,2026-02-12 00:00:00,2026-02-11,24,17_24,236.702,33.702,0,0,0,33.702
15076.7025,15076.7025,0.0,13119.5,14678.505,2781.8625,2778.55,3.3125,6796.592083333333,4292.3523958333335,2504.2396875,23.766041666666624,86.7152495046298,27.197000000000003,110.87700000000001,0.25881904510252074,0.9659258262890683,0.43388373911755823,-0.900968867902419,0.49999999999999994,0.8660254037844387,0,0,188.55,0.06030044203596675,0.35647005861653247,0.10881254723057063,-25.103622882299756,0.02982896640113573,NEUTRAL,0.35647005861653247,2026-02-12 01:00:00,2026-02-12,1,1_8,160.769,-27.781000000000006,0,0,0,-27.781000000000006
14592.02,14592.02,0.0,13121.75,13315.32,3126.535,3123.39,3.145,6390.457916666666,3886.228125,2504.2297916666666,20.194374999999955,85.343426455199,10.786000000000001,96.506,0.49999999999999994,0.8660254037844387,0.43388373911755823,-0.900968867902419,0.49999999999999994,0.8660254037844387,0,0,167.25,0.08368512926664275,0.43493855063682774,0.08732526318595171,-15.223075435990262,0.022070341221215664,NEUTRAL,0.43493855063682774,2026-02-12 02:00:00,2026-02-12,2,1_8,10.237,-157.013,0,1,1,-157.013
14027.205,14027.205,0.0,13122.75,14014.5925,3095.255,3092.1175,3.1375,6030.517604166667,3526.30125,2504.2163541666664,18.464749999999956,84.97863097183699,15.786999999999978,57.298,0.7071067811865476,0.7071067811865476,0.43388373911755823,-0.900968867902419,0.49999999999999994,0.8660254037844387,0,0,182.05,0.07067919726489812,0.30113832304483884,0.06270094246742319,-11.574536464340406,0.011618455002976025,NEUTRAL,0.30113832304483884,2026-02-12 03:00:00,2026-02-12,3,1_8,300.427,118.37700000000001,1,0,0,118.37700000000001
13410.7925,13410.7925,0.0,13121.75,13649.935,3029.5675,3026.405,3.1625,5729.701770833333,3225.492291666667,2504.2094791666664,17.588208333333284,84.86051810034442,18.47399999999999,39.511000000000024,0.8660254037844386,0.5000000000000001,0.43388373911755823,-0.900968867902419,0.49999999999999994,0.8660254037844387,0,0,199.0,0.0663220509827257,0.2863154024496102,0.06014456955325541,-16.932885797329636,0.01616048670565241,NEUTRAL,0.2863154024496102,2026-02-12 04:00:00,2026-02-12,4,1_8,-17.135,-216.135,0,1,1,-216.135
12800.9175,12800.9175,0.0,13124.75,14062.0875,3151.9825,3148.875,3.1075,5460.798333333333,2956.5887500000003,2504.209583333333,17.12299999999995,84.94362378967337,-2.7620000000000005,8.40300000000002,0.9659258262890683,0.25881904510252074,0.43388373911755823,-0.900968867902419,0.49999999999999994,0.8660254037844387,0,0,185.05,0.07066001300309702,0.30001384584405927,0.09765531396269624,-7.725550750852003,0.00772590730675523,NEUTRAL,0.30001384584405927,2026-02-12 05:00:00,2026-02-12,5,1_8,241.586,56.536,0,0,0,56.536
12289.82,12289.7175,0.1025,14821.5,14103.4,2710.62,2707.67,2.95,5210.698645833333,2706.5041666666666,2504.1944791666665,16.895416666666616,84.99084487111315,-2.6170000000000186,2.8450000000000273,1.0,6.123233995736766e-17,0.43388373911755823,-0.900968867902419,0.49999999999999994,0.8660254037844387,0,0,200.5,0.10254828770776443,0.26006203375022957,0.08511645301510778,-12.369810036740079,0.01072305985086209,NEUTRAL,0.26006203375022957,2026-02-12 06:00:00,2026-02-12,6,1_8,9.998,-190.502,0,1,1,-190.502
11902.515,11876.62,25.895,18395.5,13223.875,1853.2625,1839.4525,13.81,4963.1632291666665,2458.5890625,2504.5741666666668,16.06599999999995,85.21194712469861,-15.213000000000022,4.692999999999984,0.9659258262890683,-0.25881904510252063,0.43388373911755823,-0.900968867902419,0.49999999999999994,0.8660254037844387,0,0,201.213,0.1334885483688215,0.2672937356271785,0.19710263887260068,-10.531070891314076,0.009382964262313267,NEUTRAL,0.2672937356271785,2026-02-12 07:00:00,2026-02-12,7,1_8,-80.0,-281.21299999999997,0,1,1,-281.21299999999997
13667.1975,11333.8375,2333.36,18678.25,14483.56,3075.02,1606.8025,1468.2175,4791.0246875,2241.7746875,2549.2499999999995,20.20887499999995,83.97937218839779,43.73199999999997,-55.697,0.8660254037844387,-0.4999999999999998,0.43388373911755823,-0.900968867902419,0.49999999999999994,0.8660254037844387,0,0,220.25,0.0955928361621312,0.2416198882044021,0.09744782038550925,-23.706587998258016,0.01909327713948974,NEUTRAL,0.2416198882044021,2026-02-12 08:00:00,2026-02-12,8,1_8,87.933,-132.317,0,1,0,-132.317
19265.94,10386.5475,8879.3925,16635.75,8213.0575,7984.1775,1398.145,6586.0325,4799.568854166667,2069.9155208333336,2729.653333333333,21.98920833333328,82.80554823092538,-10.229000000000042,-52.956999999999994,0.7071067811865476,-0.7071067811865475,0.43388373911755823,-0.900968867902419,0.49999999999999994,0.8660254037844387,0,1,14.675,0.10421027079329105,0.017594592457612787,0.15570633216461838,-37.721749746625584,0.01957838431959564,NEUTRAL,0.15570633216461838,2026-02-12 09:00:00,2026-02-12,9,9_16,-80.0,-94.675,0,0,0,-94.675
23666.5525,8585.655,15080.8975,15087.5,-1018.6475,13002.19,1266.715,11735.475,4961.5040625,1966.5633333333333,2994.9407291666666,19.326624999999947,86.16906811299393,-113.575,-49.673,0.49999999999999994,-0.8660254037844387,0.43388373911755823,-0.900968867902419,0.49999999999999994,0.8660254037844387,0,1,-56.6,0.00344272758477161,9.066958967527452e-05,0.014630790809885582,-12.990708120798068,0.0006335477766255946,NEUTRAL,0.014630790809885582,2026-02-12 10:00:00,2026-02-12,10,9_16,-80.0,-23.4,0,0,0,-23.4
26078.0625,6983.77,19094.2925,13646.5,-6294.87,13021.8575,840.34,12181.5175,5013.197708333334,1881.313125,3131.884583333333,17.352666666666615,87.78460799155914,-73.566,-26.190999999999974,0.258819045102521,-0.9659258262890682,0.43388373911755823,-0.900968867902419,0.49999999999999994,0.8660254037844387,0,1,-70.0,0.0027185924042889527,0.00011128397006828385,0.0022497339953089384,-12.022737798455083,0.00010894974552545892,NEUTRAL,0.0027185924042889527,2026-02-12 11:00:00,2026-02-12,11,9_16,-80.0,-10.0,0,0,0,-10.0
27295.2725,6315.6575,20979.615,13650.0,-9853.0825,12364.7325,669.355,11695.3775,5023.913750000001,1813.6354166666667,3210.278333333333,9.960041666666614,83.64031684617434,-29.007000000000005,148.416,1.2246467991473532e-16,-1.0,0.43388373911755823,-0.900968867902419,0.49999999999999994,0.8660254037844387,0,1,-62.625,0.0037941369123717095,5.802872474644693e-05,0.0013419495111526025,-1.6658789601819843,2.1068576181232892e-05,NEUTRAL,0.0037941369123717095,2026-02-12 12:00:00,2026-02-12,12,9_16,-80.0,-17.375,0,0,0,-17.375
27165.125,6077.2325,21087.8925,13647.5,-12033.4875,12339.2525,811.33,11527.9225,5052.411979166667,1761.9909375,3290.421041666667,-1.2083333333333866,68.17520194556548,-28.912999999999997,239.128,-0.2588190451025208,-0.9659258262890683,0.43388373911755823,-0.900968867902419,0.49999999999999994,0.8660254037844387,0,1,-70.0,0.009014025812446121,9.016658372657739e-05,0.0026684450843215304,-11.07952439861067,0.0003329037297290106,NEUTRAL,0.009014025812446121,2026-02-12 13:00:00,2026-02-12,13,9_16,-80.0,-10.0,0,0,0,-10.0
25587.595,5981.0675,19606.5275,13644.0,-10181.1325,9023.2675,797.595,8225.6725,4967.956770833333,1716.2416666666668,3251.715104166667,-11.919250000000053,47.94425341477094,-30.0,227.062,-0.4999999999999997,-0.8660254037844388,0.43388373911755823,-0.900968867902419,0.49999999999999994,0.8660254037844387,0,1,-70.0,0.02023092417997478,0.00012018504867882393,0.009844022372334884,-1.2060924341695027,8.133454863241477e-05,NEUTRAL,0.02023092417997478,2026-02-12 14:00:00,2026-02-12,14,9_16,-80.0,-10.0,0,0,0,-10.0
22321.67,5970.0825,16351.5875,14507.0,-5536.8725,6948.195,877.58,6070.615,4882.326041666666,1684.151458333333,3198.1745833333334,-17.955125000000052,39.738674820151225,-30.25,114.61099999999999,-0.7071067811865471,-0.7071067811865479,0.43388373911755823,-0.900968867902419,0.49999999999999994,0.8660254037844387,0,1,-70.0,0.053331904485582685,8.621895143814682e-05,0.04472634806009856,5.004978020587695,0.0008897500324880788,NEUTRAL,0.053331904485582685,2026-02-12 15:00:00,2026-02-12,15,9_16,-80.0,-10.0,0,0,0,-10.0
17152.26,6021.995,11130.265,16333.5,2628.565,8263.36,1546.45,6716.91,4962.270833333333,1691.023125,3271.247708333334,-21.03166666666672,42.13735307370089,-87.0,-13.163000000000011,-0.8660254037844385,-0.5000000000000004,0.43388373911755823,-0.900968867902419,0.49999999999999994,0.8660254037844387,0,1,-10.5,0.14245527695276217,0.00029844679989090016,0.24714978290854248,27.151543730756593,0.022368327128960964,NEUTRAL,0.24714978290854248,2026-02-12 16:00:00,2026-02-12,16,9_16,-80.0,-69.5,0,0,0,-69.5
10794.495,6175.265,4619.23,17975.75,15642.705,7366.3875,3176.6625,4189.725,5141.464166666667,1781.5554166666668,3359.90875,-28.148250000000058,58.032582700505856,-217.195,-46.39699999999999,-0.9659258262890683,-0.25881904510252063,0.43388373911755823,-0.900968867902419,0.49999999999999994,0.8660254037844387,0,2,277.038,0.06801854377361989,0.17607593901680743,0.20450552809700653,-55.254482995683894,0.037666157415864675,NEUTRAL,0.20450552809700653,2026-02-12 17:00:00,2026-02-12,17,17_24,112.584,-164.454,0,1,1,-164.454
7193.0775,6769.0,424.0775,19636.0,26699.34,4723.175,4390.095,333.08,5290.419375,1924.5969791666666,3365.8223958333333,-27.870916666666716,57.841329570016654,-62.971000000000004,-69.62700000000001,-1.0,-1.8369701987210297e-16,0.43388373911755823,-0.900968867902419,0.49999999999999994,0.8660254037844387,0,2,423.875,0.042298915084314326,0.03375025507380728,0.017212544175096683,-4.7002604268443,0.0006627197222308335,NEUTRAL,0.042298915084314326,2026-02-12 18:00:00,2026-02-12,18,17_24,345.62,-78.255,0,0,0,-78.255
7751.285,7751.2375,0.0475,18934.25,27783.235,6428.8625,6426.585,2.2775,5513.903333333333,2148.0628125,3365.840520833334,-26.911000000000048,57.367178944059546,-43.139999999999986,-66.178,-0.9659258262890684,0.2588190451025203,0.43388373911755823,-0.900968867902419,0.49999999999999994,0.8660254037844387,0,2,423.925,0.04016805642497078,0.0517647844974332,0.015549698990628786,-12.909283886486454,0.0022274876613338607,NEUTRAL,0.0517647844974332,2026-02-12 19:00:00,2026-02-12,19,17_24,397.304,-26.621000000000038,0,0,0,-26.621000000000038
8728.4925,8728.4925,0.0,17805.25,27012.8875,9054.8525,9051.355,3.4975,5835.3178125,2469.4516666666664,3365.8661458333336,-25.00120833333339,56.933698282931296,-15.470000000000027,-61.30500000000001,-0.8660254037844386,0.5000000000000001,0.43388373911755823,-0.900968867902419,0.49999999999999994,0.8660254037844387,0,2,510.0,0.030016511082562092,0.09378324886619842,0.02174206932380851,-15.355193392240198,0.004800199744310227,NEUTRAL,0.09378324886619842,2026-02-12 20:00:00,2026-02-12,20,17_24,369.852,-140.14800000000002,0,1,0,-140.14800000000002
9395.2125,9395.2125,0.0,17129.5,26290.0675,11507.0775,11503.4925,3.585,6257.853020833333,2891.949479166667,3365.9035416666666,-24.459958333333386,57.0820925239342,-3.257000000000005,-16.247000000000014,-0.7071067811865477,0.7071067811865474,0.43388373911755823,-0.900968867902419,0.49999999999999994,0.8660254037844387,0,2,387.5,0.019371643253778777,0.026559446175851906,0.027748454966438237,-6.287712314686466,0.0005815810066866551,NEUTRAL,0.027748454966438237,2026-02-12 21:00:00,2026-02-12,21,17_24,367.872,-19.627999999999986,0,0,0,-19.627999999999986
9679.2725,9679.2725,0.0,15695.5,26224.4775,13768.585,13765.1825,3.4025,6772.957708333334,3407.0275,3365.9302083333337,-26.35250000000005,55.10192482789399,8.12700000000001,53.548,-0.5000000000000004,0.8660254037844384,0.43388373911755823,-0.900968867902419,0.49999999999999994,0.8660254037844387,0,2,479.5,0.03523154673358117,0.03467705697323557,0.04675981679711858,-1.8664565249804292,0.0002909172172262382,NEUTRAL,0.04675981679711858,2026-02-12 22:00:00,2026-02-12,22,17_24,361.318,-118.18200000000002,0,1,0,-118.18200000000002
9559.5075,9559.5075,0.0,14439.75,23565.69,15230.0425,15226.4825,3.56,7336.446979166666,3970.4933333333333,3365.9536458333337,-25.029958333333383,56.37827041509823,41.730999999999995,9.990000000000009,-0.25881904510252157,0.9659258262890681,0.43388373911755823,-0.900968867902419,0.49999999999999994,0.8660254037844387,0,2,458.0,0.041854301860649444,0.03909761531987974,0.04808665041427202,-2.8953122151497785,0.00046408622110026315,NEUTRAL,0.04808665041427202,2026-02-12 23:00:00,2026-02-12,23,17_24,366.665,-91.33499999999998,0,0,0,-91.33499999999998
9006.05,9006.05,0.0,13167.5,21158.3325,14986.3425,14987.2975,-0.955,7868.185937500001,4502.413541666667,3365.7723958333336,-23.567875000000054,57.46261993172808,33.702,-1.3879999999999768,-2.4492935982947064e-16,1.0,0.43388373911755823,-0.900968867902419,0.49999999999999994,0.8660254037844387,0,2,440.0,0.05636949454010355,0.04305615976551815,0.1137613867197364,-2.5971211863857935,0.0009848403588081829,NEUTRAL,0.1137613867197364,2026-02-13 00:00:00,2026-02-12,24,17_24,381.955,-58.045000000000016,0,0,0,-58.045000000000016
8294.74,8294.74,0.0,13125.75,17481.755,14487.91,14484.3575,3.5525,8355.937916666666,4990.155520833333,3365.7823958333333,-25.858625000000057,56.43759496756197,-27.781000000000006,27.197000000000003,0.25881904510252074,0.9659258262890683,-0.433883739117558,-0.9009688679024191,0.49999999999999994,0.8660254037844387,0,0,349.0,0.02588325306452029,0.16079234131218706,0.03412912316920206,-17.576410812490508,0.009420507488017297,NEUTRAL,0.16079234131218706,2026-02-13 01:00:00,2026-02-13,1,1_8,371.765,22.764999999999986,0,0,0,22.764999999999986
6955.2325,6955.2325,0.0,13121.25,17009.335,12887.5825,12884.0475,3.535,8762.648229166667,5396.849583333334,3365.798645833333,-32.85025000000005,61.83607458029446,-157.013,10.786000000000001,0.49999999999999994,0.8660254037844387,-0.433883739117558,-0.9009688679024191,0.49999999999999994,0.8660254037844387,0,0,334.39,0.025975244636048504,0.323690269908591,0.09255926047544058,-43.8894745360534,0.04735531952907119,NEUTRAL,0.323690269908591,2026-02-13 02:00:00,2026-02-13,2,1_8,366.429,32.03899999999999,0,0,0,32.03899999999999
5526.58,5526.58,0.0,13118.75,19405.605,13742.73,13739.2475,3.4825,9206.293020833333,5840.48,3365.813020833333,-28.57566666666672,68.52821453187937,118.37700000000001,15.786999999999978,0.7071067811865476,0.7071067811865476,-0.433883739117558,-0.9009688679024191,0.49999999999999994,0.8660254037844387,0,0,404.0,0.07505910534532914,0.026144393706599316,0.034745722663557695,17.152557711468653,0.004291518787356545,NEUTRAL,0.07505910534532914,2026-02-13 03:00:00,2026-02-13,3,1_8,393.586,-10.413999999999987,0,0,0,-10.413999999999987
4237.8075,4237.8075,0.0,13121.0,19103.34,13046.275,13042.895,3.38,9623.655833333334,6257.833750000001,3365.822083333333,-38.35104166666672,77.65086682596663,-216.135,18.47399999999999,0.8660254037844386,0.5000000000000001,-0.433883739117558,-0.9009688679024191,0.49999999999999994,0.8660254037844387,0,0,378.0,0.025403291592918143,0.04175312487353152,0.03301844881656986,-25.081868984666485,0.003490821359261123,NEUTRAL,0.04175312487353152,2026-02-13 04:00:00,2026-02-13,4,1_8,382.468,4.468000000000018,0,0,0,4.468000000000018
3217.115,3217.115,0.0,13118.5,19821.0975,11953.68,11950.2,3.48,9990.393229166666,6624.555625,3365.8376041666666,-35.88029166666672,79.74758385026121,56.536,-2.7620000000000005,0.9659258262890683,0.25881904510252074,-0.433883739117558,-0.9009688679024191,0.49999999999999994,0.8660254037844387,0,0,430.0,0.07755617054769438,0.016374139617501338,0.03550589853285788,27.523190608654822,0.007115310882871779,NEUTRAL,0.07755617054769438,2026-02-13 05:00:00,2026-02-13,5,1_8,385.01,-44.99000000000001,0,0,0,-44.99000000000001
2558.2725,2558.17,0.1025,14768.5,19905.64,11916.9325,11913.815,3.1175,10373.989583333334,7008.145,3365.8445833333335,-43.70883333333339,85.36447039996433,-190.502,-2.6170000000000186,1.0,6.123233995736766e-17,-0.433883739117558,-0.9009688679024191,0.49999999999999994,0.8660254037844387,0,0,400.0,0.04934269279163148,0.020304210654607465,0.04733140273106377,-0.39632073969213355,6.5185108351937e-05,NEUTRAL,0.04934269279163148,2026-02-13 06:00:00,2026-02-13,6,1_8,396.033,-3.9669999999999845,0,0,0,-3.9669999999999845
2219.355,2190.0325,29.3225,18278.25,18784.385,10158.535,10141.075,17.46,10720.042604166667,7354.0459375,3365.9966666666664,-54.79216666666671,97.8577460339256,-281.21299999999997,-15.213000000000022,0.9659258262890683,-0.25881904510252063,-0.433883739117558,-0.9009688679024191,0.49999999999999994,0.8660254037844387,0,0,386.0,0.014600892203524021,0.022056096674935865,0.032987068929811424,-22.40323965717865,0.0024633907027414564,NEUTRAL,0.032987068929811424,2026-02-13 07:00:00,2026-02-13,7,1_8,377.515,-8.485000000000014,0,0,0,-8.485000000000014
4064.26,1968.775,2095.485,18604.0,17751.705,13260.7375,11589.96,1670.7775,11144.4475,7770.010833333334,3374.436666666667,-62.12754166666671,96.74324771088705,-132.317,43.73199999999997,0.8660254037844387,-0.4999999999999998,-0.433883739117558,-0.9009688679024191,0.49999999999999994,0.8660254037844387,0,0,338.698,0.00869120294891077,0.10452375125388227,0.05171768811104035,-28.91548016760891,0.010074514854752399,NEUTRAL,0.10452375125388227,2026-02-13 08:00:00,2026-02-13,8,1_8,436.582,97.88400000000001,0,0,0,97.88400000000001
9641.3625,1739.53,7901.8325,16634.25,10875.19,13931.745,8302.1075,5629.6375,11392.2628125,8057.6759375,3334.5868750000004,-65.64612500000005,96.30829925288567,-94.675,-10.229000000000042,0.7071067811865476,-0.7071067811865475,-0.433883739117558,-0.9009688679024191,0.49999999999999994,0.8660254037844387,0,1,148.375,0.036333631621108,0.28912827234812777,0.3311719403316133,-40.844390063169094,0.045088386362936585,NEUTRAL,0.3311719403316133,2026-02-13 09:00:00,2026-02-13,9,9_16,153.241,4.866000000000014,0,0,0,4.866000000000014
15021.465,1414.1425,13607.3225,15087.0,1087.3825,12163.0775,4757.0075,7406.07,11357.299791666666,8203.104791666667,3154.1949999999997,-61.88883333333337,96.11595801479137,-23.4,-113.575,0.49999999999999994,-0.8660254037844387,-0.433883739117558,-0.9009688679024191,0.49999999999999994,0.8660254037844387,0,1,-69.0,0.007446230711720806,0.0005318653854910999,0.02365079579166728,-28.024749339745753,0.0022093587458232975,NEUTRAL,0.02365079579166728,2026-02-13 10:00:00,2026-02-13,10,9_16,-80.0,-11.0,0,0,0,-11.0
18833.35,1139.8425,17693.5075,13646.75,-5623.965,10459.055,2775.725,7683.33,11250.516354166668,8283.745833333332,2966.7705208333336,-59.24025000000004,96.65449781758352,-10.0,-73.566,0.258819045102521,-0.9659258262890682,-0.433883739117558,-0.9009688679024191,0.49999999999999994,0.8660254037844387,0,1,-70.5,0.0017237053442875694,0.00031755471006023967,0.002381920960603682,-21.74572567084694,0.00017265533259642633,NEUTRAL,0.002381920960603682,2026-02-13 11:00:00,2026-02-13,11,9_16,-80.0,-9.5,0,0,0,-9.5
20866.5725,1075.0375,19791.535,13650.0,-10433.94,10568.205,2470.6575,8097.5475,11175.661041666666,8358.800104166667,2816.8609375,-58.75558333333337,96.84167422223948,-17.375,-29.007000000000005,1.2246467991473532e-16,-1.0,-0.433883739117558,-0.9009688679024191,0.49999999999999994,0.8660254037844387,0,1,-70.5,0.0012688787141797889,0.00024044779617719104,0.0012275857638789289,-19.23465412047675,8.135481062694507e-05,NEUTRAL,0.0012688787141797889,2026-02-13 12:00:00,2026-02-13,12,9_16,-80.0,-9.5,0,0,0,-9.5
21257.61,1204.6975,20052.9125,13648.0,-13424.04,11275.37,2579.28,8696.09,11131.332604166666,8432.4646875,2698.8679166666666,-57.967541666666705,97.17146427968838,-10.0,-28.912999999999997,-0.2588190451025208,-0.9659258262890683,-0.433883739117558,-0.9009688679024191,0.49999999999999994,0.8660254037844387,0,1,-70.5,0.0008891624923976643,0.00026603056691305594,0.0011487875647926684,-17.586641405727587,6.734438317789235e-05,NEUTRAL,0.0011487875647926684,2026-02-13 13:00:00,2026-02-13,13,9_16,-80.0,-9.5,0,0,0,-9.5
20190.65,1425.1075,18765.5425,13645.0,-12206.3325,8229.1025,2091.3575,6137.745,11098.242395833333,8486.371458333333,2611.8709375,-57.13420833333337,97.50691944587302,-10.0,-30.0,-0.4999999999999997,-0.8660254037844388,-0.433883739117558,-0.9009688679024191,0.49999999999999994,0.8660254037844387,0,1,-70.5,0.0014308287275463327,0.0001851939176991364,0.0014076914792278546,-14.96624953300374,7.138046591816212e-05,NEUTRAL,0.0014308287275463327,2026-02-13 14:00:00,2026-02-13,14,9_16,-80.0,-9.5,0,0,0,-9.5
17353.7575,1733.3575,15620.4,14507.5,-8553.7575,5044.9675,1533.915,3511.0525,11018.941249999998,8513.71875,2505.2225000000003,-56.29045833333337,97.83672552555662,-10.0,-30.25,-0.7071067811865471,-0.7071067811865479,-0.433883739117558,-0.9009688679024191,0.49999999999999994,0.8660254037844387,0,1,-70.5,0.00199162454532604,0.00019279911956636824,0.0034948906121268345,-22.736022732616988,0.00026486637468441804,NEUTRAL,0.0034948906121268345,2026-02-13 15:00:00,2026-02-13,15,9_16,-80.0,-9.5,0,0,0,-9.5
12751.6325,2116.3575,10635.275,16332.25,-1063.0675,5033.82,1819.635,3214.185,10884.377083333333,8525.101458333333,2359.2756249999998,-55.561291666666705,97.66295800864259,-69.5,-87.0,-0.8660254037844385,-0.5000000000000004,-0.433883739117558,-0.9009688679024191,0.49999999999999994,0.8660254037844387,0,1,-70.5,0.020510067219865268,0.00011027964771099735,0.017299250725246157,-2.9289428752125866,0.0002002427175125187,NEUTRAL,0.020510067219865268,2026-02-13 16:00:00,2026-02-13,16,9_16,-80.0,-9.5,0,0,0,-9.5
7188.665,2710.69,4477.975,17559.5,11339.21,7164.315,4123.78,3040.535,10875.957395833333,8564.5646875,2311.3927083333333,-53.36375000000004,94.40695745236549,-164.454,-217.195,-0.9659258262890683,-0.25881904510252063,-0.433883739117558,-0.9009688679024191,0.49999999999999994,0.8660254037844387,0,2,226.25,0.1570263571150897,0.3163140863319516,0.2898365812165097,11.622563720460603,0.012254602080241279,NEUTRAL,0.3163140863319516,2026-02-13 17:00:00,2026-02-13,17,17_24,259.29,33.04000000000002,0,0,0,33.04000000000002
4185.1025,3741.4325,443.67,18941.75,22191.7925,5727.055,5425.495,301.56,10917.785729166668,8607.706354166667,2310.079375,-54.000583333333374,94.52605687870373,-78.255,-62.971000000000004,-1.0,-1.8369701987210297e-16,-0.433883739117558,-0.9009688679024191,0.49999999999999994,0.8660254037844387,0,2,380.0,0.03336373786150336,0.03580155951487629,0.051003113007911056,-6.117590302053815,0.001040053831705838,NEUTRAL,0.051003113007911056,2026-02-13 18:00:00,2026-02-13,18,17_24,360.848,-19.151999999999987,0,0,0,-19.151999999999987
5314.4,5314.3375,0.0625,18860.0,24252.61,6574.67,6576.6075,-1.9375,10923.861041666669,8613.957291666668,2309.90375,-53.31229166666672,94.66861063064685,-26.621000000000038,-43.139999999999986,-0.9659258262890684,0.2588190451025203,-0.433883739117558,-0.9009688679024191,0.49999999999999994,0.8660254037844387,0,2,362.0,0.027929195042950057,0.06461383132831763,0.04894057174914703,-13.445817570461507,0.0028959526285637647,NEUTRAL,0.06461383132831763,2026-02-13 19:00:00,2026-02-13,19,17_24,312.262,-49.738,0,0,0,-49.738
7278.03,7278.03,0.0,17607.5,22836.8725,7762.7225,7759.2675,3.455,10870.022291666666,8560.1203125,2309.9019791666665,-58.50720833333338,95.91437841024656,-140.14800000000002,-15.470000000000027,-0.8660254037844386,0.5000000000000001,-0.433883739117558,-0.9009688679024191,0.49999999999999994,0.8660254037844387,0,2,350.0,0.012336423877572148,0.08939586057587048,0.0754609160898074,-39.65412888632478,0.01181638325726496,NEUTRAL,0.08939586057587048,2026-02-13 20:00:00,2026-02-13,20,17_24,300.753,-49.247000000000014,0,0,0,-49.247000000000014
9205.6675,9205.6675,0.0,16951.0,20941.6675,9088.9825,9089.945,-0.9625,10769.268333333333,8459.555833333334,2309.7125,-59.18933333333339,95.56193164310783,-19.627999999999986,-3.257000000000005,-0.7071067811865477,0.7071067811865474,-0.433883739117558,-0.9009688679024191,0.49999999999999994,0.8660254037844387,0,2,330.0,0.020311976742572443,0.1363965918829805,0.11798835414530459,-33.64082006273322,0.015294977349018019,NEUTRAL,0.1363965918829805,2026-02-13 21:00:00,2026-02-13,21,17_24,302.133,-27.86700000000002,0,0,0,-27.86700000000002
10824.145,10824.145,0.0,15562.75,19574.3475,10061.4675,10057.9625,3.505,10614.805104166668,8305.088333333333,2309.716770833333,-64.45220833333337,95.17073934546842,-118.18200000000002,8.12700000000001,-0.5000000000000004,0.8660254037844384,-0.433883739117558,-0.9009688679024191,0.49999999999999994,0.8660254037844387,0,2,275.0,0.01676962734292609,0.37708619288922535,0.2233605755115446,-58.03891883017675,0.07295224980359374,NEUTRAL,0.37708619288922535,2026-02-13 22:00:00,2026-02-13,22,17_24,290.779,15.778999999999996,0,0,0,15.778999999999996
12066.8925,12066.8925,0.0,14372.0,15054.9325,9646.055,9646.93,-0.875,10382.138958333335,8072.606979166667,2309.5319791666666,-69.99662500000004,92.55593816047667,-91.33499999999998,41.730999999999995,-0.25881904510252157,0.9659258262890681,-0.433883739117558,-0.9009688679024191,0.49999999999999994,0.8660254037844387,0,2,335.0,0.016632891867679696,0.3102867833956003,0.20191155554083765,-85.96227980957975,0.08890986431822354,NEUTRAL,0.3102867833956003,2026-02-13 23:00:00,2026-02-13,23,17_24,267.26,-67.74000000000001,0,0,0,-67.74000000000001
12790.6475,12790.6475,0.0,13163.75,11607.995,8724.5275,8720.98,3.5475,10121.23,7811.510416666667,2309.719583333333,-73.81941666666671,89.94455917707108,-58.045000000000016,33.702,-2.4492935982947064e-16,1.0,-0.433883739117558,-0.9009688679024191,0.49999999999999994,0.8660254037844387,0,2,200.0,0.043235827607593244,0.3297657673005285,0.27970335987442413,-70.98280088325792,0.07802565932802727,NEUTRAL,0.3297657673005285,2026-02-14 00:00:00,2026-02-13,24,17_24,10.832,-189.168,0,1,1,-189.168
13925.3725,13925.3725,0.0,11330.0,11052.7575,7298.5225,7295.14,3.3825,9821.6721875,7511.9596875,2309.7125,-71.71333333333338,91.64513444076745,22.764999999999986,-27.781000000000006,0.25881904510252074,0.9659258262890683,-0.9749279121818236,-0.2225209339563146,0.49999999999999994,0.8660254037844387,1,0,119.95,0.04873498493774565,0.15739032366816286,0.1300109634804874,-14.834926395676835,0.007782912890029832,NEUTRAL,0.15739032366816286,2026-02-14 01:00:00,2026-02-14,1,1_8,-59.673,-179.623,0,1,1,-179.623
13891.7925,13891.7925,0.0,11834.0,8943.3,6318.91,6315.5525,3.3575,9547.977499999999,7238.272395833334,2309.7051041666664,-63.83616666666671,92.11817192189373,32.03899999999999,-157.013,0.49999999999999994,0.8660254037844387,-0.9749279121818236,-0.2225209339563146,0.49999999999999994,0.8660254037844387,1,0,100.0,0.03154064809760395,0.14251802702629335,0.14702992324086628,-9.55947924961124,0.004685098334309982,NEUTRAL,0.14702992324086628,2026-02-14 02:00:00,2026-02-14,2,1_8,-80.0,-180.0,0,1,1,-180.0
13676.655,13676.655,0.0,11324.75,10350.45,5644.3275,5641.03,3.2975,9210.544062500001,6900.846666666667,2309.6973958333333,-69.20245833333338,84.47628544872967,-10.413999999999987,118.37700000000001,0.7071067811865476,0.7071067811865476,-0.9749279121818236,-0.2225209339563146,0.49999999999999994,0.8660254037844387,1,0,100.0,0.02710655539016911,0.2626403708593508,0.0640618716884081,-33.457658915160906,0.029291106485211754,NEUTRAL,0.2626403708593508,2026-02-14 03:00:00,2026-02-14,3,1_8,79.345,-20.655,0,0,0,-20.655
13366.3025,13366.3025,0.0,11344.0,9078.065,4727.675,4724.415,3.26,8863.935729166666,6554.243333333333,2309.692395833333,-60.010666666666715,79.65796782858199,4.468000000000018,-216.135,0.8660254037844386,0.5000000000000001,-0.9749279121818236,-0.2225209339563146,0.49999999999999994,0.8660254037844387,1,0,100.0,0.02641156307807111,0.3566842374143226,0.12353307811756935,-24.404518886627486,0.02901569069513386,NEUTRAL,0.3566842374143226,2026-02-14 04:00:00,2026-02-14,4,1_8,-80.0,-180.0,0,1,1,-180.0
12939.1225,12939.1225,0.0,11373.5,9295.7925,3822.8475,3819.695,3.1525,8525.151041666666,6215.472291666666,2309.6787499999996,-64.24091666666672,75.80209554342841,-44.99000000000001,56.536,0.9659258262890683,0.25881904510252074,-0.9749279121818236,-0.2225209339563146,0.49999999999999994,0.8660254037844387,1,0,100.0,0.11240742877034475,0.19367401906403353,0.2007726386629509,-20.057707439587613,0.013423462827251686,NEUTRAL,0.2007726386629509,2026-02-14 05:00:00,2026-02-14,5,1_8,-80.0,-180.0,0,1,1,-180.0
12387.2375,12387.135,0.1025,12616.5,9347.4175,2889.75,2886.71,3.04,8149.0184375,5839.342916666667,2309.675520833333,-56.46862500000004,71.74783931957028,-3.9669999999999845,-190.502,1.0,6.123233995736766e-17,-0.9749279121818236,-0.2225209339563146,0.49999999999999994,0.8660254037844387,1,0,100.0,0.12861665950137982,0.1844522869558782,0.25288873541421764,3.428046341122763,0.002889714347159571,NEUTRAL,0.25288873541421764,2026-02-14 06:00:00,2026-02-14,6,1_8,-76.35,-176.35,0,1,1,-176.35
11672.5825,11633.88,38.7025,15370.75,9116.1225,2375.455,2359.095,16.36,7824.7234375,5515.09375,2309.6296875,-45.10495833333338,54.00946389410232,-8.485000000000014,-281.21299999999997,0.9659258262890683,-0.25881904510252063,-0.9749279121818236,-0.2225209339563146,0.49999999999999994,0.8660254037844387,1,0,33.83,0.14966113790122465,0.1640408439603587,0.12020596150338825,20.1463253869016,0.011016067397224463,NEUTRAL,0.1640408439603587,2026-02-14 07:00:00,2026-02-14,7,1_8,-80.0,-113.83,0,1,0,-113.83
12719.225,10406.9875,2312.2375,15344.5,9513.73,3563.01,1944.34,1618.67,7420.651458333334,5113.192916666667,2307.4585416666664,-35.51325000000005,58.131556765852004,97.88400000000001,-132.317,0.8660254037844387,-0.4999999999999998,-0.9749279121818236,-0.2225209339563146,0.49999999999999994,0.8660254037844387,1,0,101.1,0.18833145332201726,0.08499351553826194,0.22096234145573312,1.0748907919493629,0.000791701287327795,NEUTRAL,0.22096234145573312,2026-02-14 08:00:00,2026-02-14,8,1_8,-41.127,-142.227,0,1,0,-142.227
17141.015,8448.5375,8692.4775,12684.25,3426.4225,7625.3,1546.005,6079.295,7157.8829166666665,4831.688645833333,2326.194270833333,-31.365708333333384,57.271630521255,4.866000000000014,-94.675,0.7071067811865476,-0.7071067811865475,-0.9749279121818236,-0.2225209339563146,0.49999999999999994,0.8660254037844387,1,1,-69.0,0.02367354868220799,0.00023410452906653188,0.11874846012590415,25.25063543898539,0.009994913585266997,NEUTRAL,0.11874846012590415,2026-02-14 09:00:00,2026-02-14,9,9_16,-80.0,-11.0,0,0,0,-11.0
20760.5025,5836.7825,14923.72,12588.5,-7471.37,8375.19,901.8675,7473.3225,7000.054270833333,4671.0578125,2328.996458333333,-30.84904166666671,57.402399260170455,-11.0,-23.4,0.49999999999999994,-0.8660254037844387,-0.9749279121818236,-0.2225209339563146,0.49999999999999994,0.8660254037844387,1,1,-75.0,0.0033517475515800433,0.00029139305291373885,0.003931794686724132,-13.125079610435167,0.0001720170609171341,NEUTRAL,0.003931794686724132,2026-02-14 10:00:00,2026-02-14,10,9_16,-80.0,-5.0,0,0,0,-5.0
22833.47,3709.43,19124.04,11609.25,-13407.97,5803.4525,485.3925,5318.06,6806.070833333334,4575.627291666667,2230.443541666667,-30.82820833333338,57.41038527621242,-9.5,-10.0,0.258819045102521,-0.9659258262890682,-0.9749279121818236,-0.2225209339563146,0.49999999999999994,0.8660254037844387,1,1,-78.875,0.002613239616938137,0.00017148986053396024,0.0037630780868870275,-11.92421828421544,0.00014957254842862917,NEUTRAL,0.0037630780868870275,2026-02-14 11:00:00,2026-02-14,11,9_16,-80.0,-1.125,0,0,0,-1.125
23780.055,2617.655,21162.4,11388.5,-17245.6375,4918.425,429.5925,4488.8325,6570.663333333333,4490.582916666667,2080.0804166666667,-30.50008333333338,57.51303195829598,-9.5,-17.375,1.2246467991473532e-16,-1.0,-0.9749279121818236,-0.2225209339563146,0.49999999999999994,0.8660254037844387,1,1,-75.0,0.00652099229785353,0.0001662134091726832,0.01289119792516962,-5.812907553037942,0.00024978447262308506,NEUTRAL,0.01289119792516962,2026-02-14 12:00:00,2026-02-14,12,9_16,-80.0,-5.0,0,0,0,-5.0
23582.3825,2221.7225,21360.66,11950.5,-19613.855,6936.515,593.335,6343.18,6389.877708333333,4407.835208333333,1982.0424999999998,-30.479250000000047,57.520870731184665,-9.5,-10.0,-0.2588190451025208,-0.9659258262890683,-0.9749279121818236,-0.2225209339563146,0.49999999999999994,0.8660254037844387,1,1,-75.0,0.0020126490859807664,0.000279119156561264,0.007201779161028879,-10.448286865134223,0.00025082084871258465,NEUTRAL,0.007201779161028879,2026-02-14 13:00:00,2026-02-14,13,9_16,-80.0,-5.0,0,0,0,-5.0
22202.76,2261.215,19941.545,12027.0,-18148.3525,7337.22,703.285,6633.935,6352.7159375,4349.998854166667,2002.7170833333337,-30.45841666666671,57.528700563407796,-9.5,-10.0,-0.4999999999999997,-0.8660254037844388,-0.9749279121818236,-0.2225209339563146,0.49999999999999994,0.8660254037844387,1,1,-75.0,0.0023765981362131668,0.0002766482890587472,0.010510038417941495,-8.653091695230609,0.00030314775383614734,NEUTRAL,0.010510038417941495,2026-02-14 14:00:00,2026-02-14,14,9_16,-80.0,-5.0,0,0,0,-5.0
19273.6225,2598.5275,16675.095,12627.0,-12853.2275,3909.9075,494.22,3415.6875,6305.4217708333335,4306.678229166667,1998.7435416666667,-30.43758333333338,57.53652145861544,-9.5,-10.0,-0.7071067811865471,-0.7071067811865479,-0.9749279121818236,-0.2225209339563146,0.49999999999999994,0.8660254037844387,1,1,-75.875,0.003305898063373434,0.0004236580178271748,0.019069182689354744,0.32963141442623733,2.0952672206147748e-05,NEUTRAL,0.019069182689354744,2026-02-14 15:00:00,2026-02-14,15,9_16,-80.0,-4.125,0,0,0,-4.125
14787.0025,3334.3875,11452.615,14014.0,-3973.115,6458.2925,948.8175,5509.475,6364.774791666667,4270.394166666667,2094.3806250000002,-27.93758333333338,57.06704292772003,-9.5,-69.5,-0.8660254037844385,-0.5000000000000004,-0.9749279121818236,-0.2225209339563146,0.49999999999999994,0.8660254037844387,1,1,-75.0,0.009283581828141823,0.00023112859756182092,0.026855110655223946,-11.44992177572933,0.0010249630542695646,NEUTRAL,0.026855110655223946,2026-02-14 16:00:00,2026-02-14,16,9_16,-80.0,-5.0,0,0,0,-5.0
9610.205,4779.24,4830.965,15354.0,8459.5575,5251.125,2076.325,3174.8,6285.058541666666,4185.083541666667,2099.9750000000004,-19.708666666666716,50.3722067592523,33.04000000000002,-164.454,-0.9659258262890683,-0.25881904510252063,-0.9749279121818236,-0.2225209339563146,0.49999999999999994,0.8660254037844387,1,2,100.0,0.2465549164778781,0.10256632371608042,0.40185507481541394,58.90072458884619,0.07889851695444293,NEUTRAL,0.40185507481541394,2026-02-14 17:00:00,2026-02-14,17,17_24,115.385,15.385000000000005,0,0,0,15.385000000000005
7422.3025,6940.615,481.6875,16694.25,18928.95,3369.4075,3081.2475,288.16,6186.823229166665,4087.4065625,2099.4166666666665,-17.246041666666713,48.80589331973225,-19.151999999999987,-78.255,-1.0,-1.8369701987210297e-16,-0.9749279121818236,-0.2225209339563146,0.49999999999999994,0.8660254037844387,1,2,353.875,0.028291265991569805,0.13003887586284038,0.1481449356698981,-14.608095730498881,0.007213718007514899,NEUTRAL,0.1481449356698981,2026-02-14 18:00:00,2026-02-14,18,17_24,266.24,-87.63499999999999,0,0,0,-87.63499999999999
9320.845,9320.75,0.095,16474.75,20365.2675,5040.3375,5038.1925,2.145,6122.892708333334,4023.3059375,2099.5867708333335,-18.209250000000043,49.225267967338546,-49.738,-26.621000000000038,-0.9659258262890684,0.2588190451025203,-0.9749279121818236,-0.2225209339563146,0.49999999999999994,0.8660254037844387,1,2,340.738,0.028404522506379506,0.18651445881236947,0.13592331475374472,-56.6752604613556,0.03523585177666607,NEUTRAL,0.18651445881236947,2026-02-14 19:00:00,2026-02-14,19,17_24,285.728,-55.00999999999999,0,0,0,-55.00999999999999
11217.275,11217.275,0.0,15624.5,18716.4525,7555.2625,7551.915,3.3475,6114.248541666667,4014.6662499999998,2099.5822916666666,-14.42170833333338,42.468358040429735,-49.247000000000014,-140.14800000000002,-0.8660254037844386,0.5000000000000001,-0.9749279121818236,-0.2225209339563146,0.49999999999999994,0.8660254037844387,1,2,330.0,0.05267915606541114,0.35203852027583515,0.17991133041628574,-67.77614742268412,0.07953271549559525,NEUTRAL,0.35203852027583515,2026-02-14 20:00:00,2026-02-14,20,17_24,270.439,-59.56099999999998,0,0,0,-59.56099999999998
12391.615,12391.615,0.0,15174.0,17736.8825,9699.7425,9696.4325,3.31,6139.696874999999,4039.9365625000005,2099.7603125,-14.765000000000049,42.54550250179454,-27.86700000000002,-19.627999999999986,-0.7071067811865477,0.7071067811865474,-0.9749279121818236,-0.2225209339563146,0.49999999999999994,0.8660254037844387,1,2,295.125,0.021874699744614326,0.3995509354305109,0.20403387895189018,-83.17037225998604,0.11076933345527079,NEUTRAL,0.3995509354305109,2026-02-14 21:00:00,2026-02-14,21,17_24,255.6,-39.525000000000006,0,0,0,-39.525000000000006
13428.5,13428.5,0.0,14227.75,16615.32,11967.0375,11963.7425,3.295,6219.095624999999,4119.3440625,2099.7515625,-9.183291666666713,36.78544361739304,15.778999999999996,-118.18200000000002,-0.5000000000000004,0.8660254037844384,-0.9749279121818236,-0.2225209339563146,0.49999999999999994,0.8660254037844387,1,2,265.55,0.045972738525283795,0.45773165526340237,0.4292185078757585,-61.93360420227469,0.09449657055978536,NEUTRAL,0.45773165526340237,2026-02-14 22:00:00,2026-02-14,22,17_24,292.287,26.736999999999966,0,0,0,26.736999999999966
14863.7725,14863.7725,0.0,13216.25,12252.57,13204.0025,13200.685,3.3175,6367.3434375,4267.4171875,2099.92625,-8.200166666666714,34.753587180086015,-67.74000000000001,-91.33499999999998,-0.25881904510252157,0.9659258262890681,-0.9749279121818236,-0.2225209339563146,0.49999999999999994,0.8660254037844387,1,2,160.5,0.0762333122289095,0.3981156372878479,0.38883567555239484,-60.02192685987574,0.07965222554354674,NEUTRAL,0.3981156372878479,2026-02-14 23:00:00,2026-02-14,23,17_24,319.402,158.902,1,0,1,158.902
16503.2175,16503.2175,0.0,10010.25,10219.8675,13200.285,13196.815,3.47,6553.833333333333,4453.9103125,2099.9230208333333,-13.663625000000048,49.925220666434356,-189.168,-58.045000000000016,-2.4492935982947064e-16,1.0,-0.9749279121818236,-0.2225209339563146,0.49999999999999994,0.8660254037844387,1,2,150.5,0.04226252358718669,0.2751574698660521,0.23000624722094304,-59.00737420482621,0.05412106596546443,NEUTRAL,0.2751574698660521,2026-02-15 00:00:00,2026-02-14,24,17_24,327.72,177.22000000000003,1,0,1,177.22000000000003
17718.09,17718.09,0.0,6224.0,11035.015,12875.965,12872.63,3.335,6786.226770833334,4686.305729166667,2099.921041666667,-22.096458333333377,59.65003054263323,-179.623,22.764999999999986,0.25881904510252074,0.9659258262890683,-0.7818314824680299,0.6234898018587334,0.49999999999999994,0.8660254037844387,1,0,-55.0,0.07826984896671774,0.0002624107359425661,0.05832335443604953,16.005643108235283,0.004175864228989207,NEUTRAL,0.07826984896671774,2026-02-15 01:00:00,2026-02-15,1,1_8,332.594,387.594,1,0,1,387.594
19227.34,19227.34,0.0,6196.5,7747.7375,12228.5425,12225.355,3.1875,7032.461458333334,4932.5475,2099.9139583333335,-30.93141666666671,66.58320267279437,-180.0,32.03899999999999,0.49999999999999994,0.8660254037844387,-0.7818314824680299,0.6234898018587334,0.49999999999999994,0.8660254037844387,1,0,-72.0,0.09854218181275919,0.0003794405263644389,0.039076077519027884,5.932532029254965,0.0019486821661228665,NEUTRAL,0.09854218181275919,2026-02-15 02:00:00,2026-02-15,2,1_8,56.53,128.53,1,0,0,128.53
20566.9425,20566.9425,0.0,5596.0,7067.13,12821.28,12817.9525,3.3275,7331.501145833333,5231.5859375,2099.9152083333333,-31.358125000000047,66.4787303777352,-20.655,-10.413999999999987,0.7071067811865476,0.7071067811865476,-0.7818314824680299,0.6234898018587334,0.49999999999999994,0.8660254037844387,1,0,-75.0,0.09524735916651389,0.0002487284877064309,0.020213614196974202,6.696427167220248,0.0021260566784287605,NEUTRAL,0.09524735916651389,2026-02-15 03:00:00,2026-02-15,3,1_8,47.284,122.28399999999999,1,0,0,122.28399999999999
21670.97,21670.97,0.0,5211.25,5140.3025,11805.0475,11801.73,3.3175,7626.391666666666,5526.4740625,2099.9176041666665,-39.044291666666716,72.54376208731202,-180.0,4.468000000000018,0.8660254037844386,0.5000000000000001,-0.7818314824680299,0.6234898018587334,0.49999999999999994,0.8660254037844387,1,0,-79.0,0.034418552355053394,0.0002760212145569705,0.011931805054276998,1.0423920474287072,0.00011959208419638752,NEUTRAL,0.034418552355053394,2026-02-15 04:00:00,2026-02-15,4,1_8,-80.0,-1.0,0,0,0,-1.0
22553.0225,22553.0225,0.0,5061.25,4195.1375,10648.69,10645.4675,3.2225,7910.801770833333,5810.881249999999,2099.9205208333337,-44.66970833333338,78.05054476286838,-180.0,-44.99000000000001,0.9659258262890683,0.25881904510252074,-0.7818314824680299,0.6234898018587334,0.49999999999999994,0.8660254037844387,1,0,-79.5,0.02212886744607131,0.00029446883282613476,0.028211487792674916,18.945350092620227,0.0017815883762196936,NEUTRAL,0.028211487792674916,2026-02-15 05:00:00,2026-02-15,5,1_8,-80.0,-0.5,0,0,0,-0.5
23049.25,23049.1475,0.1025,5113.75,4462.9975,10119.3675,10116.22,3.1475,8212.035833333333,6112.110833333333,2099.925,-51.85233333333338,81.97513930436914,-176.35,-3.9669999999999845,1.0,6.123233995736766e-17,-0.7818314824680299,0.6234898018587334,0.49999999999999994,0.8660254037844387,1,0,-79.5,0.04228127358697676,0.0003054711261708236,0.03937152125220801,34.73036773845897,0.00489481393375365,NEUTRAL,0.04228127358697676,2026-02-15 06:00:00,2026-02-15,6,1_8,-80.0,-0.5,0,0,0,-0.5
23173.725,23122.155,51.57,4984.0,5707.9975,9564.3725,9541.315,23.0575,8511.574062500002,6411.37,2100.2040625000004,-56.24170833333338,82.37146681133017,-113.83,-8.485000000000014,0.9659258262890683,-0.25881904510252063,-0.7818314824680299,0.6234898018587334,0.49999999999999994,0.8660254037844387,1,0,-79.5,0.07471938528636582,0.00017226330787399778,0.0636137068070893,54.05059377243059,0.013462090470130288,NEUTRAL,0.07471938528636582,2026-02-15 07:00:00,2026-02-15,7,1_8,-80.0,-0.5,0,0,0,-0.5
25128.21,22875.4825,2252.7275,4726.25,5456.785,11138.8025,9425.9275,1712.875,8827.232083333334,6723.1028125,2104.1292708333335,-66.24633333333338,77.26095319205307,-142.227,97.88400000000001,0.8660254037844387,-0.4999999999999998,-0.7818314824680299,0.6234898018587334,0.49999999999999994,0.8660254037844387,1,0,-76.875,0.059946772876930995,0.00017289162736109322,0.02350512289295028,47.51110563400676,0.009493791528578934,NEUTRAL,0.059946772876930995,2026-02-15 08:00:00,2026-02-15,8,1_8,-80.0,-3.125,0,0,0,-3.125
30295.245,22454.28,7840.965,4164.25,-2245.75,11259.8225,6190.915,5068.9075,8978.670520833335,6916.6407291666665,2062.029791666667,-66.90741666666672,76.69180758748563,-11.0,4.866000000000014,0.7071067811865476,-0.7071067811865475,-0.7818314824680299,0.6234898018587334,0.49999999999999994,0.8660254037844387,1,1,-75.0,0.0028655003301893385,0.00013684685591855523,0.0037230946124922793,1.3468152980959402,1.6714402601210592e-05,NEUTRAL,0.0037230946124922793,2026-02-15 09:00:00,2026-02-15,9,9_16,-80.0,-5.0,0,0,0,-5.0
34684.6525,21854.475,12830.1775,4085.0,-11829.7075,5055.125,1662.905,3392.22,8840.334479166668,6948.350625,1891.9838541666666,-66.65741666666672,76.89149782643359,-5.0,-11.0,0.49999999999999994,-0.8660254037844387,-0.7818314824680299,0.6234898018587334,0.49999999999999994,0.8660254037844387,1,1,-79.5,0.0012255621508587443,0.0004710611596720113,0.0014272936867832855,-17.175951459136346,8.171709027373822e-05,NEUTRAL,0.0014272936867832855,2026-02-15 10:00:00,2026-02-15,10,9_16,-80.0,-0.5,0,0,0,-0.5
36888.8575,21138.1425,15750.715,4188.75,-16498.5075,3315.8125,607.9125,2707.9,8736.682812500001,6953.455625,1783.2271875,-66.30845833333338,77.18063535627235,-1.125,-9.5,0.258819045102521,-0.9659258262890682,-0.7818314824680299,0.6234898018587334,0.49999999999999994,0.8660254037844387,1,1,-79.5,0.00339587528916961,0.0006992796715814967,0.0017289849310921045,-2.573060837349685,2.9125979050286203e-05,NEUTRAL,0.00339587528916961,2026-02-15 11:00:00,2026-02-15,11,9_16,-80.0,-0.5,0,0,0,-0.5
37023.28,20398.3175,16624.9625,4453.5,-16994.645,3414.1375,433.785,2980.3525,8674.004166666668,6953.6303125,1720.373854166667,-66.12095833333338,77.32996586535523,-5.0,-9.5,1.2246467991473532e-16,-1.0,-0.7818314824680299,0.6234898018587334,0.49999999999999994,0.8660254037844387,1,1,-75.0,0.003521256258323958,0.00043056220121111196,0.01866028240710113,-4.146143141084308,0.00025789400637632844,NEUTRAL,0.01866028240710113,2026-02-15 12:00:00,2026-02-15,12,9_16,-80.0,-5.0,0,0,0,-5.0
35651.675,19654.94,15996.735,4534.75,-17064.165,3585.9375,341.8025,3244.135,8534.396770833333,6943.149791666667,1591.246979166667,-65.93345833333338,77.47853507850365,-5.0,-9.5,-0.2588190451025208,-0.9659258262890683,-0.7818314824680299,0.6234898018587334,0.49999999999999994,0.8660254037844387,1,1,-77.583,0.004059184703467388,0.0005397793945921217,0.008723015287865505,-8.181491017498784,0.000237890904077254,NEUTRAL,0.008723015287865505,2026-02-15 13:00:00,2026-02-15,13,9_16,-80.0,-2.4170000000000016,0,0,0,-2.4170000000000016
32678.6675,19035.0975,13643.57,4437.75,-12950.62,3341.955,308.195,3033.76,8367.927395833334,6926.687708333334,1441.2396875000002,-65.74595833333338,77.62634736685487,-5.0,-9.5,-0.4999999999999997,-0.8660254037844388,-0.7818314824680299,0.6234898018587334,0.49999999999999994,0.8660254037844387,1,1,-79.5,0.0024716467958777527,0.00038034438705232814,0.008723015287865505,-21.21748080851775,0.0006169346982089776,NEUTRAL,0.008723015287865505,2026-02-15 14:00:00,2026-02-15,14,9_16,-80.0,-0.5,0,0,0,-0.5
28404.3175,18487.38,9916.9375,4280.75,-5473.565,3390.7175,308.035,3082.6825,8346.294479166667,6918.93,1427.3644791666666,-65.52200000000005,77.80322906789277,-4.125,-9.5,-0.7071067811865471,-0.7071067811865479,-0.7818314824680299,0.6234898018587334,0.49999999999999994,0.8660254037844387,1,1,-79.5,0.01937161266469415,0.0002857939295720531,0.01843788537783474,-22.597044328567932,0.0014591373003331389,NEUTRAL,0.01937161266469415,2026-02-15 15:00:00,2026-02-15,15,9_16,-80.0,-0.5,0,0,0,-0.5
23713.2925,17802.035,5911.2575,4973.0,2266.9825,2458.1,381.8125,2076.2875,8179.619791666667,6895.3047916666665,1284.315,-65.33450000000005,77.94939291338264,-5.0,-9.5,-0.8660254037844385,-0.5000000000000004,-0.7818314824680299,0.6234898018587334,0.49999999999999994,0.8660254037844387,1,1,-75.0,0.1616204012007197,0.00040654330743157216,0.4084642470498919,55.81706298186386,0.0759975820114114,NEUTRAL,0.4084642470498919,2026-02-15 16:00:00,2026-02-15,16,9_16,-80.0,-5.0,0,0,0,-5.0
19206.39,16851.1025,2355.2875,7465.25,10441.4175,4059.0375,1614.8975,2444.14,8129.949479166667,6876.078645833334,1253.8708333333334,-66.07012500000005,77.05886757329773,15.385000000000005,33.04000000000002,-0.9659258262890683,-0.25881904510252063,-0.7818314824680299,0.6234898018587334,0.49999999999999994,0.8660254037844387,1,2,101.918,0.4731858981489114,0.2197672859452542,0.512710579286496,124.17361557167236,0.2122170879061693,NEUTRAL,0.512710579286496,2026-02-15 17:00:00,2026-02-15,17,17_24,250.949,149.031,1,0,0,149.031
15741.25,15473.2,268.05,8537.0,21358.6225,4217.56,3887.3475,330.2125,8165.2891666666665,6909.666145833333,1255.6230208333334,-68.92358333333338,76.51197935243356,-87.63499999999999,-19.151999999999987,-1.0,-1.8369701987210297e-16,-0.7818314824680299,0.6234898018587334,0.49999999999999994,0.8660254037844387,1,2,368.975,0.033211165397405,0.40493764551797895,0.15582781054301004,-62.75869220748475,0.08471119019428802,NEUTRAL,0.40493764551797895,2026-02-15 18:00:00,2026-02-15,18,17_24,393.649,24.673999999999978,0,0,0,24.673999999999978
13896.785,13896.6325,0.1525,8548.5,26141.515,6220.8275,6218.2825,2.545,8214.47625,6958.836562500001,1255.6396875,-69.14325000000005,76.46205417309456,-55.00999999999999,-49.738,-0.9659258262890684,0.2588190451025203,-0.7818314824680299,0.6234898018587334,0.49999999999999994,0.8660254037844387,1,2,385.875,0.030024236488919383,0.2114428610714239,0.21877861877295757,-89.5063254858028,0.06527356753742236,NEUTRAL,0.21877861877295757,2026-02-15 19:00:00,2026-02-15,19,17_24,387.693,1.8179999999999836,0,0,0,1.8179999999999836
12533.7775,12533.7775,0.0,8567.0,27422.4725,8818.79,8814.98,3.81,8267.123229166667,7011.464270833334,1255.6589583333334,-69.57300000000005,76.37430083989175,-59.56099999999998,-49.247000000000014,-0.8660254037844386,0.5000000000000001,-0.7818314824680299,0.6234898018587334,0.49999999999999994,0.8660254037844387,1,2,425.0,0.036297949949985406,0.1228364232142674,0.14862593272994304,-100.49548425138528,0.04978745027336479,NEUTRAL,0.14862593272994304,2026-02-15 20:00:00,2026-02-15,20,17_24,384.488,-40.512,0,0,0,-40.512
11502.275,11502.275,0.0,8126.0,28871.7525,10783.8725,10780.02,3.8525,8312.2953125,7056.61375,1255.6815625,-70.05875000000005,76.13420846182336,-39.525000000000006,-27.86700000000002,-0.7071067811865477,0.7071067811865474,-0.7818314824680299,0.6234898018587334,0.49999999999999994,0.8660254037844387,1,2,430.0,0.04764076083262298,0.09322470463586141,0.11306308233775197,-88.07377792948346,0.03319297601946024,NEUTRAL,0.11306308233775197,2026-02-15 21:00:00,2026-02-15,21,17_24,389.241,-40.759000000000015,0,0,0,-40.759000000000015
10723.23,10723.23,0.0,7154.0,29405.6275,11854.5625,11850.82,3.7425,8307.608854166667,7051.908645833333,1255.7002083333334,-69.60216666666672,76.7021063452418,26.736999999999966,15.778999999999996,-0.5000000000000004,0.8660254037844384,-0.7818314824680299,0.6234898018587334,0.49999999999999994,0.8660254037844387,1,2,443.5,0.041126875897142444,0.10758748344810408,0.0864639595316545,-66.29428875513084,0.023774785647154902,NEUTRAL,0.10758748344810408,2026-02-15 22:00:00,2026-02-15,22,17_24,405.109,-38.39100000000002,0,0,0,-38.39100000000002
10118.5975,10118.5975,0.0,6571.5,26949.7525,12763.09,12763.8125,-0.7225,8289.237500000001,7033.705625,1255.531875,-60.158750000000055,89.77854720717043,158.902,-67.74000000000001,-0.25881904510252157,0.9659258262890681,-0.7818314824680299,0.6234898018587334,0.49999999999999994,0.8660254037844387,1,2,414.5,0.054833101059473865,0.14008051215453277,0.15517592897353844,-93.41083286691922,0.04831704255438709,NEUTRAL,0.15517592897353844,2026-02-15 23:00:00,2026-02-15,23,17_24,410.802,-3.697999999999979,0,0,0,-3.697999999999979
9862.75,9862.75,0.0,6227.25,23935.155,13570.57,13566.735,3.835,8304.666041666667,7049.118958333333,1255.5470833333334,-44.89258333333337,97.68989478286956,177.22000000000003,-189.168,-2.4492935982947064e-16,1.0,-0.7818314824680299,0.6234898018587334,0.49999999999999994,0.8660254037844387,1,2,404.5,0.04961030576484823,0.22672131077174482,0.2259667522996192,-88.06220732925118,0.06655193025046993,NEUTRAL,0.22672131077174482,2026-02-16 00:00:00,2026-02-15,24,17_24,412.251,7.750999999999976,0,0,0,7.750999999999976
10596.2475,10596.2475,0.0,6253.0,17914.61,14435.72,14432.065,3.655,8369.655833333332,7114.095416666667,1255.5604166666667,-21.258541666666712,127.68558307130377,387.594,-179.623,0.25881904510252074,0.9659258262890683,0.0,1.0,0.49999999999999994,0.8660254037844387,0,0,301.15,0.06687156453243395,0.47080301149006276,0.1848096136971795,-93.59258439872964,0.14687890196019926,NEUTRAL,0.47080301149006276,2026-02-16 01:00:00,2026-02-16,1,1_8,362.31,61.160000000000025,0,0,0,61.160000000000025
10966.285,10966.285,0.0,6253.0,15438.1125,15307.525,15304.1575,3.3675,8497.946770833334,7242.378854166666,1255.5679166666666,-8.403125000000044,126.53483139206475,128.53,-180.0,0.49999999999999994,0.8660254037844387,0.0,1.0,0.49999999999999994,0.8660254037844387,0,0,273.0,0.09645845335537694,0.3827361021251441,0.4832805622909353,-123.54295020319232,0.19901968813759935,NEUTRAL,0.4832805622909353,2026-02-16 02:00:00,2026-02-16,2,1_8,339.032,66.03199999999998,0,0,0,66.03199999999998
11453.0925,11453.0925,0.0,6251.0,14114.4325,15569.455,15565.96,3.495,8612.454062499999,7356.879166666667,1255.5748958333334,-2.447333333333379,129.26752897186725,122.28399999999999,-20.655,0.7071067811865476,0.7071067811865476,0.0,1.0,0.49999999999999994,0.8660254037844387,0,0,208.1,0.1201811696997826,0.1556320649065079,0.40451582574159534,-53.416645196950086,0.07202626113396696,NEUTRAL,0.40451582574159534,2026-02-16 03:00:00,2026-02-16,3,1_8,324.841,116.74100000000001,1,0,0,116.74100000000001
11801.61,11801.61,0.0,6252.5,12788.1525,15332.9875,15333.8775,-0.89,8759.4515625,7504.051979166667,1255.3995833333333,5.010999999999954,123.61832331044924,-1.0,-180.0,0.8660254037844386,0.5000000000000001,0.0,1.0,0.49999999999999994,0.8660254037844387,0,0,100.0,0.1132683096307497,0.2601456628408511,0.4020131901658693,-47.140311619598194,0.0631700901986929,NEUTRAL,0.4020131901658693,2026-02-16 04:00:00,2026-02-16,4,1_8,299.918,199.918,1,0,1,199.918
11792.2475,11792.2475,0.0,6253.0,12584.2675,15503.0,15499.5775,3.4225,8961.714479166667,7706.306562500001,1255.4079166666668,12.49016666666662,117.20162065197344,-0.5,-180.0,0.9659258262890683,0.25881904510252074,0.0,1.0,0.49999999999999994,0.8660254037844387,0,0,100.0,0.20582536298537685,0.19219638190736318,0.39130476479119086,-15.272869875688711,0.01992115584797612,NEUTRAL,0.39130476479119086,2026-02-16 05:00:00,2026-02-16,5,1_8,245.005,145.005,1,0,0,145.005
11265.51,11265.4075,0.1025,6252.0,13870.62,15922.175,15918.7875,3.3875,9203.498125,7948.080208333333,1255.4179166666668,19.817249999999955,110.16839395226546,-0.5,-176.35,1.0,6.123233995736766e-17,0.0,1.0,0.49999999999999994,0.8660254037844387,0,0,100.0,0.49209390359596694,0.10753438529112186,0.2900213990917566,23.971989648971384,0.0393215665444148,NEUTRAL,0.49209390359596694,2026-02-16 06:00:00,2026-02-16,6,1_8,266.954,166.954,1,0,1,166.954
10233.23,10160.245,72.985,6248.0,16369.625,16849.38,16826.235,23.145,9507.040104166666,8251.618541666667,1255.4215625,24.53933333333329,106.56061249443079,-0.5,-113.83,0.9659258262890683,-0.25881904510252063,0.0,1.0,0.49999999999999994,0.8660254037844387,0,0,287.05,0.17512879087638145,0.13616995883011215,0.21090284769612194,-8.232017952291242,0.005787186761412738,NEUTRAL,0.21090284769612194,2026-02-16 07:00:00,2026-02-16,7,1_8,332.077,45.02699999999999,0,0,0,45.02699999999999
11343.18,8609.465,2733.715,6243.5,16041.2,18746.22,17411.825,1334.395,9824.015833333333,8584.364270833334,1239.6515625,30.335249999999956,100.718474820638,-3.125,-142.227,0.8660254037844387,-0.4999999999999998,0.0,1.0,0.49999999999999994,0.8660254037844387,0,0,307.0,0.09661384541557881,0.10095377370334661,0.19221192131041834,-28.700712824090413,0.018388730516323268,NEUTRAL,0.19221192131041834,2026-02-16 08:00:00,2026-02-16,8,1_8,346.041,39.041,0,0,0,39.041
16194.2775,6786.5275,9407.75,6260.0,6307.91,16872.525,13006.83,3865.695,10057.8784375,8868.360729166667,1189.5177083333335,30.585249999999956,100.61881013411055,-5.0,-11.0,0.7071067811865476,-0.7071067811865475,0.0,1.0,0.49999999999999994,0.8660254037844387,0,1,48.0,0.10151848378980163,0.3436121775831392,0.16338196818603717,-69.62156631037857,0.07974272668886034,NEUTRAL,0.3436121775831392,2026-02-16 09:00:00,2026-02-16,9,9_16,-80.0,-128.0,0,1,0,-128.0
20460.9525,5070.5875,15390.365,5444.0,-4981.1675,15098.7075,9710.5925,5388.115,10476.361041666665,9203.681041666667,1272.68,30.772749999999956,100.5537867997059,-0.5,-5.0,0.49999999999999994,-0.8660254037844387,0.0,1.0,0.49999999999999994,0.8660254037844387,0,1,-78.0,0.005446583094731568,0.0001205170529233673,0.0061562659641076585,-0.07426917692373498,1.5240693535929322e-06,NEUTRAL,0.0061562659641076585,2026-02-16 10:00:00,2026-02-16,10,9_16,-80.0,-2.0,0,0,0,-2.0
22997.62,3856.995,19140.625,4609.0,-11047.4975,15713.065,9012.0,6701.065,10992.913229166666,9553.851354166667,1439.061875,30.79879166666662,100.54524723940368,-0.5,-1.125,0.258819045102521,-0.9659258262890682,0.0,1.0,0.49999999999999994,0.8660254037844387,0,1,-78.0,0.0016722834741068242,0.00014042519852936071,0.0006348448053996057,16.457684352597333,9.173971188304996e-05,NEUTRAL,0.0016722834741068242,2026-02-16 11:00:00,2026-02-16,11,9_16,-80.0,-2.0,0,0,0,-2.0
24028.4775,3185.455,20843.0225,4712.25,-14657.6225,17222.505,9538.45,7684.055,11568.261875000002,9933.212395833334,1635.0494791666667,30.79879166666662,100.54524723940368,-5.0,-5.0,1.2246467991473532e-16,-1.0,0.0,1.0,0.49999999999999994,0.8660254037844387,0,1,-78.0,0.0009033070372687323,0.0001528688751011402,0.0013949663164579294,-10.190763178636402,4.738590457732507e-05,NEUTRAL,0.0013949663164579294,2026-02-16 12:00:00,2026-02-16,12,9_16,-80.0,-2.0,0,0,0,-2.0
23647.46,2851.7725,20795.6875,5027.25,-16600.0925,14702.9925,7927.83,6775.1625,12031.472500000002,10249.296875,1782.1756249999999,30.90641666666662,100.50663668587083,-2.4170000000000016,-5.0,-0.2588190451025208,-0.9659258262890683,0.0,1.0,0.49999999999999994,0.8660254037844387,0,1,-78.0,0.0008409932995648282,0.00012108070793745692,0.00163378962821323,-9.550087075237366,5.2009444040186764e-05,NEUTRAL,0.00163378962821323,2026-02-16 13:00:00,2026-02-16,13,9_16,-80.0,-2.0,0,0,0,-2.0
21759.04,2728.5675,19030.4725,4728.25,-14204.6325,14969.2875,8383.92,6585.3675,12515.9446875,10585.785416666668,1930.159270833333,31.09391666666662,100.44091512401266,-0.5,-5.0,-0.4999999999999997,-0.8660254037844388,0.0,1.0,0.49999999999999994,0.8660254037844387,0,1,-78.0,0.0008562049193878609,0.00012385059457655845,0.0014996855212757682,9.760286024805024,4.87911987830344e-05,NEUTRAL,0.0014996855212757682,2026-02-16 14:00:00,2026-02-16,14,9_16,-80.0,-2.0,0,0,0,-2.0
18330.2475,2684.905,15645.3425,4546.25,-7394.545,16296.8225,10478.795,5818.0275,13053.699062500002,11009.567083333333,2044.1319791666667,31.244958333333287,100.38836258229611,-0.5,-4.125,-0.7071067811865471,-0.7071067811865479,0.0,1.0,0.49999999999999994,0.8660254037844387,0,1,-78.0,0.0022874999487696537,0.00010061196187814907,0.003208898442739846,3.4126049647624224,3.6502342523708016e-05,NEUTRAL,0.003208898442739846,2026-02-16 15:00:00,2026-02-16,15,9_16,-80.0,-2.0,0,0,0,-2.0
13064.385,2601.85,10462.535,6078.5,2599.2,17154.3425,13557.8325,3596.51,13666.042500000001,11558.567916666667,2107.4745833333336,31.244958333333287,100.38836258229611,-5.0,-5.0,-0.8660254037844385,-0.5000000000000004,0.0,1.0,0.49999999999999994,0.8660254037844387,0,1,-51.875,0.10416062145317063,8.378246974532714e-05,0.12312003591473332,51.26337544646791,0.021038495420265292,NEUTRAL,0.12312003591473332,2026-02-16 16:00:00,2026-02-16,16,9_16,-80.0,-28.125,0,0,0,-28.125
6906.5475,2427.7425,4478.805,7780.0,16000.985,17616.905,16368.25,1248.655,14230.953645833333,12173.290937500002,2057.6627083333333,36.81354166666662,103.13935935548032,149.031,15.385000000000005,-0.9659258262890683,-0.25881904510252063,0.0,1.0,0.49999999999999994,0.8660254037844387,0,2,305.925,0.1544248141510526,0.053254864977042626,0.3758027587168188,87.27647378602848,0.10932913206621873,NEUTRAL,0.3758027587168188,2026-02-16 17:00:00,2026-02-16,17,17_24,228.093,-77.83200000000002,0,0,0,-77.83200000000002
2816.23,2296.4725,519.7575,8537.0,30689.2625,15967.0825,15854.145,112.9375,14720.517083333334,12671.907500000001,2048.6095833333334,41.49308333333329,99.7392482194643,24.673999999999978,-87.63499999999999,-1.0,-1.8369701987210297e-16,0.0,1.0,0.49999999999999994,0.8660254037844387,0,2,480.5,0.2626497877122414,0.0014464765699866197,0.1675688766743537,102.02950050235175,0.08932675549109571,NEUTRAL,0.2626497877122414,2026-02-16 18:00:00,2026-02-16,18,17_24,371.543,-108.957,0,1,0,-108.957
2193.4975,2193.3375,0.16,8538.0,35408.625,14610.525,14607.825,2.7,15070.0878125,13021.471770833334,2048.6160416666667,43.86091666666662,98.00816592549607,1.8179999999999836,-55.00999999999999,-0.9659258262890684,0.2588190451025203,0.0,1.0,0.49999999999999994,0.8660254037844387,0,2,502.625,0.21007291960136693,0.010224720175407003,0.056477509864827705,62.827660212083146,0.04399463337491647,NEUTRAL,0.21007291960136693,2026-02-16 19:00:00,2026-02-16,19,17_24,392.776,-109.84899999999999,0,1,0,-109.84899999999999
2040.035,2040.035,0.0,8542.5,36240.86,13542.735,13539.46,3.275,15266.918854166668,13218.325104166666,2048.59375,44.65462499999995,97.2080669392747,-40.512,-59.56099999999998,-0.8660254037844386,0.5000000000000001,0.0,1.0,0.49999999999999994,0.8660254037844387,0,2,518.0,0.1530531247515821,0.020274334572328297,0.1032368455560708,50.10751550179881,0.025563706070295487,NEUTRAL,0.1530531247515821,2026-02-16 20:00:00,2026-02-16,20,17_24,396.013,-121.98700000000002,0,1,0,-121.98700000000002
1804.14,1804.14,0.0,8111.5,37891.9725,12060.835,12057.47,3.365,15320.125625,13271.5521875,2048.5734374999997,44.60320833333329,97.25484340637257,-40.759000000000015,-39.525000000000006,-0.7071067811865477,0.7071067811865474,0.0,1.0,0.49999999999999994,0.8660254037844387,0,2,515.0,0.1518531969986475,0.02659623919209981,0.08611553960384453,-15.300763023109788,0.0077448992719263724,NEUTRAL,0.1518531969986475,2026-02-16 21:00:00,2026-02-16,21,17_24,393.278,-121.72199999999998,0,1,0,-121.72199999999998
1633.54,1633.54,0.0,7147.5,39578.2775,10429.335,10425.9175,3.4175,15260.741145833335,13212.181250000001,2048.5598958333335,41.88954166666662,98.67330958267308,-38.39100000000002,26.736999999999966,-0.5000000000000004,0.8660254037844384,0.0,1.0,0.49999999999999994,0.8660254037844387,0,2,549.875,0.1447296152800112,0.04325204302100788,0.19246965996313212,19.138249772814447,0.01227844142021029,NEUTRAL,0.19246965996313212,2026-02-16 22:00:00,2026-02-16,22,17_24,390.575,-159.3,0,1,1,-159.3
1600.4075,1600.4075,0.0,6568.0,38751.8525,8916.2025,8912.89,3.3125,15100.454166666668,13051.726145833332,2048.7280208333336,35.11454166666662,95.83101070701733,-3.697999999999979,158.902,-0.25881904510252157,0.9659258262890681,0.0,1.0,0.49999999999999994,0.8660254037844387,0,2,527.0,0.06401457738423164,0.0643072784219655,0.05893637627038566,-5.757877016376119,0.00123424466803845,NEUTRAL,0.0643072784219655,2026-02-16 23:00:00,2026-02-16,23,17_24,386.945,-140.055,0,1,0,-140.055
1653.9075,1653.9075,0.0,6237.0,36205.275,8404.8175,8401.43,3.3875,14885.214479166665,12836.505104166667,2048.709375,28.053333333333285,91.02807648845625,7.750999999999976,177.22000000000003,-2.4492935982947064e-16,1.0,0.0,1.0,0.49999999999999994,0.8660254037844387,0,2,524.0,0.04651081400408643,0.13270297364268635,0.07581874720908913,-22.306589850037515,0.009867169349759144,NEUTRAL,0.13270297364268635,2026-02-17 00:00:00,2026-02-16,24,17_24,394.282,-129.71800000000002,0,1,0,-129.71800000000002
2707.5275,2707.5275,0.0,6238.0,30249.3475,8987.11,8983.785,3.325,14658.189062500001,12609.4934375,2048.6956250000003,14.45191666666662,50.20269430402986,61.160000000000025,387.594,0.25881904510252074,0.9659258262890683,0.7818314824680298,0.6234898018587336,0.49999999999999994,0.8660254037844387,0,0,495.5,0.05594395501146318,0.018640796022089456,0.043674519489527636,-12.620206787214114,0.0023534142691308954,NEUTRAL,0.05594395501146318,2026-02-17 01:00:00,2026-02-17,1,1_8,497.831,2.3310000000000173,0,0,0,2.3310000000000173
3119.995,3119.995,0.0,6238.0,25534.4625,9477.4225,9474.295,3.1275,14415.268125,12366.582499999999,2048.685625,11.847833333333284,45.42125903014874,66.03199999999998,128.53,0.49999999999999994,0.8660254037844387,0.7818314824680298,0.6234898018587336,0.49999999999999994,0.8660254037844387,0,0,475.5,0.03794926051683235,0.01058557641835607,0.08693018775662609,1.994501351024523,0.0005779412564180206,NEUTRAL,0.08693018775662609,2026-02-17 02:00:00,2026-02-17,2,1_8,459.644,-15.855999999999995,0,0,0,-15.855999999999995
3542.7875,3542.7875,0.0,6238.0,23289.5175,9591.7575,9588.6475,3.11,14166.197395833333,12117.527812499999,2048.6695833333333,11.61687499999995,44.845743851476044,116.74100000000001,122.28399999999999,0.7071067811865476,0.7071067811865476,0.7818314824680298,0.6234898018587336,0.49999999999999994,0.8660254037844387,0,0,440.89,0.0255465946035917,0.004795227899209416,0.10418686256559659,21.80555720859141,0.00757284197352589,NEUTRAL,0.10418686256559659,2026-02-17 03:00:00,2026-02-17,3,1_8,444.344,3.4540000000000077,0,0,0,3.4540000000000077
3921.4325,3921.4325,0.0,6238.0,21842.055,9862.195,9859.1225,3.0725,13938.247708333334,11889.413020833332,2048.8346875,19.988458333333284,58.9297162130833,199.918,-1.0,0.8660254037844386,0.5000000000000001,0.7818314824680298,0.6234898018587336,0.49999999999999994,0.8660254037844387,0,0,463.5,0.05935989808407673,0.006001416147189441,0.04104114182603428,21.945417252153913,0.004342259105001319,NEUTRAL,0.05935989808407673,2026-02-17 04:00:00,2026-02-17,4,1_8,429.277,-34.22300000000001,0,0,0,-34.22300000000001
4279.55,4279.55,0.0,6238.0,21567.9775,10278.5975,10275.6075,2.99,13720.564270833333,11671.747604166667,2048.8166666666666,26.051166666666617,63.99713574002644,145.005,-0.5,0.9659258262890683,0.25881904510252074,0.7818314824680298,0.6234898018587336,0.49999999999999994,0.8660254037844387,0,0,401.96,0.06385518258564239,0.005522454724060074,0.04669810772108042,5.990945363334172,0.001275176366787704,NEUTRAL,0.06385518258564239,2026-02-17 05:00:00,2026-02-17,5,1_8,432.099,30.13900000000001,0,0,0,30.13900000000001
4650.48,4650.3575,0.1225,6238.0,23482.2625,10589.76,10586.6625,3.0975,13498.3803125,11449.575729166667,2048.8045833333335,33.02841666666662,69.83827385181634,166.954,-0.5,1.0,6.123233995736766e-17,0.7818314824680298,0.6234898018587336,0.49999999999999994,0.8660254037844387,0,0,406.25,0.07855176858497392,0.00696152979301347,0.03969157020503166,63.748648795881905,0.016691897026062972,NEUTRAL,0.07855176858497392,2026-02-17 06:00:00,2026-02-17,6,1_8,455.405,49.15499999999997,0,0,0,49.15499999999997
5176.6025,5100.9775,75.625,6238.0,25070.4,10095.255,10060.925,34.33,13216.9584375,11167.6878125,2049.270625,34.92537499999995,69.50548674983415,45.02699999999999,-0.5,0.9659258262890683,-0.25881904510252063,0.7818314824680298,0.6234898018587336,0.49999999999999994,0.8660254037844387,0,0,359.25,0.07053282260915983,0.012237634834478843,0.04296200169746724,38.11332655763775,0.008960801670449478,NEUTRAL,0.07053282260915983,2026-02-17 07:00:00,2026-02-17,7,1_8,469.472,110.22199999999998,1,0,0,110.22199999999998
8335.8075,5532.87,2802.9375,6239.0,19809.735,10792.1175,8765.6325,2026.485,12885.5375,10807.429791666667,2078.1077083333334,36.68229166666662,69.03317318978038,39.041,-3.125,0.8660254037844387,-0.4999999999999998,0.7818314824680298,0.6234898018587336,0.49999999999999994,0.8660254037844387,0,0,339.81,0.02477325418332791,0.05281070459275093,0.04866929361282418,3.0029601900683236,0.0005286281450049648,NEUTRAL,0.05281070459275093,2026-02-17 08:00:00,2026-02-17,8,1_8,328.042,-11.768000000000029,0,0,0,-11.768000000000029
15275.145,5762.5075,9512.6375,6036.0,4037.98,10368.38,4815.5975,5552.7825,12614.531458333333,10466.1284375,2148.4030208333334,31.557291666666618,76.43149412466346,-128.0,-5.0,0.7071067811865476,-0.7071067811865475,0.7818314824680298,0.6234898018587336,0.49999999999999994,0.8660254037844387,0,1,-36.667,0.02604744772778313,0.00010688255110061874,0.09393455249226204,-11.140757267104345,0.0034883401610345433,NEUTRAL,0.09393455249226204,2026-02-17 09:00:00,2026-02-17,9,9_16,-80.0,-43.333,0,0,0,-43.333
20825.2625,5356.9275,15468.335,5815.0,-10267.4175,6839.345,1653.7,5185.645,12270.391354166664,10130.424583333333,2139.966770833333,31.494791666666618,76.45945611890025,-2.0,-0.5,0.49999999999999994,-0.8660254037844387,0.7818314824680298,0.6234898018587336,0.49999999999999994,0.8660254037844387,0,1,-78.0,0.002697352620409639,0.00014485485996083679,0.0028201839024397345,-18.055687547246304,0.00016973453122741866,NEUTRAL,0.0028201839024397345,2026-02-17 10:00:00,2026-02-17,10,9_16,-80.0,-2.0,0,0,0,-2.0
24183.0675,5061.2925,19121.775,5152.5,-18730.94,5242.3675,793.815,4448.5525,11834.112291666666,9788.000208333333,2046.1120833333334,31.432291666666618,76.48735459991856,-2.0,-0.5,0.258819045102521,-0.9659258262890682,0.7818314824680298,0.6234898018587336,0.49999999999999994,0.8660254037844387,0,1,-78.0,0.005931538464109812,0.0001459401515062634,0.001380630123553367,-9.640855015654502,0.00019061700784086895,NEUTRAL,0.005931538464109812,2026-02-17 11:00:00,2026-02-17,11,9_16,-80.0,-2.0,0,0,0,-2.0
25988.4125,5225.91,20762.5025,5273.5,-23166.315,5630.9775,650.64,4980.3375,11351.131979166666,9417.674791666666,1933.4571875000001,31.557291666666618,76.42765427256502,-2.0,-5.0,1.2246467991473532e-16,-1.0,0.7818314824680298,0.6234898018587336,0.49999999999999994,0.8660254037844387,0,1,-78.0,0.017890445274795528,0.00013165370910185327,0.0015274544508178988,-7.850387047382335,0.0004681563995238577,NEUTRAL,0.017890445274795528,2026-02-17 12:00:00,2026-02-17,12,9_16,-80.0,-2.0,0,0,0,-2.0
26226.68,5385.2575,20841.4225,5383.75,-25552.1475,6799.72,758.6375,6041.0825,11021.828958333332,9118.9584375,1902.8705208333333,31.57466666666662,76.41964175277866,-2.0,-2.4170000000000016,-0.2588190451025208,-0.9659258262890683,0.7818314824680298,0.6234898018587336,0.49999999999999994,0.8660254037844387,0,1,-78.0,0.016341917948493902,8.84599827598955e-05,0.0014161463911954602,-5.586075608902088,0.0003042906308492034,NEUTRAL,0.016341917948493902,2026-02-17 13:00:00,2026-02-17,13,9_16,-80.0,-2.0,0,0,0,-2.0
25101.3875,5493.08,19608.3075,5340.75,-24609.6125,6086.2075,803.7925,5282.415,10651.700625,8803.119791666666,1848.5808333333334,31.51216666666662,76.44762290481597,-2.0,-0.5,-0.4999999999999997,-0.8660254037844388,0.7818314824680298,0.6234898018587336,0.49999999999999994,0.8660254037844387,0,1,-79.905,0.007358262316737778,0.0001039652335121935,0.0014929655030804852,-3.042623004231054,7.462806065357617e-05,NEUTRAL,0.007358262316737778,2026-02-17 14:00:00,2026-02-17,14,9_16,-80.0,-0.09499999999999886,0,0,0,-0.09499999999999886
22222.965,5580.825,16642.14,5120.75,-18366.6025,7107.8525,1313.305,5794.5475,10268.826875,8421.224375,1847.6025,31.44966666666662,76.47554051980897,-2.0,-0.5,-0.7071067811865471,-0.7071067811865479,0.7818314824680298,0.6234898018587336,0.49999999999999994,0.8660254037844387,0,1,-78.0,0.014577473148493534,0.00010919763958396595,0.0030401734525191413,3.295253682116377,0.0001601215735617531,NEUTRAL,0.014577473148493534,2026-02-17 15:00:00,2026-02-17,15,9_16,-80.0,-2.0,0,0,0,-2.0
17467.47,5674.3575,11793.1125,4752.0,-7293.54,7099.1775,1735.2525,5363.925,9849.861666666666,7928.616875,1921.2447916666667,30.486124999999955,77.09789701542401,-28.125,-5.0,-0.8660254037844385,-0.5000000000000004,0.7818314824680298,0.6234898018587336,0.49999999999999994,0.8660254037844387,0,1,-78.0,0.015845984098529154,7.537047246586155e-05,0.0034816077524330805,41.03460231688195,0.0021674455193425963,NEUTRAL,0.015845984098529154,2026-02-17 16:00:00,2026-02-17,16,9_16,-80.0,-2.0,0,0,0,-2.0
11159.5775,5815.8925,5343.685,7525.25,6375.3675,5503.0125,2370.21,3132.8025,9345.116145833334,7345.365208333333,1999.7509375,21.03349999999995,75.82859664945614,-77.83200000000002,149.031,-0.9659258262890683,-0.25881904510252063,0.7818314824680298,0.6234898018587336,0.49999999999999994,0.8660254037844387,0,2,116.0,0.22340181035909182,0.2168795726072009,0.2935731126555162,31.252575163605087,0.030583052564266747,NEUTRAL,0.2935731126555162,2026-02-17 17:00:00,2026-02-17,17,17_24,-80.0,-196.0,0,1,1,-196.0
7045.5625,6424.27,621.2925,8539.75,22427.985,2723.805,2309.69,414.115,8793.312916666668,6781.012916666667,2012.3,15.465541666666619,80.32263058006973,-108.957,24.673999999999978,-1.0,-1.8369701987210297e-16,0.7818314824680298,0.6234898018587336,0.49999999999999994,0.8660254037844387,0,2,362.92,0.037279401853069855,0.036318999293123974,0.05012385516140237,12.929320456312576,0.002160224619625228,NEUTRAL,0.05012385516140237,2026-02-17 18:00:00,2026-02-17,18,17_24,326.001,-36.91900000000004,0,0,0,-36.91900000000004
7650.8325,7650.6725,0.16,8540.5,25380.575,1715.2775,1713.84,1.4375,8256.0109375,6243.763541666666,2012.2473958333333,10.812749999999953,84.2840926475029,-109.84899999999999,1.8179999999999836,-0.9659258262890684,0.2588190451025203,0.7818314824680298,0.6234898018587336,0.49999999999999994,0.8660254037844387,0,2,341.6,0.03246216724358906,0.14263817899397438,0.0682087276033926,-9.79704039210961,0.004658106670203091,NEUTRAL,0.14263817899397438,2026-02-17 19:00:00,2026-02-17,19,17_24,288.594,-53.00600000000003,0,0,0,-53.00600000000003
9232.9925,9232.9925,0.0,8542.25,23478.2175,1285.1275,1282.295,2.8325,7745.277291666666,5733.048333333333,2012.2289583333334,7.417958333333286,88.00013420813724,-121.98700000000002,-40.512,-0.8660254037844386,0.5000000000000001,0.7818314824680298,0.6234898018587336,0.49999999999999994,0.8660254037844387,0,2,360.125,0.04819089447753766,0.36501483200487284,0.1270236025715111,-55.062669370067006,0.06699563669951622,NEUTRAL,0.36501483200487284,2026-02-17 20:00:00,2026-02-17,20,17_24,53.633,-306.492,0,1,1,-306.492
10794.84,10794.84,0.0,8126.5,21580.8375,1153.205,1150.14,3.065,7290.792708333333,5278.576249999999,2012.2164583333333,4.044499999999953,91.41294920447906,-121.72199999999998,-40.759000000000015,-0.7071067811865477,0.7071067811865474,0.7818314824680298,0.6234898018587336,0.49999999999999994,0.8660254037844387,0,2,352.5,0.04599298919799381,0.4148840931163381,0.20500894383969234,-103.49126030356393,0.14312292558837003,NEUTRAL,0.4148840931163381,2026-02-17 21:00:00,2026-02-17,21,17_24,101.566,-250.934,0,1,1,-250.934
12117.2775,12117.2775,0.0,7150.5,19709.8875,1413.78,1410.85,2.93,6915.144583333332,4902.9484375,2012.1961458333333,-0.9933750000000465,97.0134587443861,-159.3,-38.39100000000002,-0.5000000000000004,0.8660254037844384,0.7818314824680298,0.6234898018587336,0.49999999999999994,0.8660254037844387,0,2,353.0,0.03301299013280594,0.49014061302558537,0.28770139069471645,-133.43967604630734,0.21801401539757534,NEUTRAL,0.49014061302558537,2026-02-17 22:00:00,2026-02-17,22,17_24,105.971,-247.029,0,1,1,-247.029
13180.9775,13180.9775,0.0,6574.75,16096.955,1940.605,1937.725,2.88,6624.4946875,4612.3165625,2012.1781250000001,-6.674916666666714,101.08609323736147,-140.055,-3.697999999999979,-0.25881904510252157,0.9659258262890681,0.7818314824680298,0.6234898018587336,0.49999999999999994,0.8660254037844387,0,2,272.43,0.033640724295396336,0.5841233410100496,0.5704527757695756,-138.0186999414195,0.26873314710548496,DOWN,0.5841233410100496,2026-02-17 23:00:00,2026-02-17,23,17_24,50.102,-222.328,0,1,1,-222.328
13853.42,13853.42,0.0,6245.0,12607.86,2594.8175,2591.9775,2.84,6382.411354166667,4370.2560416666665,2012.1553125,-12.402791666666715,104.08342132822723,-129.71800000000002,7.750999999999976,-2.4492935982947064e-16,1.0,0.7818314824680298,0.6234898018587336,0.49999999999999994,0.8660254037844387,0,2,230.3,0.05395784510235544,0.4680250658341675,0.5740804817116817,-75.57142369700678,0.14461359773205082,NEUTRAL,0.5740804817116817,2026-02-18 00:00:00,2026-02-17,24,17_24,124.906,-105.394,0,1,0,-105.394
15153.395,15153.395,0.0,6253.75,9266.245,3135.2825,3132.6225,2.66,6138.585208333334,4126.457604166667,2012.1276041666667,-14.854000000000047,102.96234977935734,2.3310000000000173,61.160000000000025,0.25881904510252074,0.9659258262890683,0.9749279121818236,-0.22252093395631434,0.49999999999999994,0.8660254037844387,0,0,45.43,0.12064220302074702,0.1102833637272173,0.06477666242826947,-12.953392765021354,0.005209086132550606,NEUTRAL,0.12064220302074702,2026-02-18 01:00:00,2026-02-18,1,1_8,-80.0,-125.43,0,1,0,-125.43
14693.495,14693.495,0.0,6251.25,8300.8475,3653.3025,3650.615,2.6875,5895.913541666666,3883.8042708333337,2012.1092708333335,-18.266000000000048,101.51198323136526,-15.855999999999995,66.03199999999998,0.49999999999999994,0.8660254037844387,0.9749279121818236,-0.22252093395631434,0.49999999999999994,0.8660254037844387,0,0,17.0,0.20680430859493162,0.007173347374102292,0.03716748391239628,-16.115539496944052,0.011109210010999423,NEUTRAL,0.20680430859493162,2026-02-18 02:00:00,2026-02-18,2,1_8,-80.0,-97.0,0,0,0,-97.0
13650.6,13650.6,0.0,6249.5,8666.8825,4080.755,4077.9475,2.8075,5666.288437499999,3654.191770833333,2012.0966666666666,-22.986291666666713,97.51651447184254,3.4540000000000077,116.74100000000001,0.7071067811865476,0.7071067811865476,0.9749279121818236,-0.22252093395631434,0.49999999999999994,0.8660254037844387,0,0,38.2,0.2291299746831764,0.10235390924189931,0.061357892085004466,-1.439260948052761,0.0010992594152993784,NEUTRAL,0.2291299746831764,2026-02-18 03:00:00,2026-02-18,3,1_8,-80.0,-118.2,0,1,0,-118.2
12279.7675,12279.7675,0.0,6250.5,9382.1275,4414.905,4416.5225,-1.6175,5439.318020833333,3427.4167708333334,2011.90125,-32.74216666666671,85.17846066815743,-34.22300000000001,199.918,0.8660254037844386,0.5000000000000001,0.9749279121818236,-0.22252093395631434,0.49999999999999994,0.8660254037844387,0,0,26.32,0.1375907720831022,0.07404734832435216,0.13273492416055327,-28.34548281364312,0.013000256217991536,NEUTRAL,0.1375907720831022,2026-02-18 04:00:00,2026-02-18,4,1_8,-80.0,-106.32,0,1,0,-106.32
11030.6425,11030.6425,0.0,6250.0,10547.995,4482.3475,4479.44,2.9075,5197.807604166667,3185.909791666667,2011.8978125,-37.52825000000005,77.65132248838643,30.13900000000001,145.005,0.9659258262890683,0.25881904510252074,0.9749279121818236,-0.22252093395631434,0.49999999999999994,0.8660254037844387,0,0,57.5,0.35865537582986934,0.0633661514752722,0.24808984031778542,28.409834829268615,0.03396446662651949,NEUTRAL,0.35865537582986934,2026-02-18 05:00:00,2026-02-18,5,1_8,-80.0,-137.5,0,1,0,-137.5
10033.8675,10033.7225,0.145,6247.0,12379.52,4820.73,4817.9725,2.7575,4957.431354166666,2945.547708333333,2011.8836458333333,-42.43654166666672,67.18130716719918,49.15499999999997,166.954,1.0,6.123233995736766e-17,0.9749279121818236,-0.22252093395631434,0.49999999999999994,0.8660254037844387,0,0,215.0,0.40396481135371387,0.07114913633182847,0.5706309917178541,-12.91940091245934,0.02457403518359074,NEUTRAL,0.5706309917178541,2026-02-18 06:00:00,2026-02-18,6,1_8,-59.917,-274.91700000000003,0,1,1,-274.91700000000003
9746.6075,9665.1525,81.455,6252.0,13838.2275,5512.86,5466.4975,46.3625,4766.4982291666665,2754.1132291666668,2012.385,-39.720083333333385,72.01576049540556,110.22199999999998,45.02699999999999,0.9659258262890683,-0.25881904510252063,0.9749279121818236,-0.22252093395631434,0.49999999999999994,0.8660254037844387,0,0,225.5,0.4038704402664591,0.03484760534904077,0.30358421259918056,19.349964877920936,0.026049596114621494,NEUTRAL,0.4038704402664591,2026-02-18 07:00:00,2026-02-18,7,1_8,238.715,13.215000000000003,0,0,0,13.215000000000003
12942.745,9971.025,2971.72,6257.0,9965.6825,8451.9425,6219.3425,2232.6,4668.9909375,2648.0178124999998,2020.9731250000002,-41.83712500000005,70.32676848844189,-11.768000000000029,39.041,0.8660254037844387,-0.4999999999999998,0.9749279121818236,-0.22252093395631434,0.49999999999999994,0.8660254037844387,0,0,120.108,0.22402209261545436,0.04555239523988453,0.46818992205551024,-9.430076554334477,0.01471688935650451,NEUTRAL,0.46818992205551024,2026-02-18 08:00:00,2026-02-18,8,1_8,277.946,157.83800000000002,1,0,1,157.83800000000002
19953.8875,10019.295,9934.5925,5928.75,-3273.95,6100.2375,2610.3425,3489.895,4491.151666666667,2556.1321875,1935.0194791666665,-38.309333333333385,67.89831255357473,-43.333,-128.0,0.7071067811865476,-0.7071067811865475,0.9749279121818236,-0.22252093395631434,0.49999999999999994,0.8660254037844387,0,1,-79.0,0.010786212563256714,0.0001281547380358782,0.025190114957549692,-13.682623112223911,0.0011488894970591555,NEUTRAL,0.025190114957549692,2026-02-18 09:00:00,2026-02-18,9,9_16,-80.0,-1.0,0,0,0,-1.0
25391.065,9229.035,16162.03,6095.75,-17160.6275,3755.29,1023.955,2731.335,4362.649375,2529.8928124999998,1832.7565625,-38.309333333333385,67.89831255357473,-2.0,-2.0,0.49999999999999994,-0.8660254037844387,0.9749279121818236,-0.22252093395631434,0.49999999999999994,0.8660254037844387,0,1,-78.625,0.0024156494933197615,0.00022579254063539252,0.0029778997047696597,-24.25468185266642,0.00024076003309445786,NEUTRAL,0.0029778997047696597,2026-02-18 10:00:00,2026-02-18,10,9_16,-80.0,-1.375,0,0,0,-1.375
28004.9175,7993.0625,20011.855,6248.25,-25461.9075,5357.1625,1189.71,4167.4525,4367.4325,2546.3884375,1821.0440625,-38.309333333333385,67.89831255357473,-2.0,-2.0,0.258819045102521,-0.9659258262890682,0.9749279121818236,-0.22252093395631434,0.49999999999999994,0.8660254037844387,0,1,-79.75,0.012287597781218846,0.00011387431076713882,0.003528773034708889,-23.16827814030304,0.0009489416102381623,NEUTRAL,0.012287597781218846,2026-02-18 11:00:00,2026-02-18,11,9_16,-80.0,-0.25,0,0,0,-0.25
28342.3775,6413.7375,21928.64,6248.0,-28564.035,5706.935,1231.5875,4475.3475,4370.597395833333,2570.594583333333,1800.0028125,-38.309333333333385,67.89831255357473,-2.0,-2.0,1.2246467991473532e-16,-1.0,0.9749279121818236,-0.22252093395631434,0.49999999999999994,0.8660254037844387,0,1,-78.0,0.00799329144367002,8.637825837769499e-05,0.0045963791675136855,-16.733958505697053,0.00044586469114105804,NEUTRAL,0.00799329144367002,2026-02-18 12:00:00,2026-02-18,12,9_16,-80.0,-2.0,0,0,0,-2.0
26910.7975,4730.6375,22180.16,6247.25,-29105.455,4743.355,1038.5,3704.855,4284.915520833333,2582.2555208333333,1702.66,-38.309333333333385,67.89831255357473,-2.0,-2.0,-0.2588190451025208,-0.9659258262890683,0.9749279121818236,-0.22252093395631434,0.49999999999999994,0.8660254037844387,0,1,-78.65,0.008578838893221107,0.00011409601048411065,0.003935479176672179,-19.753422284962653,0.0005648714245748605,NEUTRAL,0.008578838893221107,2026-02-18 13:00:00,2026-02-18,13,9_16,-80.0,-1.3499999999999943,0,0,0,-1.3499999999999943
24306.0925,3403.3425,20902.75,6247.0,-26896.1425,4677.9725,1074.6825,3603.29,4226.2390625,2593.5426041666665,1632.6964583333336,-38.229958333333386,67.94370299739279,-0.09499999999999886,-2.0,-0.4999999999999997,-0.8660254037844388,0.9749279121818236,-0.22252093395631434,0.49999999999999994,0.8660254037844387,0,1,-79.0,0.004925446413230067,0.00012688864757440076,0.00480027606408356,-15.764460214337598,0.0002588233467307241,NEUTRAL,0.004925446413230067,2026-02-18 14:00:00,2026-02-18,14,9_16,-80.0,-1.0,0,0,0,-1.0
20430.1625,2566.215,17863.9475,6247.0,-20110.18,4705.0575,1244.115,3460.9425,4126.122604166666,2590.6596875,1535.4629166666666,-38.229958333333386,67.94370299739279,-2.0,-2.0,-0.7071067811865471,-0.7071067811865479,0.9749279121818236,-0.22252093395631434,0.49999999999999994,0.8660254037844387,0,1,-79.0,0.006832769548894578,0.00015294471575066055,0.003384563615067133,-22.581093190477144,0.0005143046864421432,NEUTRAL,0.006832769548894578,2026-02-18 15:00:00,2026-02-18,15,9_16,-80.0,-1.0,0,0,0,-1.0
14884.255,2103.5575,12780.6975,5956.5,-8075.8275,4394.9,1557.195,2837.705,4013.4443750000005,2583.240625,1430.20375,-37.14141666666672,68.32086619252449,-2.0,-28.125,-0.8660254037844385,-0.5000000000000004,0.9749279121818236,-0.22252093395631434,0.49999999999999994,0.8660254037844387,0,1,-78.0,0.0024203038050301675,0.00012995321679984233,0.004475641760196613,17.179184185196814,0.00025629291381792024,NEUTRAL,0.004475641760196613,2026-02-18 16:00:00,2026-02-18,16,9_16,-80.0,-2.0,0,0,0,-2.0
7761.8125,1963.5325,5798.28,7584.75,8450.6425,5030.5075,2975.7575,2054.75,3993.7566666666667,2608.4717708333333,1385.2848958333334,-42.065083333333384,75.2839677781881,-196.0,-77.83200000000002,-0.9659258262890683,-0.25881904510252063,0.9749279121818236,-0.22252093395631434,0.49999999999999994,0.8660254037844387,0,2,213.5,0.0722468360178901,0.36411173997361596,0.5743458060740875,-29.57140863233841,0.05661404842562211,NEUTRAL,0.5743458060740875,2026-02-18 17:00:00,2026-02-18,17,17_24,36.58,-176.92000000000002,0,1,1,-176.92000000000002
2982.34,2294.7675,687.5725,8537.0,24976.415,7550.915,7066.92,483.995,4194.88625,2806.6896875,1388.1965625,-39.06350000000005,73.92483523970225,-36.91900000000004,-108.957,-1.0,-1.8369701987210297e-16,0.9749279121818236,-0.22252093395631434,0.49999999999999994,0.8660254037844387,0,2,385.0,0.07694442613594499,0.008206668351642108,0.09809230900480446,32.05916917454669,0.010482526430356453,NEUTRAL,0.09809230900480446,2026-02-18 18:00:00,2026-02-18,18,17_24,473.25,88.25,0,0,0,88.25
3085.0575,3084.89,0.1675,8537.0,27851.18,8650.3425,8653.6375,-3.295,4483.847291666666,3095.847916666667,1387.999375,-36.69504166666672,72.45431697732094,-53.00600000000003,-109.84899999999999,-0.9659258262890684,0.2588190451025203,0.9749279121818236,-0.22252093395631434,0.49999999999999994,0.8660254037844387,0,2,401.425,0.10223194124845156,0.012998814317385483,0.05173077658187553,25.200907802655163,0.008587792419628957,NEUTRAL,0.10223194124845156,2026-02-18 19:00:00,2026-02-18,19,17_24,492.758,91.33299999999997,0,0,0,91.33299999999997
4067.015,4067.015,0.0,8542.0,26767.82,10680.8875,10677.895,2.9925,4875.337291666667,3487.3312500000006,1388.0060416666665,-44.38275000000005,89.64633532665864,-306.492,-121.98700000000002,-0.8660254037844386,0.5000000000000001,0.9749279121818236,-0.22252093395631434,0.49999999999999994,0.8660254037844387,0,2,443.0,0.08619310557446312,0.025530745913935178,0.06883165494825508,-23.500515757287815,0.006751941452407477,NEUTRAL,0.08619310557446312,2026-02-18 20:00:00,2026-02-18,20,17_24,487.755,44.754999999999995,0,0,0,44.754999999999995
4912.0025,4912.0025,0.0,8117.25,26162.7875,12650.28,12647.3225,2.9575,5354.382083333333,3966.380520833334,1388.0015624999999,-49.76658333333339,97.98516047270645,-250.934,-121.72199999999998,-0.7071067811865477,0.7071067811865474,0.9749279121818236,-0.22252093395631434,0.49999999999999994,0.8660254037844387,0,2,412.5,0.07046440797822275,0.027757178090311353,0.1202049962712815,-26.8600609559924,0.0107623784235382,NEUTRAL,0.1202049962712815,2026-02-18 21:00:00,2026-02-18,21,17_24,490.249,77.74900000000002,0,0,0,77.74900000000002
5682.17,5682.17,0.0,7158.25,25394.5425,14359.48,14356.4425,3.0375,5893.78625,4505.780208333334,1388.0060416666668,-53.421958333333386,103.71770167664175,-247.029,-159.3,-0.5000000000000004,0.8660254037844384,0.9749279121818236,-0.22252093395631434,0.49999999999999994,0.8660254037844387,0,2,429.5,0.05796504945170962,0.061931568157814025,0.22802918092849436,-36.46187844614757,0.027714574257297845,NEUTRAL,0.22802918092849436,2026-02-18 22:00:00,2026-02-18,22,17_24,489.547,60.047000000000025,0,0,0,60.047000000000025
6590.4875,6590.4875,0.0,6570.75,21599.0875,15446.675,15443.835,2.84,6456.539166666666,5068.534791666666,1388.0043749999998,-56.85000000000005,107.97770492016299,-222.328,-140.055,-0.25881904510252157,0.9659258262890681,0.9749279121818236,-0.22252093395631434,0.49999999999999994,0.8660254037844387,0,2,374.75,0.058979676135504616,0.12266937250021571,0.31529127953083536,-53.109837961232955,0.05581689588824157,NEUTRAL,0.31529127953083536,2026-02-18 23:00:00,2026-02-18,23,17_24,494.807,120.05700000000002,1,0,0,120.05700000000002
7692.335,7692.335,0.0,6250.75,17447.37,15742.96,15740.0275,2.9325,7004.3784375000005,5616.370208333334,1388.0082291666668,-55.83650000000005,107.37649560916046,-105.394,-129.71800000000002,-2.4492935982947064e-16,1.0,0.9749279121818236,-0.22252093395631434,0.49999999999999994,0.8660254037844387,0,2,336.263,0.09772900055138646,0.2116552967794996,0.39330553172028737,-0.7248100288115019,0.0009502393125930151,NEUTRAL,0.39330553172028737,2026-02-19 00:00:00,2026-02-18,24,17_24,452.577,116.31400000000002,1,0,0,116.31400000000002
10919.6775,10919.6775,0.0,6238.0,14136.2375,12997.6025,12994.6675,2.935,7415.3084375,6027.28875,1388.0196875,-61.15987500000005,107.53423096787813,-125.43,2.3310000000000173,0.25881904510252074,0.9659258262890683,0.43388373911755823,-0.900968867902419,0.49999999999999994,0.8660254037844387,0,0,218.948,0.11063609228705173,0.4605013102944454,0.37109244431936705,-59.56235017564763,0.09142846766700774,NEUTRAL,0.4605013102944454,2026-02-19 01:00:00,2026-02-19,1,1_8,433.468,214.52,1,0,1,214.52
12095.8675,12095.8675,0.0,6238.0,11709.5275,12521.725,12518.77,2.955,7784.826041666666,6396.795208333334,1388.0308333333332,-64.54087500000004,107.32331783844997,-97.0,-15.855999999999995,0.49999999999999994,0.8660254037844387,0.43388373911755823,-0.900968867902419,0.49999999999999994,0.8660254037844387,0,0,142.85,0.18658828466930583,0.3858120473616031,0.4378263191961234,-40.805372505039315,0.05955222015769354,NEUTRAL,0.4378263191961234,2026-02-19 02:00:00,2026-02-19,2,1_8,248.633,105.78300000000002,1,0,0,105.78300000000002
12974.5275,12974.5275,0.0,6238.0,10539.2025,12229.72,12226.6975,3.0225,8124.366249999999,6736.326458333333,1388.0397916666668,-69.60979166666672,106.84407968663885,-118.2,3.4540000000000077,0.7071067811865476,0.7071067811865476,0.43388373911755823,-0.900968867902419,0.49999999999999994,0.8660254037844387,0,0,33.0,0.21454333364883119,0.20011625545836595,0.07465322405908068,-5.546464714805154,0.003966523432933038,NEUTRAL,0.21454333364883119,2026-02-19 03:00:00,2026-02-19,3,1_8,-0.551,-33.551,0,0,0,-33.551
13722.3125,13722.3125,0.0,6238.0,9137.9225,11570.13,11567.0975,3.0325,8422.500624999999,7034.267083333333,1388.2335416666667,-72.61383333333337,106.81942327720668,-106.32,-34.22300000000001,0.8660254037844386,0.5000000000000001,0.43388373911755823,-0.900968867902419,0.49999999999999994,0.8660254037844387,0,0,45.0,0.21930360735005797,0.26323904732229353,0.0465560078388819,-30.208769607940116,0.0265070924412427,NEUTRAL,0.26323904732229353,2026-02-19 04:00:00,2026-02-19,4,1_8,-80.0,-125.0,0,1,0,-125.0
14430.8475,14430.8475,0.0,6238.0,8160.0975,10954.7425,10951.785,2.9575,8692.18375,7303.948125,1388.235625,-79.59879166666671,105.27811403713145,-137.5,30.13900000000001,0.9659258262890683,0.25881904510252074,0.43388373911755823,-0.900968867902419,0.49999999999999994,0.8660254037844387,0,0,-28.0,0.35744138693461086,8.386964820352462e-05,0.05951372435278388,35.87991378796889,0.042749887158219556,NEUTRAL,0.35744138693461086,2026-02-19 05:00:00,2026-02-19,5,1_8,-80.0,-52.0,0,0,0,-52.0
14939.575,14939.4125,0.1625,6238.0,8493.0775,10560.8775,10557.9575,2.92,8931.3565625,7543.114166666667,1388.2423958333336,-93.10179166666671,108.77095784300512,-274.91700000000003,49.15499999999997,1.0,6.123233995736766e-17,0.43388373911755823,-0.900968867902419,0.49999999999999994,0.8660254037844387,0,0,0.0,0.3451772956983181,0.0001279862937526988,0.0878650739445607,40.34675621347425,0.04642261399988785,NEUTRAL,0.3451772956983181,2026-02-19 06:00:00,2026-02-19,6,1_8,-80.0,-80.0,0,0,0,-80.0
15300.31,15210.265,90.045,6238.75,9656.3275,10179.3675,10134.3775,44.99,9125.794375,7737.609166666666,1388.1852083333333,-97.14375000000005,102.5090424203369,13.215000000000003,110.22199999999998,0.9659258262890683,-0.25881904510252063,0.43388373911755823,-0.900968867902419,0.49999999999999994,0.8660254037844387,0,0,-21.263,0.7399270663770533,5.3430478563838645e-05,0.20514657209307338,85.5891954943577,0.21109920778570732,UP,0.7399270663770533,2026-02-19 07:00:00,2026-02-19,7,1_8,-80.0,-58.736999999999995,0,0,0,-58.736999999999995
17756.17,14835.2625,2920.9075,6117.25,7057.735,11998.6225,9838.4025,2160.22,9273.572708333333,7888.403333333335,1385.1693750000002,-90.0768333333334,113.86767101778341,157.83800000000002,-11.768000000000029,0.8660254037844387,-0.4999999999999998,0.43388373911755823,-0.900968867902419,0.49999999999999994,0.8660254037844387,0,0,-9.5,0.5212653540826896,4.5216073490298105e-05,0.18955852311535676,90.37934352802843,0.1570387350196626,UP,0.5212653540826896,2026-02-19 08:00:00,2026-02-19,8,1_8,-59.775,-50.275,0,0,0,-50.275
23121.28,13378.2375,9743.0425,4846.5,-3634.66,9821.4825,5334.5625,4486.92,9428.624583333332,8001.912500000001,1426.712083333333,-88.31295833333338,114.94601676835475,-1.0,-43.333,0.7071067811865476,-0.7071067811865475,0.43388373911755823,-0.900968867902419,0.49999999999999994,0.8660254037844387,0,1,-79.958,0.0068137430713158,7.664218031101384e-05,0.005612602210863415,-4.869688324644966,0.00011060268360505694,NEUTRAL,0.0068137430713158,2026-02-19 09:00:00,2026-02-19,9,9_16,-80.0,-0.04200000000000159,0,0,0,-0.04200000000000159
26614.2525,10712.8575,15901.395,6103.25,-17270.02,5401.495,1771.8725,3629.6225,9497.216458333334,8033.075729166667,1464.1407291666667,-88.28691666666673,114.96649063358032,-1.375,-2.0,0.49999999999999994,-0.8660254037844387,0.43388373911755823,-0.900968867902419,0.49999999999999994,0.8660254037844387,0,1,-79.99,0.0015490824815836126,0.00016829199227442982,0.0015763214859574857,5.085773327175791,2.6722712561122296e-05,NEUTRAL,0.0015763214859574857,2026-02-19 10:00:00,2026-02-19,10,9_16,-80.0,-0.010000000000005116,0,0,0,-0.010000000000005116
28277.9575,8416.385,19861.5725,6248.25,-23737.71,4444.28,1046.76,3397.52,9459.1796875,8027.119479166667,1432.0602083333333,-88.21400000000006,115.02413742567863,-0.25,-2.0,0.258819045102521,-0.9659258262890682,0.43388373911755823,-0.900968867902419,0.49999999999999994,0.8660254037844387,0,1,-80.0,0.0017405623016496512,0.00015411712835377284,0.0004645333531137774,1.9503846516268468,1.1315886661125925e-05,NEUTRAL,0.0017405623016496512,2026-02-19 11:00:00,2026-02-19,11,9_16,-80.0,0.0,0,0,0,0.0
29131.5725,7317.5225,21814.05,6248.0,-26470.62,4298.8125,808.5575,3490.255,9400.507916666667,8009.493229166667,1391.0146875,-88.21400000000006,115.02413742567863,-2.0,-2.0,1.2246467991473532e-16,-1.0,0.43388373911755823,-0.900968867902419,0.49999999999999994,0.8660254037844387,0,1,-80.0,0.001751473003469275,0.00015122460068538326,0.0007066408858842614,6.264595496111537,3.6574232963648554e-05,NEUTRAL,0.001751473003469275,2026-02-19 12:00:00,2026-02-19,12,9_16,-80.0,0.0,0,0,0,0.0
28895.5075,6860.4575,22035.05,6247.25,-28640.5925,4137.215,629.2625,3507.9525,9375.252083333333,7992.441666666667,1382.810416666667,-88.18691666666672,115.04539434460409,-1.3499999999999943,-2.0,-0.2588190451025208,-0.9659258262890683,0.43388373911755823,-0.900968867902419,0.49999999999999994,0.8660254037844387,0,1,-80.0,0.003936360571159812,0.00015122460068538326,0.0006331450947581152,4.054231896029426,5.319639527289574e-05,NEUTRAL,0.003936360571159812,2026-02-19 13:00:00,2026-02-19,13,9_16,-80.0,0.0,0,0,0,0.0
27422.81,6728.0375,20694.7725,6247.0,-27331.905,3859.285,515.915,3343.37,9341.140104166667,7969.1596875000005,1371.9804166666665,-88.22462500000005,115.0154095550409,-1.0,-0.09499999999999886,-0.4999999999999997,-0.8660254037844388,0.43388373911755823,-0.900968867902419,0.49999999999999994,0.8660254037844387,0,1,-80.0,0.002969446016896862,0.00016079096931868704,0.0009090286077196688,15.21347021771987,0.00015058526180395767,NEUTRAL,0.002969446016896862,2026-02-19 14:00:00,2026-02-19,14,9_16,-80.0,0.0,0,0,0,0.0
24365.2775,6775.205,17590.0725,6247.0,-21915.9625,3344.0575,471.48,2872.5775,9284.431770833333,7936.966562500001,1347.4652083333333,-88.18295833333337,115.04818075597163,-1.0,-2.0,-0.7071067811865471,-0.7071067811865479,0.43388373911755823,-0.900968867902419,0.49999999999999994,0.8660254037844387,0,1,-79.99,0.0012889987864683834,0.0001756160282730989,0.0010404463786055334,12.869692014453001,5.529672462950588e-05,NEUTRAL,0.0012889987864683834,2026-02-19 15:00:00,2026-02-19,15,9_16,-80.0,-0.010000000000005116,0,0,0,-0.010000000000005116
19366.7575,6839.13,12527.6275,4882.25,-9347.9575,3318.8975,543.705,2775.1925,9239.598333333333,7894.7378125,1344.8605208333333,-88.18295833333337,115.04818075597163,-2.0,-2.0,-0.8660254037844385,-0.5000000000000004,0.43388373911755823,-0.900968867902419,0.49999999999999994,0.8660254037844387,0,1,-79.775,0.003026230923079158,0.00014799001651265577,0.0025721856141440514,35.93688126586382,0.00036251100455260383,NEUTRAL,0.003026230923079158,2026-02-19 16:00:00,2026-02-19,16,9_16,-80.0,-0.22499999999999432,0,0,0,-0.22499999999999432
12530.835,6754.6975,5776.1375,7062.75,5088.185,3978.1425,1061.705,2916.4375,9195.749791666667,7814.985625,1380.7641666666668,-87.38795833333337,114.33446532013579,-176.92000000000002,-196.0,-0.9659258262890683,-0.25881904510252063,0.43388373911755823,-0.900968867902419,0.49999999999999994,0.8660254037844387,0,2,-27.5,0.09640088562267259,0.00014895045350694032,0.15979913803995138,69.49188960825037,0.037015813533886215,NEUTRAL,0.15979913803995138,2026-02-19 17:00:00,2026-02-19,17,17_24,41.613,69.113,0,0,0,69.113
7672.8575,6957.6075,715.25,8537.0,20150.25,2755.235,2187.79,567.445,8995.929791666667,7611.688541666666,1384.24125,-82.17258333333338,119.47589941796444,88.25,-36.91900000000004,-1.0,-1.8369701987210297e-16,0.43388373911755823,-0.900968867902419,0.49999999999999994,0.8660254037844387,0,2,312.2,0.10743254150969661,0.05266020253139582,0.203240434528157,23.07899530880749,0.01563528345011777,NEUTRAL,0.203240434528157,2026-02-19 18:00:00,2026-02-19,18,17_24,610.695,298.49500000000006,1,0,1,298.49500000000006
7692.7575,7692.5625,0.195,8537.5,23974.5075,3005.6125,3004.4475,1.165,8760.732708333333,7376.305625000001,1384.4270833333333,-76.15845833333339,124.53368804498174,91.33299999999997,-53.00600000000003,-0.9659258262890684,0.2588190451025203,0.43388373911755823,-0.900968867902419,0.49999999999999994,0.8660254037844387,0,2,335.0,0.06597586872939115,0.04209792706515376,0.1312972726924125,7.000774856587793,0.0030639421513453087,NEUTRAL,0.1312972726924125,2026-02-19 19:00:00,2026-02-19,19,17_24,506.776,171.776,1,0,1,171.776
8900.3675,8900.3675,0.0,8542.5,22565.62,3721.19,3718.0375,3.1525,8470.745312500001,7086.3115625,1384.43375,-61.52316666666672,116.67953682841075,44.754999999999995,-306.492,-0.8660254037844386,0.5000000000000001,0.43388373911755823,-0.900968867902419,0.49999999999999994,0.8660254037844387,0,2,362.175,0.0485358567382531,0.14201298006778174,0.14037155356525005,-36.15200694091699,0.017113514137035837,NEUTRAL,0.14201298006778174,2026-02-19 20:00:00,2026-02-19,20,17_24,490.774,128.599,1,0,0,128.599
10523.8675,10523.8675,0.0,8111.5,21494.015,4417.595,4414.5025,3.0925,8127.716770833334,6743.277395833332,1384.439375,-47.828041666666714,112.70267677214508,77.74900000000002,-250.934,-0.7071067811865477,0.7071067811865474,0.43388373911755823,-0.900968867902419,0.49999999999999994,0.8660254037844387,0,2,320.0,0.07933225084891894,0.2254319393276202,0.19113803312566569,-79.9278614913467,0.060060976074345664,NEUTRAL,0.2254319393276202,2026-02-19 21:00:00,2026-02-19,21,17_24,472.773,152.77300000000002,1,0,1,152.77300000000002
12247.375,12247.375,0.0,7149.25,19927.9075,5551.155,5552.43,-1.275,7760.7032291666665,6376.443541666667,1384.2596875,-35.03320833333338,106.35677523030323,60.047000000000025,-247.029,-0.5000000000000004,0.8660254037844384,0.43388373911755823,-0.900968867902419,0.49999999999999994,0.8660254037844387,0,2,302.875,0.06138523447885984,0.2588755934165874,0.2513138071660843,-99.00159954086207,0.08543032610110671,NEUTRAL,0.2588755934165874,2026-02-19 22:00:00,2026-02-19,22,17_24,461.532,158.65699999999998,1,0,1,158.65699999999998
13619.415,13619.415,0.0,6572.75,16170.465,6843.1375,6840.03,3.1075,7402.222500000001,6017.951666666667,1384.2708333333333,-20.76716666666671,103.05332488767924,120.05700000000002,-222.328,-0.25881904510252157,0.9659258262890681,0.43388373911755823,-0.900968867902419,0.49999999999999994,0.8660254037844387,0,2,249.0,0.11912087454870822,0.23369480265201223,0.47719056495608114,-96.94733897203173,0.15420785151684177,NEUTRAL,0.47719056495608114,2026-02-19 23:00:00,2026-02-19,23,17_24,437.879,188.87900000000002,1,0,1,188.87900000000002
14371.7775,14371.7775,0.0,6245.25,12295.3225,8377.0525,8374.1325,2.92,7095.3096875,5711.039375,1384.2703125,-11.529333333333376,105.05509165512376,116.31400000000002,-105.394,-2.4492935982947064e-16,1.0,0.43388373911755823,-0.900968867902419,0.49999999999999994,0.8660254037844387,0,2,90.25,0.2367897989034526,0.09300096243161281,0.33677255550776714,-24.217208607452307,0.02718563743332136,NEUTRAL,0.33677255550776714,2026-02-20 00:00:00,2026-02-19,24,17_24,339.418,249.168,1,0,1,249.168
14051.7425,14051.7425,0.0,6239.5,10250.4775,10134.93,10131.9675,2.9625,6976.031666666667,5591.760208333333,1384.2714583333334,2.635249999999958,111.73548959980667,214.52,-125.43,0.25881904510252074,0.9659258262890683,-0.433883739117558,-0.9009688679024191,0.49999999999999994,0.8660254037844387,0,0,80.0,0.31485599098440115,0.14150447088840734,0.20927260014732318,-32.033936959667685,0.03362025655522668,NEUTRAL,0.31485599098440115,2026-02-20 01:00:00,2026-02-20,1,1_8,132.768,52.768,0,0,0,52.768
14193.1225,14193.1225,0.0,6238.0,8947.1575,11902.9275,11900.0625,2.865,6950.248437499999,5565.980729166667,1384.2677083333335,11.084541666666624,111.54054716168666,105.78300000000002,-97.0,0.49999999999999994,0.8660254037844387,-0.433883739117558,-0.9009688679024191,0.49999999999999994,0.8660254037844387,0,0,1.5,0.5638784782764592,7.718283967666667e-05,0.09564959286691119,11.726202775215222,0.022040511256165175,UP,0.5638784782764592,2026-02-20 02:00:00,2026-02-20,2,1_8,-26.929,-28.429,0,0,0,-28.429
14190.475,14190.475,0.0,6238.0,9176.1625,12324.1725,12321.2325,2.94,6954.183958333334,5569.919687500001,1384.2642708333333,14.611583333333291,108.57356402594938,-33.551,-118.2,0.7071067811865476,0.7071067811865476,-0.433883739117558,-0.9009688679024191,0.49999999999999994,0.8660254037844387,0,0,8.0,0.4759201745183916,8.166982054392674e-05,0.07266093222907068,-19.523265360980695,0.030971719525889337,NEUTRAL,0.4759201745183916,2026-02-20 03:00:00,2026-02-20,3,1_8,262.867,254.86700000000002,1,0,1,254.86700000000002
14027.105,14027.105,0.0,6238.0,8915.445,11774.6025,11771.79,2.8125,6962.703645833334,5578.448541666666,1384.2551041666668,13.833249999999957,109.5408281256644,-125.0,-106.32,0.8660254037844386,0.5000000000000001,-0.433883739117558,-0.9009688679024191,0.49999999999999994,0.8660254037844387,0,0,-25.0,0.4308136560407574,7.686368142205508e-05,0.06905759645790122,-12.256642173143058,0.017601096084650318,NEUTRAL,0.4308136560407574,2026-02-20 04:00:00,2026-02-20,4,1_8,-59.852,-34.852,0,0,0,-34.852
13823.4575,13823.4575,0.0,6238.0,8855.4325,12321.645,12318.705,2.94,7019.657916666667,5635.403541666667,1384.2543749999998,17.395749999999957,105.7291679776161,-52.0,-137.5,0.9659258262890683,0.25881904510252074,-0.433883739117558,-0.9009688679024191,0.49999999999999994,0.8660254037844387,0,0,-24.75,0.6071416469347615,7.686368142205508e-05,0.08307203651086163,23.113173451252404,0.04677656731694063,UP,0.6071416469347615,2026-02-20 05:00:00,2026-02-20,5,1_8,-80.0,-55.25,0,0,0,-55.25
13797.4575,13797.3125,0.145,6238.0,9581.945,13075.3125,13072.3375,2.975,7124.426041666667,5740.169375,1384.256666666667,25.517291666666626,88.35828050488897,-80.0,-274.91700000000003,1.0,6.123233995736766e-17,-0.433883739117558,-0.9009688679024191,0.49999999999999994,0.8660254037844387,0,0,-50.0,0.6368634505843771,0.00025415716574580356,0.09313039724883916,66.57434859152255,0.14132923121468072,UP,0.6368634505843771,2026-02-20 06:00:00,2026-02-20,6,1_8,102.486,152.486,1,0,1,152.486
14105.49,14005.02,100.47,6242.5,10818.475,13786.4325,13725.6875,60.745,7274.720416666667,5889.807291666667,1384.913125,22.51929166666663,89.99927513354342,-58.736999999999995,13.215000000000003,0.9659258262890683,-0.25881904510252063,-0.433883739117558,-0.9009688679024191,0.49999999999999994,0.8660254037844387,0,0,-29.0,0.7323756991618101,5.1792562933148035e-05,0.13430007606433886,79.7214578106478,0.1946201946742398,UP,0.7323756991618101,2026-02-20 07:00:00,2026-02-20,7,1_8,285.795,314.795,1,0,1,314.795
17240.4925,14075.1125,3165.38,6258.0,7180.7425,15520.2375,13521.7725,1998.465,7421.454375,6043.281041666666,1378.1733333333334,13.847916666666622,86.34617618829688,-50.275,157.83800000000002,0.8660254037844387,-0.4999999999999998,-0.433883739117558,-0.9009688679024191,0.49999999999999994,0.8660254037844387,0,0,-49.125,0.37566441418495283,9.768404466692155e-05,0.1197696269512265,61.46109344094661,0.07696248554219952,NEUTRAL,0.37566441418495283,2026-02-20 08:00:00,2026-02-20,8,1_8,83.784,132.909,1,0,0,132.909
23754.9325,13635.6675,10119.265,5180.5,-5663.8775,13577.4625,8325.96,5251.5025,7577.953541666667,6167.922604166667,1410.0309375,13.887833333333292,86.33923491954617,-0.04200000000000159,-1.0,0.7071067811865476,-0.7071067811865475,-0.433883739117558,-0.9009688679024191,0.49999999999999994,0.8660254037844387,0,1,-79.775,0.005334259110394308,9.35763758427352e-05,0.0045638497279614255,10.810266827646444,0.00019221588103722142,NEUTRAL,0.005334259110394308,2026-02-20 09:00:00,2026-02-20,9,9_16,-80.0,-0.22499999999999432,0,0,0,-0.22499999999999432
28359.9575,12122.0925,16237.865,6105.5,-19817.5425,7907.9125,3066.3525,4841.56,7682.387604166667,6221.8592708333335,1460.5283333333334,13.94470833333329,86.32919256492012,-0.010000000000005116,-1.375,0.49999999999999994,-0.8660254037844387,-0.433883739117558,-0.9009688679024191,0.49999999999999994,0.8660254037844387,0,1,-79.955,0.003962085600469126,0.00016483389009302126,0.002406756705119617,-11.460088494101702,0.00015135283867527422,NEUTRAL,0.003962085600469126,2026-02-20 10:00:00,2026-02-20,10,9_16,-80.0,-0.045000000000001705,0,0,0,-0.045000000000001705
30767.535,10685.0325,20082.5025,6248.25,-27341.945,5632.945,1463.8975,4169.0475,7731.9153125,6239.240000000001,1492.6753125000002,13.955124999999958,86.3274203973557,0.0,-0.25,0.258819045102521,-0.9659258262890682,-0.433883739117558,-0.9009688679024191,0.49999999999999994,0.8660254037844387,0,1,-79.97,0.0028180028052809196,0.00021759107443977045,0.0010922424170801792,-6.828878773817384,6.414599847180238e-05,NEUTRAL,0.0028180028052809196,2026-02-20 11:00:00,2026-02-20,11,9_16,-80.0,-0.030000000000001137,0,0,0,-0.030000000000001137
32206.8075,10283.8325,21922.975,6248.0,-30740.6375,4642.13,977.3025,3664.8275,7746.220208333333,6246.271041666667,1499.9491666666665,14.03845833333329,86.31231299635425,0.0,-2.0,1.2246467991473532e-16,-1.0,-0.433883739117558,-0.9009688679024191,0.49999999999999994,0.8660254037844387,0,1,-79.978,0.005446317209934618,0.00021288472488886737,0.0014663146201894899,-1.6844686315289907,3.0580501658304526e-05,NEUTRAL,0.005446317209934618,2026-02-20 12:00:00,2026-02-20,12,9_16,-80.0,-0.02200000000000557,0,0,0,-0.02200000000000557
32620.5675,10523.265,22097.3025,6247.25,-32968.99,4787.355,1005.025,3782.33,7773.309375000001,6261.927812499999,1511.3815625,14.094708333333292,86.30228757735783,0.0,-1.3499999999999943,-0.2588190451025208,-0.9659258262890683,-0.433883739117558,-0.9009688679024191,0.49999999999999994,0.8660254037844387,0,1,-79.85,0.0037991221174318913,0.00018980344051355185,0.001297715434513524,-0.6986277231178679,8.847240115827251e-06,NEUTRAL,0.0037991221174318913,2026-02-20 13:00:00,2026-02-20,13,9_16,-80.0,-0.15000000000000568,0,0,0,-0.15000000000000568
31891.445,11179.535,20711.91,6247.0,-32992.2775,4362.315,883.6225,3478.6925,7794.268958333334,6277.248958333334,1517.0199999999998,14.136374999999958,86.29492409416852,0.0,-1.0,-0.4999999999999997,-0.8660254037844388,-0.433883739117558,-0.9009688679024191,0.49999999999999994,0.8660254037844387,0,1,-79.965,0.0020732468112069262,0.00029012005907397054,0.001378325328332352,-3.9182504630276607,2.707833425994053e-05,NEUTRAL,0.0020732468112069262,2026-02-20 14:00:00,2026-02-20,14,9_16,-80.0,-0.03499999999999659,0,0,0,-0.03499999999999659
29535.3825,12017.28,17518.1025,6247.0,-27954.8175,4039.35,962.495,3076.855,7823.2394791666675,6297.707916666666,1525.5315625,14.177624999999956,86.28761045168525,-0.010000000000005116,-1.0,-0.7071067811865471,-0.7071067811865479,-0.433883739117558,-0.9009688679024191,0.49999999999999994,0.8660254037844387,0,1,-79.97,0.0019070191341904498,0.0003257499609100907,0.0013995719726945014,-4.361186302910043,2.772288575806253e-05,NEUTRAL,0.0019070191341904498,2026-02-20 15:00:00,2026-02-20,15,9_16,-80.0,-0.030000000000001137,0,0,0,-0.030000000000001137
25271.33,12837.34,12433.99,5946.0,-17667.665,6616.055,2551.4375,4064.6175,7960.621041666666,6381.3634375,1579.2576041666669,14.251583333333292,86.27390110719145,-0.22499999999999432,-2.0,-0.8660254037844385,-0.5000000000000004,-0.433883739117558,-0.9009688679024191,0.49999999999999994,0.8660254037844387,0,1,-79.908,0.00790411493586203,0.0001307366562554332,0.00420416227065484,23.099438285789187,0.0006086020505490985,NEUTRAL,0.00790411493586203,2026-02-20 16:00:00,2026-02-20,16,9_16,-80.0,-0.09199999999999875,0,0,0,-0.09199999999999875
19356.8275,13609.4375,5747.39,6959.5,-2818.94,8977.8425,5189.48,3788.3625,8168.941875,6553.3540625,1615.5878125,24.502958333333293,76.6511869220774,69.113,-176.92000000000002,-0.9659258262890683,-0.25881904510252063,-0.433883739117558,-0.9009688679024191,0.49999999999999994,0.8660254037844387,0,2,-74.75,0.06666319001017615,3.0374416664485867e-05,0.13318040906013842,83.73138804264694,0.03717126836897634,NEUTRAL,0.13318040906013842,2026-02-20 17:00:00,2026-02-20,17,17_24,-80.0,-5.25,0,0,0,-5.25
15698.8875,14979.74,719.1475,8554.0,11028.4375,7117.8275,6561.0325,556.795,8350.7165625,6735.572499999999,1615.1440625000002,33.26316666666663,94.24770002391018,298.49500000000006,88.25,-1.0,-1.8369701987210297e-16,-0.433883739117558,-0.9009688679024191,0.49999999999999994,0.8660254037844387,0,2,189.993,0.5374636947183915,0.04126381922849639,0.27213896794286835,143.79938894472815,0.25762316960160203,UP,0.5374636947183915,2026-02-20 18:00:00,2026-02-20,18,17_24,266.075,76.082,0,0,0,76.082
16977.2525,16977.005,0.2475,8564.75,14807.2425,6994.9875,7002.5675,-7.58,8516.940520833334,6902.160833333334,1614.7796875000001,36.6149583333333,97.76736748926332,171.776,91.33299999999997,-0.9659258262890684,0.2588190451025203,-0.433883739117558,-0.9009688679024191,0.49999999999999994,0.8660254037844387,0,2,246.875,0.1669341262234053,0.1038845064797475,0.36234597141363883,-1.6359918652541103,0.0019759835388010387,NEUTRAL,0.36234597141363883,2026-02-20 19:00:00,2026-02-20,19,17_24,75.544,-171.33100000000002,0,1,1,-171.33100000000002
18855.1225,18855.1225,0.0,8569.25,12860.3025,7850.4275,7846.9475,3.48,8688.992083333333,7074.19875,1614.793333333333,40.108458333333296,99.55257120736792,128.599,44.754999999999995,-0.8660254037844386,0.5000000000000001,-0.433883739117558,-0.9009688679024191,0.49999999999999994,0.8660254037844387,0,2,166.7,0.19363773945108093,0.18405024074672413,0.5121316069370189,-18.944373490419274,0.03234004146021161,NEUTRAL,0.5121316069370189,2026-02-20 20:00:00,2026-02-20,20,17_24,134.402,-32.298,0,0,0,-32.298
20186.895,20186.895,0.0,8136.5,12081.605,9611.1975,9607.6725,3.525,8905.3921875,7290.580833333333,1614.8113541666664,43.23445833333329,101.93527262753672,152.77300000000002,77.74900000000002,-0.7071067811865477,0.7071067811865474,-0.433883739117558,-0.9009688679024191,0.49999999999999994,0.8660254037844387,0,2,90.0,0.24051347064372605,0.1476904724302814,0.48879259943520503,-11.892147840543432,0.019375979519489946,NEUTRAL,0.48879259943520503,2026-02-20 21:00:00,2026-02-20,21,17_24,-60.153,-150.153,0,1,1,-150.153
20998.67,20998.67,0.0,7164.75,11753.9825,11628.35,11624.985,3.365,9158.608645833334,7543.603958333333,1615.0046874999998,47.3432083333333,104.59506457305501,158.65699999999998,60.047000000000025,-0.5000000000000004,0.8660254037844384,-0.433883739117558,-0.9009688679024191,0.49999999999999994,0.8660254037844387,0,2,9.5,0.22011164810206799,0.016364884161695098,0.20705016747627972,-7.746772454012717,0.0056838495077481364,NEUTRAL,0.22011164810206799,2026-02-20 22:00:00,2026-02-20,22,17_24,285.572,276.072,1,0,1,276.072
21488.95,21488.95,0.0,6576.25,8933.25,13034.145,13030.725,3.42,9416.567291666666,7801.549583333333,1615.0177083333335,50.21079166666663,107.57619448638248,188.87900000000002,120.05700000000002,-0.25881904510252157,0.9659258262890681,-0.433883739117558,-0.9009688679024191,0.49999999999999994,0.8660254037844387,0,2,-11.0,0.299738909972212,0.00012038417333192765,0.242050208610204,10.347055537668199,0.010338050494275353,NEUTRAL,0.299738909972212,2026-02-20 23:00:00,2026-02-20,23,17_24,-80.0,-69.0,0,0,0,-69.0
21725.955,21725.955,0.0,6237.0,6123.3325,14207.58,14204.03,3.55,9659.5059375,8044.461979166666,1615.0439583333334,55.746374999999965,114.33162624416643,249.168,116.31400000000002,-2.4492935982947064e-16,1.0,-0.433883739117558,-0.9009688679024191,0.49999999999999994,0.8660254037844387,0,2,-25.0,0.24464909870677787,0.00020281422798987245,0.1574476149374097,12.722696325767878,0.010375320630730486,NEUTRAL,0.24464909870677787,2026-02-21 00:00:00,2026-02-20,24,17_24,-80.0,-55.0,0,0,0,-55.0
22353.4475,22353.4475,0.0,6238.0,1941.6075,14714.115,14710.705,3.41,9850.3053125,8235.242708333333,1615.0626041666667,49.006708333333286,109.21841492105459,52.768,214.52,0.25881904510252074,0.9659258262890683,-0.9749279121818236,-0.2225209339563146,0.49999999999999994,0.8660254037844387,1,0,-65.0,0.18411841271234022,0.00045476262357402076,0.09363466457750597,44.363962190858516,0.027227407667370487,NEUTRAL,0.18411841271234022,2026-02-21 01:00:00,2026-02-21,1,1_8,-80.0,-15.0,0,0,0,-15.0
22276.1075,22276.1075,0.0,6238.0,786.98,14623.0575,14619.4975,3.56,9963.644062500001,8348.5525,1615.0915625,43.41454166666663,109.62018129570124,-28.429,105.78300000000002,0.49999999999999994,0.8660254037844387,-0.9749279121818236,-0.2225209339563146,0.49999999999999994,0.8660254037844387,1,0,-72.625,0.13083129988429046,0.0001813789416694927,0.05160422139361277,5.127562803502517,0.0022361523560685695,NEUTRAL,0.13083129988429046,2026-02-21 02:00:00,2026-02-21,2,1_8,-80.0,-7.375,0,0,0,-7.375
22136.1225,22136.1225,0.0,6238.0,1223.115,14525.6775,14522.175,3.5025,10055.3734375,8440.258437499999,1615.115,55.43195833333329,116.41452240927973,254.86700000000002,-33.551,0.7071067811865476,0.7071067811865476,-0.9749279121818236,-0.2225209339563146,0.49999999999999994,0.8660254037844387,1,0,-75.0,0.08905627963363043,0.00023393878513469337,0.07451934913689982,-4.915686390908584,0.0014592424727332878,NEUTRAL,0.08905627963363043,2026-02-21 03:00:00,2026-02-21,3,1_8,-80.0,-5.0,0,0,0,-5.0
21950.4375,21950.4375,0.0,6238.0,288.9725,14214.8675,14211.5925,3.275,10157.051145833333,8541.916875,1615.1342708333334,59.18812499999996,111.69849445690895,-34.852,-125.0,0.8660254037844386,0.5000000000000001,-0.9749279121818236,-0.2225209339563146,0.49999999999999994,0.8660254037844387,1,0,-77.5,0.06508534761461855,0.00029776807264782673,0.021537154018847485,-44.99421485029077,0.009761547047260023,NEUTRAL,0.06508534761461855,2026-02-21 04:00:00,2026-02-21,4,1_8,-80.0,-2.5,0,0,0,-2.5
21748.69,21748.69,0.0,6238.0,214.2325,13020.2325,13016.8775,3.355,10186.158958333333,8571.007395833332,1615.1515625,59.05270833333329,111.84103226940033,-55.25,-52.0,0.9659258262890683,0.25881904510252074,-0.9749279121818236,-0.2225209339563146,0.49999999999999994,0.8660254037844387,1,0,-78.0,0.09660041065125696,0.0002279239839108704,0.026823132545475224,-27.61443374553365,0.008891885465734928,NEUTRAL,0.09660041065125696,2026-02-21 05:00:00,2026-02-21,5,1_8,-80.0,-2.0,0,0,0,-2.0
21578.905,21578.74,0.165,6238.0,1168.56,14319.4825,14316.2825,3.2,10237.999375000001,8622.8384375,1615.1609375,68.73962499999996,109.31319807098022,152.486,-80.0,1.0,6.123233995736766e-17,-0.9749279121818236,-0.2225209339563146,0.49999999999999994,0.8660254037844387,1,0,-70.0,0.27574127633385226,0.0001821905619230986,0.10414317074941398,39.35129660329871,0.0361692558359519,NEUTRAL,0.27574127633385226,2026-02-21 06:00:00,2026-02-21,6,1_8,-80.0,-10.0,0,0,0,-10.0
21472.39,21379.8,92.59,6238.0,2891.8175,14683.13,14610.7375,72.3925,10275.361770833333,8659.715520833333,1615.6462499999998,84.3034583333333,116.71500017600604,314.795,-58.736999999999995,0.9659258262890683,-0.25881904510252063,-0.9749279121818236,-0.2225209339563146,0.49999999999999994,0.8660254037844387,1,0,-65.0,0.2563688472925617,0.00019722476958866116,0.1183129288455366,64.41056893545894,0.055042877704805634,NEUTRAL,0.2563688472925617,2026-02-21 07:00:00,2026-02-21,7,1_8,-80.0,-15.0,0,0,0,-15.0
23599.045,20887.0125,2712.0325,6243.0,1805.395,16713.08,14363.67,2349.41,10325.063541666666,8694.794583333334,1630.2689583333333,91.93612499999996,113.47628634530997,132.909,-50.275,0.8660254037844387,-0.4999999999999998,-0.9749279121818236,-0.2225209339563146,0.49999999999999994,0.8660254037844387,1,0,-50.315,0.1305237273100589,0.000261643612342969,0.18100219598870362,34.45438527061957,0.02078773131807662,NEUTRAL,0.18100219598870362,2026-02-21 08:00:00,2026-02-21,8,1_8,-80.0,-29.685000000000002,0,0,0,-29.685000000000002
28624.1225,19860.0,8764.1225,5201.75,-7965.515,13859.7275,8498.92,5360.8075,10336.824583333333,8702.00125,1634.823333333333,91.92849999999997,113.48274146318441,-0.22499999999999432,-0.04200000000000159,0.7071067811865476,-0.7071067811865475,-0.9749279121818236,-0.2225209339563146,0.49999999999999994,0.8660254037844387,1,1,-79.838,0.0056149224189773785,0.00023358711550486319,0.003584284120846901,-0.5202388508969593,9.737002623747889e-06,NEUTRAL,0.0056149224189773785,2026-02-21 09:00:00,2026-02-21,9,9_16,-80.0,-0.16200000000000614,0,0,0,-0.16200000000000614
32518.04,18058.335,14459.705,6130.5,-20447.8975,7249.09,3130.0225,4119.0675,10309.373645833333,8704.654166666667,1604.7194791666668,91.92704166666663,113.48397452445745,-0.045000000000001705,-0.010000000000005116,0.49999999999999994,-0.8660254037844387,-0.9749279121818236,-0.2225209339563146,0.49999999999999994,0.8660254037844387,1,1,-79.98,0.0023932624761339926,0.00020525722295022903,0.0020989558072131817,-10.247094408176057,8.174662178830072e-05,NEUTRAL,0.0023932624761339926,2026-02-21 10:00:00,2026-02-21,10,9_16,-80.0,-0.01999999999999602,0,0,0,-0.01999999999999602
34614.79,16249.8,18364.99,6180.25,-27378.965,5429.6,1739.8725,3689.7275,10300.9009375,8716.153124999999,1584.7478125,91.92579166666661,113.48503126422277,-0.030000000000001137,0.0,0.258819045102521,-0.9659258262890682,-0.9749279121818236,-0.2225209339563146,0.49999999999999994,0.8660254037844387,1,1,-79.98,0.001562064057526971,0.0003663524890324965,0.0005144878745196167,-6.704972476432561,3.4911988373809695e-05,NEUTRAL,0.001562064057526971,2026-02-21 11:00:00,2026-02-21,11,9_16,-80.0,-0.01999999999999602,0,0,0,-0.01999999999999602
35474.0425,15153.72,20320.3225,6248.0,-29983.02,4891.15,1337.575,3553.575,10311.276770833334,8731.164479166668,1580.1122916666666,91.92487499999994,113.48580615761831,-0.02200000000000557,0.0,1.2246467991473532e-16,-1.0,-0.9749279121818236,-0.2225209339563146,0.49999999999999994,0.8660254037844387,1,1,-79.98,0.0018086014521852256,0.00031268727609993173,0.00035593160466186044,-24.399488460672746,0.00014709650087516463,NEUTRAL,0.0018086014521852256,2026-02-21 12:00:00,2026-02-21,12,9_16,-80.0,-0.01999999999999602,0,0,0,-0.01999999999999602
35170.42,14757.9175,20412.5025,6247.25,-31694.085,4929.9825,1378.1325,3551.85,10317.219583333334,8746.710625,1570.508958333333,91.91862499999995,113.49109285249311,-0.15000000000000568,0.0,-0.2588190451025208,-0.9659258262890683,-0.9749279121818236,-0.2225209339563146,0.49999999999999994,0.8660254037844387,1,1,-79.97,0.0013562563582142574,0.0003231303366718515,0.0003291419872306531,-30.86899604991988,0.0001395542405479821,NEUTRAL,0.0013562563582142574,2026-02-21 13:00:00,2026-02-21,13,9_16,-80.0,-0.030000000000001137,0,0,0,-0.030000000000001137
33711.9375,14790.515,18921.4225,6247.0,-31059.96,4953.8075,1524.0575,3429.75,10341.865104166667,8773.395416666666,1568.4696875,91.91716666666662,113.49232555654078,-0.03499999999999659,0.0,-0.4999999999999997,-0.8660254037844388,-0.9749279121818236,-0.2225209339563146,0.49999999999999994,0.8660254037844387,1,1,-79.98,0.0007653611476212055,0.0003387448763375456,0.0003291419872306531,-34.626058293364274,8.833813237669348e-05,NEUTRAL,0.0007653611476212055,2026-02-21 14:00:00,2026-02-21,14,9_16,-80.0,-0.01999999999999602,0,0,0,-0.01999999999999602
30924.6025,15209.315,15715.2875,6247.0,-25625.5225,5983.375,2403.3225,3580.0525,10422.866145833334,8833.429895833333,1589.43625,91.9163333333333,113.49302996321772,-0.030000000000001137,-0.010000000000005116,-0.7071067811865471,-0.7071067811865479,-0.9749279121818236,-0.2225209339563146,0.49999999999999994,0.8660254037844387,1,1,-79.98,0.001335594529891146,0.000352021500872699,0.001101112057057878,-14.586068178853054,6.493690957431816e-05,NEUTRAL,0.001335594529891146,2026-02-21 15:00:00,2026-02-21,15,9_16,-80.0,-0.01999999999999602,0,0,0,-0.01999999999999602
26789.05,15854.425,10934.625,5973.5,-15005.835,6909.4925,3657.6625,3251.83,10435.092708333334,8879.522604166666,1555.5701041666664,91.92187499999996,113.48833839969102,-0.09199999999999875,-0.22499999999999432,-0.8660254037844385,-0.5000000000000004,-0.9749279121818236,-0.2225209339563146,0.49999999999999994,0.8660254037844387,1,1,-79.935,0.007424869812900796,0.00020267593244607454,0.0022003420798018683,17.50613241325606,0.0004332691803194303,NEUTRAL,0.007424869812900796,2026-02-21 16:00:00,2026-02-21,16,9_16,-80.0,-0.06499999999999773,0,0,0,-0.06499999999999773
21624.35,16548.3475,5076.0025,7366.5,-2426.075,11712.0525,8561.7875,3150.265,10549.018125,9020.035416666668,1528.9827083333332,88.82341666666663,115.14123383495672,-5.25,69.113,-0.9659258262890683,-0.25881904510252063,-0.9749279121818236,-0.2225209339563146,0.49999999999999994,0.8660254037844387,1,2,-52.5,0.01957855317854771,0.0004366102821943328,0.07800913705136414,39.4663573860593,0.010262454940824058,NEUTRAL,0.07800913705136414,2026-02-21 17:00:00,2026-02-21,17,17_24,-80.0,-27.5,0,0,0,-27.5
18113.6325,17418.21,695.4225,8554.5,10412.67,15623.665,15094.475,529.19,10903.428020833335,9375.595520833334,1527.8324999999998,79.55620833333329,106.12986487071574,76.082,298.49500000000006,-1.0,-1.8369701987210297e-16,-0.9749279121818236,-0.2225209339563146,0.49999999999999994,0.8660254037844387,1,2,129.0,0.27212851166766583,0.07148602167840548,0.17376683172398766,77.05127602291233,0.06989283022069881,NEUTRAL,0.27212851166766583,2026-02-21 18:00:00,2026-02-21,18,17_24,163.289,34.28899999999999,0,0,0,34.28899999999999
18270.5075,18270.2375,0.27,8560.5,13991.1325,17556.785,17563.63,-6.845,11343.502916666666,9815.639791666666,1527.8631249999999,65.26008333333328,115.83278986310795,-171.33100000000002,171.776,-0.9659258262890684,0.2588190451025203,-0.9749279121818236,-0.2225209339563146,0.49999999999999994,0.8660254037844387,1,2,234.0,0.04217289262902101,0.35914764117701586,0.5836027309129539,-72.33368171610714,0.1407137806216951,NEUTRAL,0.5836027309129539,2026-02-21 19:00:00,2026-02-21,19,17_24,167.212,-66.78800000000001,0,0,0,-66.78800000000001
18878.92,18878.92,0.0,8556.75,13090.7025,19789.23,19785.5575,3.6725,11840.953020833333,10313.081875000002,1527.8711458333335,58.55604166666662,116.66069544865273,-32.298,128.599,-0.8660254037844386,0.5000000000000001,-0.9749279121818236,-0.2225209339563146,0.49999999999999994,0.8660254037844387,1,2,165.5,0.11456273437052089,0.6632357922211273,0.6315364408494374,-67.75581858452117,0.1497936133883196,DOWN,0.6632357922211273,2026-02-21 20:00:00,2026-02-21,20,17_24,186.815,21.314999999999998,0,0,0,21.314999999999998
19268.725,19268.725,0.0,8118.0,13095.7325,20448.35,20444.56,3.79,12292.501041666668,10764.618854166667,1527.8821875,45.93412499999996,122.27599447056721,-150.153,152.77300000000002,-0.7071067811865477,0.7071067811865474,-0.9749279121818236,-0.2225209339563146,0.49999999999999994,0.8660254037844387,1,2,199.8,0.07160837414268001,0.9266091760125456,0.8212025544943884,-166.5905616479808,0.5145478102003422,DOWN,0.9266091760125456,2026-02-21 21:00:00,2026-02-21,21,17_24,67.489,-132.311,0,1,0,-132.311
19506.49,19506.49,0.0,7166.75,12980.47,21221.6175,21226.735,-5.1175,12692.220520833334,11164.691770833335,1527.5287500000002,50.826416666666624,129.13848304652592,276.072,158.65699999999998,-0.5000000000000004,0.8660254037844384,-0.9749279121818236,-0.2225209339563146,0.49999999999999994,0.8660254037844387,1,2,153.0,0.10363292381008932,0.9534805061071597,0.731548207712831,-72.45155902663419,0.23027049722989307,DOWN,0.9534805061071597,2026-02-21 22:00:00,2026-02-21,22,17_24,293.448,140.44799999999998,1,0,0,140.44799999999998
19717.2775,19717.2775,0.0,6582.25,10337.1675,20402.235,20398.465,3.77,12999.224270833334,11471.680937500001,1527.5433333333333,40.08145833333328,127.87462520459425,-69.0,188.87900000000002,-0.25881904510252157,0.9659258262890681,-0.9749279121818236,-0.2225209339563146,0.49999999999999994,0.8660254037844387,1,2,15.0,0.17866112899783881,0.4419879160732447,0.12039324505935972,-86.6416428403002,0.1276485305471555,NEUTRAL,0.4419879160732447,2026-02-21 23:00:00,2026-02-21,23,17_24,34.186,19.186,0,0,0,19.186
20152.48,20152.48,0.0,7853.0,5311.065,18810.115,18814.955,-4.84,13190.996562499999,11663.8028125,1527.1937500000001,27.407791666666622,121.14714960273561,-55.0,249.168,-2.4492935982947064e-16,1.0,-0.9749279121818236,-0.2225209339563146,0.49999999999999994,0.8660254037844387,1,2,0.0,0.12013862073159551,0.0016546851746613211,0.12554026659347087,-53.871760298366986,0.0225435838323885,NEUTRAL,0.12554026659347087,2026-02-22 00:00:00,2026-02-21,24,17_24,-59.639,-59.639,0,0,0,-59.639
20297.6175,20297.6175,0.0,10540.75,1656.4875,16816.5225,16816.96,-0.4375,13278.596875000001,11751.5634375,1527.0334375,24.584124999999954,121.3199971137454,-15.0,52.768,0.25881904510252074,0.9659258262890683,-0.7818314824680299,0.6234898018587334,0.49999999999999994,0.8660254037844387,1,0,-78.5,0.06305021852921174,0.0015611278939791538,0.03688889861903641,-19.872983095543145,0.00417665309000442,NEUTRAL,0.06305021852921174,2026-02-22 01:00:00,2026-02-22,1,1_8,-80.0,-1.5,0,0,0,-1.5
20804.1225,20804.1225,0.0,10210.25,114.5425,15692.55,15693.1475,-0.5975,13323.1590625,11796.298854166665,1526.8602083333335,25.46137499999995,120.99568510445562,-7.375,-28.429,0.49999999999999994,0.8660254037844387,-0.7818314824680299,0.6234898018587334,0.49999999999999994,0.8660254037844387,1,0,-78.0,0.020858670690360178,0.0004616773942226939,0.027500815075243688,-26.5408176323327,0.002432980392175162,NEUTRAL,0.027500815075243688,2026-02-22 02:00:00,2026-02-22,2,1_8,-80.0,-2.0,0,0,0,-2.0
21349.905,21349.905,0.0,10208.5,-655.58,15667.405,15663.635,3.77,13370.731041666666,11843.8596875,1526.8713541666666,14.633583333333284,110.76927696947565,-5.0,254.86700000000002,0.7071067811865476,0.7071067811865476,-0.7818314824680299,0.6234898018587334,0.49999999999999994,0.8660254037844387,1,0,-79.45,0.039855463511032106,0.000297077091111992,0.014693617975508123,0.06620511860912998,8.795452296565775e-06,NEUTRAL,0.039855463511032106,2026-02-22 03:00:00,2026-02-22,3,1_8,-80.0,-0.5499999999999972,0,0,0,-0.5499999999999972
21348.385,21348.385,0.0,9432.0,-744.2225,14874.82,14871.03,3.79,13398.2290625,11871.33625,1526.8928125,15.981583333333283,110.33689098705037,-2.5,-34.852,0.8660254037844386,0.5000000000000001,-0.7818314824680299,0.6234898018587334,0.49999999999999994,0.8660254037844387,1,0,-79.45,0.013097582480543624,0.00023437895827259247,0.020938678106108357,-22.93055575482273,0.0016004517524813456,NEUTRAL,0.020938678106108357,2026-02-22 04:00:00,2026-02-22,4,1_8,-80.0,-0.5499999999999972,0,0,0,-0.5499999999999972
20603.7375,20603.7375,0.0,9374.25,-68.715,14634.7325,14630.9875,3.745,13465.499895833333,11938.590833333334,1526.9090625,18.200333333333283,109.37341884160558,-2.0,-55.25,0.9659258262890683,0.25881904510252074,-0.7818314824680299,0.6234898018587334,0.49999999999999994,0.8660254037844387,1,0,-79.45,0.016471093408667637,0.00017384344663247866,0.027188486174533223,-1.932860531456805,0.0001751718394560476,NEUTRAL,0.027188486174533223,2026-02-22 05:00:00,2026-02-22,5,1_8,-80.0,-0.5499999999999972,0,0,0,-0.5499999999999972
19415.365,19415.18,0.185,10227.25,1046.8875,14936.5975,14932.905,3.6925,13491.213020833333,11964.2834375,1526.9295833333333,11.430083333333286,105.66581383650866,-10.0,152.486,1.0,6.123233995736766e-17,-0.7818314824680299,0.6234898018587334,0.49999999999999994,0.8660254037844387,1,0,-79.4,0.07623292996441453,0.0004766354183634601,0.04987618357856773,35.38301390406039,0.008991169402927136,NEUTRAL,0.07623292996441453,2026-02-22 06:00:00,2026-02-22,6,1_8,-47.402,31.998000000000005,0,0,0,31.998000000000005
18003.855,17864.9775,138.8775,12291.5,1962.82,16044.9625,15956.07,88.8925,13547.956041666666,12020.338958333334,1527.6170833333335,-2.31137500000005,83.64975877862784,-15.0,314.795,0.9659258262890683,-0.25881904510252063,-0.7818314824680299,0.6234898018587334,0.49999999999999994,0.8660254037844387,1,0,-78.0,0.07889156979563118,0.00033934884977711196,0.021213350344763397,49.49431649431832,0.013015614413995243,NEUTRAL,0.07889156979563118,2026-02-22 07:00:00,2026-02-22,7,1_8,-76.982,1.0180000000000007,0,0,0,1.0180000000000007
19604.37,16059.855,3544.515,11851.5,847.21,17007.1975,15312.6025,1694.595,13560.2109375,12059.8778125,1500.3331249999999,-9.08612500000005,78.65740826786924,-29.685000000000002,132.909,0.8660254037844387,-0.4999999999999998,-0.7818314824680299,0.6234898018587334,0.49999999999999994,0.8660254037844387,1,0,-78.0,0.05690776999421637,0.00026011152552317965,0.06278482292414657,8.408348270411576,0.0017597221908078162,NEUTRAL,0.06278482292414657,2026-02-22 08:00:00,2026-02-22,8,1_8,-80.0,-2.0,0,0,0,-2.0
25106.2025,14392.8825,10713.32,9018.75,-7714.06,14590.425,10603.6,3986.825,13590.656666666668,12147.5728125,1443.0838541666665,-9.08350000000005,78.65771789435296,-0.16200000000000614,-0.22499999999999432,0.7071067811865476,-0.7071067811865475,-0.7818314824680299,0.6234898018587334,0.49999999999999994,0.8660254037844387,1,1,-78.0,0.002609221903560164,0.00029800019801633703,0.002932390389665127,-0.2779859773125597,2.71721136111006e-06,NEUTRAL,0.002932390389665127,2026-02-22 09:00:00,2026-02-22,9,9_16,-80.0,-2.0,0,0,0,-2.0
29832.705,13149.4825,16683.2225,9672.0,-19176.79,7666.8025,4280.0575,3386.745,13608.061354166668,12195.4909375,1412.5704166666665,-9.082458333333383,78.65784296115882,-0.01999999999999602,-0.045000000000001705,0.49999999999999994,-0.8660254037844387,-0.7818314824680299,0.6234898018587334,0.49999999999999994,0.8660254037844387,1,1,-78.0,0.0019769496931068575,0.0007206572734331318,0.003605061638474232,-27.147671765510605,0.0003262301001857744,NEUTRAL,0.003605061638474232,2026-02-22 10:00:00,2026-02-22,10,9_16,-80.0,-2.0,0,0,0,-2.0
32463.55,12122.9875,20340.5625,10016.0,-25194.005,4375.0025,1700.42,2674.5825,13564.119791666666,12193.847083333334,1370.2727083333332,-9.082041666666717,78.65789302525137,-0.01999999999999602,-0.030000000000001137,0.258819045102521,-0.9659258262890682,-0.7818314824680299,0.6234898018587334,0.49999999999999994,0.8660254037844387,1,1,-78.0,0.0022673752421388904,0.0006311668197515697,0.0017350136146071702,-11.887559496680709,8.98451936407563e-05,NEUTRAL,0.0022673752421388904,2026-02-22 11:00:00,2026-02-22,11,9_16,-80.0,-2.0,0,0,0,-2.0
33034.655,11057.19,21977.465,10016.0,-27541.21,5280.8,1945.8375,3334.9625,13580.355208333334,12219.191354166667,1361.1638541666666,-9.081958333333382,78.65790304221169,-0.01999999999999602,-0.02200000000000557,1.2246467991473532e-16,-1.0,-0.7818314824680299,0.6234898018587334,0.49999999999999994,0.8660254037844387,1,1,-78.0,0.0029731191835604067,0.0005397888852057958,0.0031641362927973668,-14.993179901291345,0.00015813488223371996,NEUTRAL,0.0031641362927973668,2026-02-22 12:00:00,2026-02-22,12,9_16,-80.0,-2.0,0,0,0,-2.0
32209.105,10153.79,22055.315,10016.0,-28929.545,7197.815,2818.05,4379.765,13674.848229166666,12279.187916666668,1395.6603125,-9.076958333333382,78.6584993121624,-0.030000000000001137,-0.15000000000000568,-0.2588190451025208,-0.9659258262890683,-0.7818314824680299,0.6234898018587334,0.49999999999999994,0.8660254037844387,1,1,-78.0,0.0010908518256539674,0.0004059116955947244,0.0021066924879275676,-13.978345272795815,9.816024993285589e-05,NEUTRAL,0.0021066924879275676,2026-02-22 13:00:00,2026-02-22,13,9_16,-80.0,-2.0,0,0,0,-2.0
30404.73,9606.64,20798.09,10016.0,-27205.68,8081.1125,3336.15,4744.9625,13805.152604166666,12354.691770833335,1450.4608333333333,-9.076333333333382,78.65857434046939,-0.01999999999999602,-0.03499999999999659,-0.4999999999999997,-0.8660254037844388,-0.7818314824680299,0.6234898018587334,0.49999999999999994,0.8660254037844387,1,1,-78.0,0.0012285686837706098,0.0003116928769601607,0.0035688347135279137,-17.33968065113185,0.0002062748474308255,NEUTRAL,0.0035688347135279137,2026-02-22 14:00:00,2026-02-22,14,9_16,-80.0,-2.0,0,0,0,-2.0
27044.2225,9208.085,17836.1375,10016.0,-21770.3425,4578.495,2005.4925,2573.0025,13746.615937499999,12338.115520833335,1408.5004166666668,-9.075916666666716,78.65862437024072,-0.01999999999999602,-0.030000000000001137,-0.7071067811865471,-0.7071067811865479,-0.7818314824680299,0.6234898018587334,0.49999999999999994,0.8660254037844387,1,1,-78.0,0.002245118417892197,0.0010023326770890392,0.002236539483873237,-11.167356487871581,8.35734591002947e-05,NEUTRAL,0.002245118417892197,2026-02-22 15:00:00,2026-02-22,15,9_16,-80.0,-2.0,0,0,0,-2.0
21741.26,8754.2725,12986.9875,10135.0,-11440.495,8689.8375,5124.96,3564.8775,13820.796979166667,12399.252916666666,1421.5440624999999,-9.074791666666718,78.65875864051975,-0.06499999999999773,-0.09199999999999875,-0.8660254037844385,-0.5000000000000004,-0.7818314824680299,0.6234898018587334,0.49999999999999994,0.8660254037844387,1,1,-78.0,0.0067423736061811,0.0007552447005224287,0.01182983613814365,2.3880052624070953,9.416570317100224e-05,NEUTRAL,0.01182983613814365,2026-02-22 16:00:00,2026-02-22,16,9_16,-80.0,-2.0,0,0,0,-2.0
14198.63,8026.44,6172.19,12537.25,3559.605,13288.255,10610.9175,2677.3375,13886.472083333334,12484.633333333333,1401.83875,-10.00187500000005,78.74279506491787,-27.5,-5.25,-0.9659258262890683,-0.25881904510252063,-0.7818314824680299,0.6234898018587334,0.49999999999999994,0.8660254037844387,1,2,203.25,0.1656212584018575,0.45863661736279077,0.6444145095642353,-31.711674964872294,0.06811821156649539,NEUTRAL,0.6444145095642353,2026-02-22 17:00:00,2026-02-22,17,17_24,-58.272,-261.522,0,1,1,-261.522
7971.585,7128.9125,842.6725,14779.0,20039.405,16823.0875,16389.9825,433.105,13936.448020833333,12538.612812500001,1397.8352083333332,-11.743250000000051,77.20337613830081,34.28899999999999,76.082,-1.0,-1.8369701987210297e-16,-0.7818314824680299,0.6234898018587334,0.49999999999999994,0.8660254037844387,1,2,455.0,0.10153388101951595,0.05997267144337937,0.1333833847627719,16.342475883920596,0.007266049162671005,NEUTRAL,0.1333833847627719,2026-02-22 18:00:00,2026-02-22,18,17_24,469.615,14.615000000000009,0,0,0,14.615000000000009
6538.7225,6538.42,0.3025,14994.75,24750.7225,17914.98,17913.6275,1.3525,13951.3728125,12553.196041666668,1398.1767708333334,-7.387291666666717,70.46263246663732,-66.78800000000001,-171.33100000000002,-0.9659258262890684,0.2588190451025203,-0.7818314824680299,0.6234898018587334,0.49999999999999994,0.8660254037844387,1,2,482.5,0.1372653583627717,0.06783000173752061,0.2296649160478302,-1.5142000949356098,0.0011591954589433445,NEUTRAL,0.2296649160478302,2026-02-22 19:00:00,2026-02-22,19,17_24,454.851,-27.649,0,0,0,-27.649
6745.9125,6745.9125,0.0,14926.5,24048.115,18643.23,18639.77,3.46,13903.6228125,12505.454895833334,1398.1679166666665,-5.1534166666667165,70.48839331587448,21.314999999999998,-32.298,-0.8660254037844386,0.5000000000000001,-0.7818314824680299,0.6234898018587334,0.49999999999999994,0.8660254037844387,1,2,480.05,0.0929453468890219,0.06680585311068347,0.2319877410870932,11.07365990644562,0.008563177824210105,NEUTRAL,0.2319877410870932,2026-02-22 20:00:00,2026-02-22,20,17_24,426.655,-53.39500000000004,0,0,0,-53.39500000000004
7480.735,7480.735,0.0,14486.75,23133.1675,19196.1275,19192.385,3.7425,13851.446875,12453.2809375,1398.1659375,-4.410000000000051,68.97038444900299,-132.311,-150.153,-0.7071067811865477,0.7071067811865474,-0.7818314824680299,0.6234898018587334,0.49999999999999994,0.8660254037844387,1,2,482.5,0.0621984049749575,0.12927207577281286,0.4138896984193561,-18.917291855918236,0.026098907403856467,NEUTRAL,0.4138896984193561,2026-02-22 21:00:00,2026-02-22,21,17_24,386.052,-96.44799999999998,0,0,0,-96.44799999999998
8300.0225,8300.0225,0.0,13346.75,22069.095,19169.9375,19166.0975,3.84,13765.960208333332,12367.421041666666,1398.5391666666665,-10.061000000000051,47.06900440010577,140.44799999999998,276.072,-0.5000000000000004,0.8660254037844384,-0.7818314824680299,0.6234898018587334,0.49999999999999994,0.8660254037844387,1,2,482.5,0.08424760427248436,0.28540045875706876,0.10428660874481029,-5.748261198145967,0.005468521276687722,NEUTRAL,0.28540045875706876,2026-02-22 22:00:00,2026-02-22,22,17_24,362.864,-119.63600000000002,0,1,0,-119.63600000000002
8947.3975,8947.3975,0.0,11864.0,19597.9475,19058.775,19054.9775,3.7975,13709.982708333335,12311.442395833334,1398.5403125,-6.386583333333385,45.68980773500924,19.186,-69.0,-0.25881904510252157,0.9659258262890681,-0.7818314824680299,0.6234898018587334,0.49999999999999994,0.8660254037844387,1,2,447.9,0.0681645638166964,0.10918641595462354,0.18143330028895877,-26.51481398282542,0.016035567358172822,NEUTRAL,0.18143330028895877,2026-02-22 23:00:00,2026-02-22,23,17_24,359.18,-88.71999999999997,0,0,0,-88.71999999999997
9357.1625,9357.1625,0.0,10524.0,17428.91,17606.11,17602.3125,3.7975,13659.815833333334,12260.915625,1398.9002083333332,-6.579875000000052,45.91367378528697,-59.639,-55.0,-2.4492935982947064e-16,1.0,-0.7818314824680299,0.6234898018587334,0.49999999999999994,0.8660254037844387,1,2,415.0,0.05141262840016707,0.28907008966105197,0.15318422659679362,-43.88379808504959,0.042284978157042616,NEUTRAL,0.28907008966105197,2026-02-23 00:00:00,2026-02-22,24,17_24,367.773,-47.226999999999975,0,0,0,-47.226999999999975
9694.555,9694.555,0.0,10586.75,13506.725,12502.9425,12498.995,3.9475,13480.083333333334,12081.000416666664,1399.0829166666665,-6.017375000000052,45.888720791677464,-1.5,-15.0,0.25881904510252074,0.9659258262890683,0.0,1.0,0.49999999999999994,0.8660254037844387,0,0,285.0,0.035264851204685775,0.3973238821951117,0.258436163960982,-66.69366532555885,0.08832995341657518,NEUTRAL,0.3973238821951117,2026-02-23 01:00:00,2026-02-23,1,1_8,309.335,24.33499999999998,0,0,0,24.33499999999998
9688.2225,9688.2225,0.0,10601.75,11842.585,11607.7775,11604.0125,3.765,13309.884479166665,11910.619791666666,1399.2646875,-5.793416666666719,45.89492270195727,-2.0,-7.375,0.49999999999999994,0.8660254037844387,0.0,1.0,0.49999999999999994,0.8660254037844387,0,0,262.0,0.030771292841699716,0.47732236887243595,0.2770072433681752,-79.74210645516808,0.12687563717352932,NEUTRAL,0.47732236887243595,2026-02-23 02:00:00,2026-02-23,2,1_8,288.125,26.125,0,0,0,26.125
9766.655,9766.655,0.0,10580.25,11956.4525,11682.9625,11679.16,3.8025,13143.866041666668,11744.6,1399.2660416666668,-5.608000000000051,45.907254892216365,-0.5499999999999972,-5.0,0.7071067811865476,0.7071067811865476,0.0,1.0,0.49999999999999994,0.8660254037844387,0,0,249.0,0.03853271563742024,0.4415612510086716,0.2675280995579951,-81.64974434283184,0.12017787752186343,NEUTRAL,0.4415612510086716,2026-02-23 03:00:00,2026-02-23,3,1_8,290.621,41.62099999999998,0,0,0,41.62099999999998
9967.41,9967.41,0.0,10566.25,11086.485,11335.86,11332.075,3.785,12996.409375000001,11597.143541666665,1399.2658333333336,-5.526750000000052,45.91471983944338,-0.5499999999999972,-2.5,0.8660254037844386,0.5000000000000001,0.0,1.0,0.49999999999999994,0.8660254037844387,0,0,229.5,0.05035382192604785,0.4011272739308398,0.3267883431382146,-72.88049608440842,0.09744784905688665,NEUTRAL,0.4011272739308398,2026-02-23 04:00:00,2026-02-23,4,1_8,124.513,-104.987,0,1,0,-104.987
10225.985,10225.985,0.0,10566.5,10530.47,9106.6075,9102.63,3.9775,12766.070833333331,11366.795312499999,1399.2755208333335,-5.4663333333333854,45.92051588642222,-0.5499999999999972,-2.0,0.9659258262890683,0.25881904510252074,0.0,1.0,0.49999999999999994,0.8660254037844387,0,0,191.83,0.07970639560946319,0.3111336214524505,0.3288457789477576,-39.46887233794864,0.04326390689387441,NEUTRAL,0.3288457789477576,2026-02-23 05:00:00,2026-02-23,5,1_8,39.447,-152.383,0,1,1,-152.383
10326.6175,10326.45,0.1675,11360.0,10686.04,6833.735,6829.9075,3.8275,12428.4515625,11029.170416666666,1399.2811458333335,-3.7164166666667184,46.5363280542756,31.998000000000005,-10.0,1.0,6.123233995736766e-17,0.0,1.0,0.49999999999999994,0.8660254037844387,0,0,196.5,0.17654740179706288,0.22857472540873372,0.3677613508167873,-26.570861822739243,0.03257245345432262,NEUTRAL,0.3677613508167873,2026-02-23 06:00:00,2026-02-23,6,1_8,-47.944,-244.44400000000002,0,1,1,-244.44400000000002
10321.28,10213.065,108.215,12708.25,11553.0725,5976.57,5904.805,71.765,12008.935208333334,10610.367708333333,1398.5675,-3.0490000000000514,46.48229715849069,1.0180000000000007,-15.0,0.9659258262890683,-0.25881904510252063,0.0,1.0,0.49999999999999994,0.8660254037844387,0,0,248.5,0.10823137631523481,0.34477277726075267,0.5491934607246858,-64.28651964752888,0.1176857873439063,NEUTRAL,0.5491934607246858,2026-02-23 07:00:00,2026-02-23,7,1_8,-59.599,-308.099,0,1,1,-308.099
12103.135,9835.705,2267.43,12008.5,13320.2925,9379.96,7745.895,1634.065,11691.133645833334,10295.088229166666,1396.0454166666666,-1.8954583333333848,46.134764282364024,-2.0,-29.685000000000002,0.8660254037844387,-0.4999999999999998,0.0,1.0,0.49999999999999994,0.8660254037844387,0,0,287.5,0.018325641119820386,0.26374301953081025,0.3798723388318439,-53.172776005879285,0.06732955594511705,NEUTRAL,0.3798723388318439,2026-02-23 08:00:00,2026-02-23,8,1_8,74.059,-213.441,0,1,1,-213.441
15175.955,8925.355,6250.6,10502.0,12036.4875,11397.4525,7149.915,4247.5375,11558.093125,10151.1846875,1406.9084375,-1.972041666666718,46.13328715465265,-2.0,-0.16200000000000614,0.7071067811865476,-0.7071067811865475,0.0,1.0,0.49999999999999994,0.8660254037844387,0,1,277.0,0.03390711141437273,0.35634632844820685,0.6057138687139273,-121.68849040455808,0.245694687669675,NEUTRAL,0.6057138687139273,2026-02-23 09:00:00,2026-02-23,9,9_16,309.532,32.53199999999998,0,0,0,32.53199999999998
17254.3825,7807.535,9446.8475,10016.0,9290.77,6642.24,2972.7325,3669.5075,11515.403020833333,10096.7128125,1418.6902083333334,-2.0545416666667182,46.131414925638964,-2.0,-0.01999999999999602,0.49999999999999994,-0.8660254037844387,0.0,1.0,0.49999999999999994,0.8660254037844387,0,1,240.0,0.04711040346717532,0.5732725692217109,0.6963881776189499,-161.1310662826426,0.374032565354559,DOWN,0.6963881776189499,2026-02-23 10:00:00,2026-02-23,10,9_16,336.951,96.95100000000002,0,0,0,96.95100000000002
18315.6275,7067.5375,11248.09,10016.0,8868.9825,4679.17,1489.05,3190.12,11528.076666666666,10087.905729166667,1440.1709375,-2.1370416666667182,46.12938865887413,-2.0,-0.01999999999999602,0.258819045102521,-0.9659258262890682,0.0,1.0,0.49999999999999994,0.8660254037844387,0,1,215.15,0.11862224645103175,0.6811461270918048,0.5285334329724727,-156.96599246334762,0.35638925950510214,DOWN,0.6811461270918048,2026-02-23 11:00:00,2026-02-23,11,9_16,356.038,140.888,1,0,0,140.888
18419.225,6753.85,11665.375,10016.0,9500.585,6068.8475,1932.13,4136.7175,11560.911979166667,10087.334583333333,1473.5773958333332,-2.2195416666667183,46.12720833405853,-2.0,-0.01999999999999602,1.2246467991473532e-16,-1.0,0.0,1.0,0.49999999999999994,0.8660254037844387,0,1,212.75,0.09572721762545522,0.6537717503910515,0.6691237937351209,-142.25246963084732,0.31728170715860876,DOWN,0.6691237937351209,2026-02-23 12:00:00,2026-02-23,12,9_16,384.235,171.485,1,0,1,171.485
17862.2025,6832.0575,11030.145,10016.0,8599.64,5787.455,1691.24,4096.215,11502.146979166666,10040.384166666667,1461.7628125,-2.3016250000000515,46.124895391242454,-2.0,-0.030000000000001137,-0.2588190451025208,-0.9659258262890683,0.0,1.0,0.49999999999999994,0.8660254037844387,0,1,222.15,0.0816988781449645,0.47657362752195576,0.5503816470069479,-173.13973861581448,0.3176431150057481,NEUTRAL,0.5503816470069479,2026-02-23 13:00:00,2026-02-23,13,9_16,366.088,143.93800000000002,1,0,0,143.93800000000002
16632.3725,7263.775,9368.5975,10016.0,9222.1775,4368.725,1099.8175,3268.9075,11347.464166666667,9947.203645833333,1400.2605208333334,-2.384125000000052,46.122407662097515,-2.0,-0.01999999999999602,-0.4999999999999997,-0.8660254037844388,0.0,1.0,0.49999999999999994,0.8660254037844387,0,1,245.75,0.11633418295917132,0.5765111161015481,0.5606639310494828,-172.6257594848321,0.3317355642282599,DOWN,0.5765111161015481,2026-02-23 14:00:00,2026-02-23,14,9_16,355.462,109.71199999999999,1,0,0,109.71199999999999
14668.8825,7788.825,6880.0575,10016.0,11738.235,3816.785,1044.4275,2772.3575,11315.72625,9907.159270833332,1408.566979166667,-2.466625000000052,46.119765804875215,-2.0,-0.01999999999999602,-0.7071067811865471,-0.7071067811865479,0.0,1.0,0.49999999999999994,0.8660254037844387,0,1,280.5,0.038191834013086866,0.354428233674171,0.4085019941152714,-118.56738532308785,0.16145004447171715,NEUTRAL,0.4085019941152714,2026-02-23 15:00:00,2026-02-23,15,9_16,377.481,96.981,0,0,0,96.981
12486.2125,8190.8875,4295.325,10813.0,14511.395,4500.0575,1863.7825,2636.275,11141.152083333332,9771.276875,1369.8752083333331,-2.547250000000052,46.11707609726214,-2.0,-0.06499999999999773,-0.8660254037844385,-0.5000000000000004,0.0,1.0,0.49999999999999994,0.8660254037844387,0,1,310.5,0.05310050901329747,0.39800356843497087,0.3327439824097676,-66.86621151913488,0.08870996930781079,NEUTRAL,0.39800356843497087,2026-02-23 16:00:00,2026-02-23,16,9_16,439.174,128.67399999999998,1,0,0,128.67399999999998
10447.1075,8514.545,1932.5625,13079.0,17601.605,8072.07,4747.12,3324.95,10923.811041666668,9526.951979166666,1396.8590625,-12.298166666666718,70.11772729498779,-261.522,-27.5,-0.9659258262890683,-0.25881904510252063,0.0,1.0,0.49999999999999994,0.8660254037844387,0,2,337.3,0.12722599747816876,0.3284227387226737,0.2658635078671781,-58.86761634217468,0.06444487927057543,NEUTRAL,0.3284227387226737,2026-02-23 17:00:00,2026-02-23,17,17_24,472.294,134.99399999999997,1,0,0,134.99399999999997
9104.8875,8796.8725,308.015,14779.0,22488.25,5285.38,4692.23,593.15,10443.073229166666,9039.545625,1403.5276041666666,-13.117916666666718,69.66292362507141,14.615000000000009,34.28899999999999,-1.0,-1.8369701987210297e-16,0.0,1.0,0.49999999999999994,0.8660254037844387,0,2,418.65,0.11196116575757682,0.046804144895844876,0.14324159094675046,-20.46975046140253,0.009773732074580925,NEUTRAL,0.14324159094675046,2026-02-23 18:00:00,2026-02-23,18,17_24,583.255,164.60500000000002,1,0,1,164.60500000000002
9024.0075,9023.785,0.2225,14972.0,24950.5225,3962.025,3961.7525,0.2725,9861.700104166668,8458.2175,1403.4826041666665,-11.48712500000005,68.80472504206315,-27.649,-66.78800000000001,-0.9659258262890684,0.2588190451025203,0.0,1.0,0.49999999999999994,0.8660254037844387,0,2,425.0,0.08781610395839969,0.23455494777800337,0.20520883864517628,-43.42338139132079,0.03395056318195191,NEUTRAL,0.23455494777800337,2026-02-23 19:00:00,2026-02-23,19,17_24,458.374,33.374000000000024,0,0,0,33.374000000000024
9184.2675,9184.2675,0.0,14921.0,24353.675,5018.5775,5015.5625,3.015,9294.00625,7890.5421875,1403.4640625,-14.60004166666672,68.94604030782625,-53.39500000000004,21.314999999999998,-0.8660254037844386,0.5000000000000001,0.0,1.0,0.49999999999999994,0.8660254037844387,0,2,340.5,0.03520860789773969,0.21921559026675638,0.15643279815282113,-53.79959064045378,0.03931236339452312,NEUTRAL,0.21921559026675638,2026-02-23 20:00:00,2026-02-23,20,17_24,428.525,88.02499999999998,0,0,0,88.02499999999998
9181.5925,9181.5925,0.0,14481.5,23987.82,6547.53,6544.2975,3.2325,8766.981354166666,7363.538541666666,1403.4428124999997,-13.105750000000052,66.63379077970646,-96.44799999999998,-132.311,-0.7071067811865477,0.7071067811865474,0.0,1.0,0.49999999999999994,0.8660254037844387,0,2,399.5,0.04204879401312981,0.2519451325687385,0.20196006652550882,-58.07171761981258,0.04876962198072676,NEUTRAL,0.2519451325687385,2026-02-23 21:00:00,2026-02-23,21,17_24,428.016,28.51600000000002,0,0,0,28.51600000000002
8987.31,8987.31,0.0,13341.0,23989.0275,7731.86,7728.775,3.085,8290.394791666668,6886.9834375,1403.4113541666668,-23.942583333333385,61.52867156326669,-119.63600000000002,140.44799999999998,-0.5000000000000004,0.8660254037844384,0.0,1.0,0.49999999999999994,0.8660254037844387,0,2,398.5,0.0416374078794838,0.2609301303878485,0.14567370269896743,-67.58382618433905,0.05878218859463093,NEUTRAL,0.2609301303878485,2026-02-23 22:00:00,2026-02-23,22,17_24,412.723,14.223000000000013,0,0,0,14.223000000000013
8597.675,8597.675,0.0,11864.0,22768.0675,8192.75,8189.67,3.08,7837.64375,6434.262291666666,1403.3814583333333,-28.43866666666672,62.17918196328208,-88.71999999999997,19.186,-0.25881904510252157,0.9659258262890681,0.0,1.0,0.49999999999999994,0.8660254037844387,0,2,394.5,0.022798688130457233,0.1658873670055831,0.11654600260807134,-44.50362370685082,0.02460862986312243,NEUTRAL,0.1658873670055831,2026-02-23 23:00:00,2026-02-23,23,17_24,397.58,3.079999999999984,0,0,0,3.079999999999984
8030.0775,8030.0775,0.0,11118.75,19902.815,8097.32,8094.0975,3.2225,7441.444166666665,6038.086666666666,1403.3575,-27.92150000000005,61.95962465081048,-47.226999999999975,-59.639,-2.4492935982947064e-16,1.0,0.0,1.0,0.49999999999999994,0.8660254037844387,0,2,373.75,0.04237625394053365,0.17451010196479455,0.12432431081511694,-29.22786156577572,0.017001857006854734,NEUTRAL,0.17451010196479455,2026-02-24 00:00:00,2026-02-23,24,17_24,350.262,-23.488,0,0,0,-23.488
6979.6275,6979.6275,0.0,12626.0,17094.92,8046.4775,8043.2275,3.25,7255.758125,5852.4296875,1403.3284375,-26.845041666666717,62.65909241316399,24.33499999999998,-1.5,0.25881904510252074,0.9659258262890683,0.7818314824680298,0.6234898018587336,0.49999999999999994,0.8660254037844387,0,0,338.07,0.02452346647819681,0.2350642530215569,0.11223109519724597,-26.4438402794736,0.020720005207719404,NEUTRAL,0.2350642530215569,2026-02-24 01:00:00,2026-02-24,1,1_8,337.395,-0.6750000000000114,0,0,0,-0.6750000000000114
6563.4525,6563.4525,0.0,12626.0,16184.085,8260.565,8257.4875,3.0775,7116.290937499999,5712.991145833334,1403.2997916666666,-25.673166666666717,63.4025486599669,26.125,-2.0,0.49999999999999994,0.8660254037844387,0.7818314824680298,0.6234898018587336,0.49999999999999994,0.8660254037844387,0,0,353.0,0.021273705178167276,0.291172819000462,0.10873343964693918,-18.01616971230717,0.01748606307574407,NEUTRAL,0.291172819000462,2026-02-24 02:00:00,2026-02-24,2,1_8,354.311,1.3109999999999786,0,0,0,1.3109999999999786
6039.4925,6039.4925,0.0,12626.0,16829.9175,8545.575,8542.4775,3.0975,6985.566458333334,5582.296041666667,1403.2704166666665,-23.916041666666715,64.70015950082916,41.62099999999998,-0.5499999999999972,0.7071067811865476,0.7071067811865476,0.7818314824680298,0.6234898018587336,0.49999999999999994,0.8660254037844387,0,0,353.0,0.045065762531668,0.19725018265845198,0.0920959592662065,-26.794568609240248,0.017617445174756875,NEUTRAL,0.19725018265845198,2026-02-24 03:00:00,2026-02-24,3,1_8,359.001,6.000999999999976,0,0,0,6.000999999999976
5426.56,5426.56,0.0,12626.0,16458.8825,9111.76,9108.45,3.31,6892.895625,5489.6449999999995,1403.250625,-28.26758333333338,66.54603216598258,-104.987,-0.5499999999999972,0.8660254037844386,0.5000000000000001,0.7818314824680298,0.6234898018587336,0.49999999999999994,0.8660254037844387,0,0,352.5,0.03130821490863903,0.3010164563437574,0.09318936881709072,-34.4673393642437,0.034584121183407784,NEUTRAL,0.3010164563437574,2026-02-24 04:00:00,2026-02-24,4,1_8,351.47,-1.0299999999999727,0,0,0,-1.0299999999999727
4870.4425,4870.4425,0.0,12626.0,16837.785,9439.54,9436.38,3.16,6906.767812499999,5503.55125,1403.2165624999998,-34.59395833333338,70.8729515047732,-152.383,-0.5499999999999972,0.9659258262890683,0.25881904510252074,0.7818314824680298,0.6234898018587336,0.49999999999999994,0.8660254037844387,0,0,352.51,0.04378028089893558,0.24794045831262343,0.08739208475156804,-39.73361928420215,0.03283857258581458,NEUTRAL,0.24794045831262343,2026-02-24 05:00:00,2026-02-24,5,1_8,352.822,0.3120000000000118,0,0,0,0.3120000000000118
4521.0075,4520.7775,0.23,14032.0,16902.3075,9229.905,9226.76,3.145,7006.608229166667,5603.4201041666665,1403.188125,-46.11237500000005,81.27965888045146,-244.44400000000002,31.998000000000005,1.0,6.123233995736766e-17,0.7818314824680298,0.6234898018587336,0.49999999999999994,0.8660254037844387,0,0,354.37,0.03228063956206176,0.2136657403461183,0.095142452066505,-33.28929576382596,0.023709273416595913,NEUTRAL,0.2136657403461183,2026-02-24 06:00:00,2026-02-24,6,1_8,356.215,1.8449999999999704,0,0,0,1.8449999999999704
4375.0175,4297.0525,77.965,16920.5,16424.9,8443.35,8361.435,81.915,7109.3907291666665,5705.779687499999,1403.6110416666668,-58.99225000000005,96.54490707944136,-308.099,1.0180000000000007,0.9659258262890683,-0.25881904510252063,0.7818314824680298,0.6234898018587336,0.49999999999999994,0.8660254037844387,0,0,350.5,0.0321378264476984,0.2532831681081635,0.11573988130938265,-32.14507048144808,0.02713935096867126,NEUTRAL,0.2532831681081635,2026-02-24 07:00:00,2026-02-24,7,1_8,344.967,-5.5330000000000155,0,0,0,-5.5330000000000155
5837.2125,4056.0125,1781.2,16981.75,18725.33,9980.83,8478.64,1502.19,7134.426979166667,5736.310729166667,1398.11625,-67.80229166666672,100.67697692533265,-213.441,-2.0,0.8660254037844387,-0.4999999999999998,0.7818314824680298,0.6234898018587336,0.49999999999999994,0.8660254037844387,0,0,360.5,0.03399011451201845,0.11156005633375074,0.08855865257295946,-27.53639518906148,0.010239872661733738,NEUTRAL,0.11156005633375074,2026-02-24 08:00:00,2026-02-24,8,1_8,381.721,21.221000000000004,0,0,0,21.221000000000004
9566.9375,3624.1225,5942.815,14844.5,18468.5775,11179.2925,6929.9,4249.3925,7125.336979166666,5727.1434375,1398.1935416666668,-66.36345833333338,101.897642036112,32.53199999999998,-2.0,0.7071067811865476,-0.7071067811865475,0.7818314824680298,0.6234898018587336,0.49999999999999994,0.8660254037844387,0,1,385.58,0.03646633120714008,0.2712898176261447,0.1839296130481983,-111.09040360025234,0.10045898444242421,NEUTRAL,0.2712898176261447,2026-02-24 09:00:00,2026-02-24,9,9_16,403.517,17.937000000000012,0,0,0,17.937000000000012
13719.4075,3109.2325,10610.175,12921.75,13116.57,12226.1275,5944.54,6281.5875,7357.998958333334,5850.96875,1507.0302083333333,-62.240500000000054,106.51249448855103,96.95100000000002,-2.0,0.49999999999999994,-0.8660254037844387,0.7818314824680298,0.6234898018587336,0.49999999999999994,0.8660254037844387,0,1,230.17,0.0352161189947262,0.5220379203931268,0.3008558622488694,-180.27356020428428,0.31369878156969905,DOWN,0.5220379203931268,2026-02-24 10:00:00,2026-02-24,10,9_16,294.437,64.26700000000002,0,0,0,64.26700000000002
17283.0,2686.9825,14596.0175,11596.5,8158.755,12664.795,5487.5475,7177.2475,7690.733333333333,6017.5728125,1673.1605208333333,-56.286833333333384,113.77218393127761,140.888,-2.0,0.258819045102521,-0.9659258262890682,0.7818314824680298,0.6234898018587336,0.49999999999999994,0.8660254037844387,0,1,110.0,0.040345809848691745,0.5952621691143115,0.44496858722462584,-89.27786368442027,0.17714578263559944,DOWN,0.5952621691143115,2026-02-24 11:00:00,2026-02-24,11,9_16,-22.413,-132.413,0,1,0,-132.413
19611.97,2350.89,17261.08,11615.0,2166.885,11358.545,4823.615,6534.93,7911.137395833334,6138.051354166666,1773.0860416666667,-49.05829166666672,122.54430085819575,171.485,-2.0,1.2246467991473532e-16,-1.0,0.7818314824680298,0.6234898018587336,0.49999999999999994,0.8660254037844387,0,1,8.5,0.011752634083875517,0.00015245010797030432,0.02046657330862944,-79.35497355179434,0.005413747945340498,NEUTRAL,0.02046657330862944,2026-02-24 12:00:00,2026-02-24,12,9_16,256.29,247.79000000000002,1,0,1,247.79000000000002
20094.94,2063.95,18030.99,11706.25,-2489.915,11250.31,4991.48,6258.83,8138.756354166667,6275.561354166667,1863.1950000000004,-42.97754166666672,128.45894349421567,143.93800000000002,-2.0,-0.2588190451025208,-0.9659258262890683,0.7818314824680298,0.6234898018587336,0.49999999999999994,0.8660254037844387,0,1,-23.5,0.0023638775959426515,0.0001589897260849595,0.004895750267175597,-58.33711632235647,0.0009520131760714352,NEUTRAL,0.004895750267175597,2026-02-24 13:00:00,2026-02-24,13,9_16,295.465,318.965,1,0,1,318.965
19008.6625,1892.2675,17116.395,11505.25,-1601.47,11007.635,5604.1875,5403.4475,8415.377604166666,6463.2434375,1952.1341666666667,-38.322875000000046,131.983869049711,109.71199999999999,-2.0,-0.4999999999999997,-0.8660254037844388,0.7818314824680298,0.6234898018587336,0.49999999999999994,0.8660254037844387,0,1,-62.5,0.001829982609518594,0.00017795022312666988,0.005355793678510678,5.0674190676767905,9.046683669675944e-05,NEUTRAL,0.005355793678510678,2026-02-24 14:00:00,2026-02-24,14,9_16,315.865,378.365,1,0,1,378.365
16475.4775,1892.0,14583.4775,12083.0,1709.9925,10099.4875,6138.73,3960.7575,8677.156874999999,6675.5060416666665,2001.6508333333331,-34.19866666666672,134.68701689009737,96.981,-2.0,-0.7071067811865471,-0.7071067811865479,0.7818314824680298,0.6234898018587336,0.49999999999999994,0.8660254037844387,0,1,5.0,0.014920023431977498,0.00014544020033891507,0.03970678046380957,-27.49205720932107,0.0036387369336966834,NEUTRAL,0.03970678046380957,2026-02-24 15:00:00,2026-02-24,15,9_16,321.606,316.606,1,0,1,316.606
12577.225,2142.0775,10435.1475,14039.5,7363.2375,8915.22,6640.9725,2274.2475,8861.121979166666,6874.555625,1986.566354166667,-28.753916666666715,138.62882755633723,128.67399999999998,-2.0,-0.8660254037844385,-0.5000000000000004,0.7818314824680298,0.6234898018587336,0.49999999999999994,0.8660254037844387,0,1,81.578,0.05700402561975022,0.5011971508843817,0.16642656550944515,-51.08386016416315,0.0853436172348491,DOWN,0.5011971508843817,2026-02-24 16:00:00,2026-02-24,16,9_16,355.63,274.052,1,0,1,274.052
7675.6625,2661.3525,5014.31,15805.5,17418.0975,7408.8025,6510.5775,898.225,8833.485833333332,6948.0330208333335,1885.4528125,-12.232416666666717,133.20371005765182,134.99399999999997,-261.522,-0.9659258262890683,-0.25881904510252063,0.7818314824680298,0.6234898018587336,0.49999999999999994,0.8660254037844387,0,2,317.25,0.07535187093170441,0.37189047771316763,0.19475910627195656,-43.90849751588333,0.054430507056164285,NEUTRAL,0.37189047771316763,2026-02-24 17:00:00,2026-02-24,17,17_24,397.189,79.93900000000002,0,0,0,79.93900000000002
4402.785,3651.4125,751.3725,17661.0,27772.8775,6618.3725,6514.0125,104.36,8889.027187500002,7023.940624999999,1865.0865625,-5.982833333333385,137.95203415449194,164.60500000000002,14.615000000000009,-1.0,-1.8369701987210297e-16,0.7818314824680298,0.6234898018587336,0.49999999999999994,0.8660254037844387,0,2,425.5,0.16411552713306526,0.010390541003257488,0.12302527806968314,35.16053274615902,0.019234631219717635,NEUTRAL,0.16411552713306526,2026-02-24 18:00:00,2026-02-24,18,17_24,393.498,-32.00200000000001,0,0,0,-32.00200000000001
5143.235,5142.7325,0.5025,17351.5,30220.2775,6581.605,6579.2675,2.3375,8998.176354166666,7133.00375,1865.1726041666668,-3.440208333333384,138.0976253103065,33.374000000000024,-27.649,-0.9659258262890684,0.2588190451025203,0.7818314824680298,0.6234898018587336,0.49999999999999994,0.8660254037844387,0,2,420.0,0.07805383293830205,0.027444274224872132,0.07750085177366388,5.622385077399633,0.0014628290184871778,NEUTRAL,0.07805383293830205,2026-02-24 19:00:00,2026-02-24,19,17_24,374.691,-45.309000000000026,0,0,0,-45.309000000000026
6836.4825,6836.4825,0.0,16458.0,28327.0175,6772.9125,6769.6325,3.28,9071.273645833333,7206.09,1865.1836458333335,2.4522916666666164,138.88829268766193,88.02499999999998,-53.39500000000004,-0.8660254037844386,0.5000000000000001,0.7818314824680298,0.6234898018587336,0.49999999999999994,0.8660254037844387,0,2,403.788,0.06547478612067761,0.043157548053993064,0.12517413389432136,0.8082661977002575,0.0003372467375106202,NEUTRAL,0.12517413389432136,2026-02-24 20:00:00,2026-02-24,20,17_24,364.501,-39.287000000000035,0,0,0,-39.287000000000035
8374.46,8374.46,0.0,16005.0,26403.85,6860.8525,6861.9275,-1.075,9084.32875,7219.324583333334,1865.0041666666666,7.65912499999995,137.3533071934692,28.51600000000002,-96.44799999999998,-0.7071067811865477,0.7071067811865474,0.7818314824680298,0.6234898018587336,0.49999999999999994,0.8660254037844387,0,2,400.0,0.04329802670383187,0.08011742996439002,0.15265356260473306,-30.78509198995435,0.01566484655793654,NEUTRAL,0.15265356260473306,2026-02-24 21:00:00,2026-02-24,21,17_24,358.905,-41.09500000000003,0,0,0,-41.09500000000003
9567.7275,9567.7275,0.0,14952.0,24896.9625,6400.83,6397.565,3.265,9028.869166666665,7163.857499999999,1865.0116666666665,13.236583333333284,134.65073266108317,14.223000000000013,-119.63600000000002,-0.5000000000000004,0.8660254037844384,0.7818314824680298,0.6234898018587336,0.49999999999999994,0.8660254037844387,0,2,307.91,0.033854106806388604,0.28069760692202045,0.19704905653083649,-50.97592392170973,0.047696066184876325,NEUTRAL,0.28069760692202045,2026-02-24 22:00:00,2026-02-24,22,17_24,355.667,47.75699999999995,0,0,0,47.75699999999995
10340.0525,10340.0525,0.0,13801.5,21412.165,5916.82,5913.4425,3.3775,8934.03875,7069.0146875,1865.0240625,17.06158333333328,132.9213124275819,3.079999999999984,-88.71999999999997,-0.25881904510252157,0.9659258262890681,0.7818314824680298,0.6234898018587336,0.49999999999999994,0.8660254037844387,0,2,350.0,0.02504658270739478,0.2953398986446327,0.20076423182674422,-76.09758132430912,0.07491550651807717,NEUTRAL,0.2953398986446327,2026-02-24 23:00:00,2026-02-24,23,17_24,344.743,-5.257000000000005,0,0,0,-5.257000000000005
10646.245,10646.245,0.0,12670.5,18629.1,5833.085,5829.55,3.535,8839.695625,6974.658541666667,1865.0370833333336,18.050708333333283,132.50980238801606,-23.488,-47.226999999999975,-2.4492935982947064e-16,1.0,0.7818314824680298,0.6234898018587336,0.49999999999999994,0.8660254037844387,0,2,330.5,0.030288900235332962,0.5759150814556527,0.29595357129849637,-83.88726539144011,0.16103980427001063,DOWN,0.5759150814556527,2026-02-25 00:00:00,2026-02-24,24,17_24,325.386,-5.113999999999976,0,0,0,-5.113999999999976
10544.5825,10544.5825,0.0,13340.75,15489.285,5332.7925,5329.28,3.5125,8726.625416666668,6861.577395833333,1865.0480208333336,17.00862499999995,132.55656628342894,-0.6750000000000114,24.33499999999998,0.25881904510252074,0.9659258262890683,0.9749279121818236,-0.22252093395631434,0.49999999999999994,0.8660254037844387,0,0,311.5,0.020265569592007083,0.36135330423572865,0.29331746581723583,-75.93925576310654,0.09146966997066884,NEUTRAL,0.36135330423572865,2026-02-25 01:00:00,2026-02-25,1,1_8,300.0,-11.5,0,0,0,-11.5
10474.725,10474.725,0.0,12604.25,14763.37,4446.8025,4443.3825,3.42,8567.718645833333,6702.6563541666665,1865.0622916666669,15.97470833333328,132.57913906024032,1.3109999999999786,26.125,0.49999999999999994,0.8660254037844387,0.9749279121818236,-0.22252093395631434,0.49999999999999994,0.8660254037844387,0,0,329.8,0.023607357358517427,0.3684797630962342,0.25480096732513796,-74.11546575310676,0.09103349754157279,NEUTRAL,0.3684797630962342,2026-02-25 02:00:00,2026-02-25,2,1_8,290.184,-39.615999999999985,0,0,0,-39.615999999999985
10266.0475,10266.0475,0.0,12605.0,15827.95,4028.42,4024.87,3.55,8379.503854166667,6514.422708333333,1865.0811458333335,14.490541666666616,132.47889465807035,6.000999999999976,41.62099999999998,0.7071067811865476,0.7071067811865476,0.9749279121818236,-0.22252093395631434,0.49999999999999994,0.8660254037844387,0,0,344.62,0.01578152753748691,0.3498108814512108,0.2002166798140509,-70.5509089690578,0.08226491884550081,NEUTRAL,0.3498108814512108,2026-02-25 03:00:00,2026-02-25,3,1_8,350.799,6.178999999999974,0,0,0,6.178999999999974
9983.6175,9983.6175,0.0,12603.25,14966.755,3556.6975,3553.16,3.5375,8148.042916666666,6282.952291666667,1865.090625,18.822083333333282,130.0803820652963,-1.0299999999999727,-104.987,0.8660254037844386,0.5000000000000001,0.9749279121818236,-0.22252093395631434,0.49999999999999994,0.8660254037844387,0,0,315.5,0.024982878927928897,0.28689075824614735,0.19830106119744628,-79.71134570649971,0.07622816136852828,NEUTRAL,0.28689075824614735,2026-02-25 04:00:00,2026-02-25,4,1_8,337.472,21.97199999999998,0,0,0,21.97199999999998
9739.4425,9739.4425,0.0,12606.25,14972.9825,2891.8175,2888.4175,3.4,7875.221145833333,6010.120520833334,1865.100625,25.18437499999995,124.97665623064267,0.3120000000000118,-152.383,0.9659258262890683,0.25881904510252074,0.9749279121818236,-0.22252093395631434,0.49999999999999994,0.8660254037844387,0,0,300.5,0.027795898003254643,0.36510902914089627,0.16017821969839766,-66.70982360463022,0.08118786310148995,NEUTRAL,0.36510902914089627,2026-02-25 05:00:00,2026-02-25,5,1_8,339.253,38.752999999999986,0,0,0,38.752999999999986
9634.355,9634.11,0.245,14016.0,15151.7875,2611.6275,2608.16,3.4675,7599.459583333333,5734.345520833333,1865.1140625,35.446416666666615,111.23000527692902,1.8449999999999704,-244.44400000000002,1.0,6.123233995736766e-17,0.9749279121818236,-0.22252093395631434,0.49999999999999994,0.8660254037844387,0,0,305.5,0.02545254763088563,0.22358174699030461,0.16172900196541576,-23.886422507760905,0.017801893578779055,NEUTRAL,0.22358174699030461,2026-02-25 06:00:00,2026-02-25,6,1_8,318.097,12.59699999999998,0,0,0,12.59699999999998
9742.6425,9601.8675,140.775,16902.75,14497.24,2575.3225,2549.315,26.0075,7354.9584375,5492.173854166666,1862.7845833333333,48.05333333333328,84.54483210733731,-5.5330000000000155,-308.099,0.9659258262890683,-0.25881904510252063,0.9749279121818236,-0.22252093395631434,0.49999999999999994,0.8660254037844387,0,0,300.5,0.051927475072122184,0.22563075965795457,0.14097837631412155,-24.28734420377566,0.018266573075907074,NEUTRAL,0.22563075965795457,2026-02-25 07:00:00,2026-02-25,7,1_8,270.495,-30.004999999999995,0,0,0,-30.004999999999995
12242.2,9404.5825,2837.6175,16980.5,15352.605,3854.9725,2692.5075,1162.465,7099.7143750000005,5251.085,1848.6293749999998,57.83091666666661,64.08089965573443,21.221000000000004,-213.441,0.8660254037844387,-0.4999999999999998,0.9749279121818236,-0.22252093395631434,0.49999999999999994,0.8660254037844387,0,0,348.0,0.02689749283201227,0.28403251518396727,0.19242919305728629,-55.43111380529222,0.05248079557855293,NEUTRAL,0.28403251518396727,2026-02-25 08:00:00,2026-02-25,8,1_8,326.548,-21.451999999999998,0,0,0,-21.451999999999998
17092.6675,8717.64,8375.0275,14843.75,12733.8425,7031.655,2615.335,4416.32,6926.896145833333,5071.311458333334,1855.5846875,57.222791666666616,64.39988284284374,17.937000000000012,32.53199999999998,0.7071067811865476,-0.7071067811865475,0.9749279121818236,-0.22252093395631434,0.49999999999999994,0.8660254037844387,0,1,254.5,0.04830489403298892,0.6023667443028136,0.5215900688208959,-123.61431634602522,0.2482038442885776,DOWN,0.6023667443028136,2026-02-25 09:00:00,2026-02-25,9,9_16,333.902,79.40199999999999,0,0,0,79.40199999999999
21561.81,7925.515,13636.295,13001.75,6255.89,11508.2225,2196.25,9311.9725,6896.9834375,4915.1327083333335,1981.8507291666667,55.860958333333286,63.86661137189384,64.26700000000002,96.95100000000002,0.49999999999999994,-0.8660254037844387,0.9749279121818236,-0.22252093395631434,0.49999999999999994,0.8660254037844387,0,1,10.0,0.06801171296636546,0.019002302419249342,0.09058914991987763,-51.640874229008986,0.015593676325084132,NEUTRAL,0.09058914991987763,2026-02-25 10:00:00,2026-02-25,10,9_16,194.342,184.342,1,0,1,184.342
25120.68,7539.4175,17581.2625,11958.5,1252.775,14432.2525,2005.1925,12427.06,6970.6275,4770.034583333333,2200.5929166666665,44.47341666666662,71.90602930329656,-132.413,140.888,0.258819045102521,-0.9659258262890682,0.9749279121818236,-0.22252093395631434,0.49999999999999994,0.8660254037844387,0,1,36.0,0.015064890802736064,0.43548681593056643,0.03944284775522804,-76.39536309708517,0.11089724475669704,NEUTRAL,0.43548681593056643,2026-02-25 11:00:00,2026-02-25,11,9_16,-80.0,-116.0,0,1,0,-116.0
27261.625,7367.2225,19894.4025,11897.0,-3833.1125,16214.395,1841.775,14372.62,7172.954583333333,4645.79125,2527.1633333333334,47.652791666666616,79.09379701450668,247.79000000000002,171.485,1.2246467991473532e-16,-1.0,0.9749279121818236,-0.22252093395631434,0.49999999999999994,0.8660254037844387,0,1,0.0,0.004708805138443248,6.912607960739187e-05,0.009500486175477049,-23.201998006571046,0.0007347675376829142,NEUTRAL,0.009500486175477049,2026-02-25 12:00:00,2026-02-25,12,9_16,-77.301,-77.301,0,0,0,-77.301
27609.445,7191.41,20418.035,11897.0,-7631.0425,16602.015,1426.9,15175.115,7395.942291666666,4497.267083333333,2898.6752083333336,54.945583333333275,94.85620657693707,318.965,143.93800000000002,-0.2588190451025208,-0.9659258262890683,0.9749279121818236,-0.22252093395631434,0.49999999999999994,0.8660254037844387,0,1,-50.0,0.0016292245204931745,9.305762619261882e-05,0.0030237626883314306,21.038546193193618,0.00021205190331905372,NEUTRAL,0.0030237626883314306,2026-02-25 13:00:00,2026-02-25,13,9_16,-71.568,-21.567999999999998,0,0,0,-21.567999999999998
26394.3575,7103.0875,19291.27,11933.0,-6324.26,15001.5825,1166.205,13835.3775,7562.356770833333,4312.351145833333,3250.0056250000002,66.13945833333328,115.25785626037485,378.365,109.71199999999999,-0.4999999999999997,-0.8660254037844388,0.9749279121818236,-0.22252093395631434,0.49999999999999994,0.8660254037844387,0,1,-50.0,0.004487854843883701,0.0001213559787249547,0.016980207273948222,61.48518923920183,0.0034801041918652597,NEUTRAL,0.016980207273948222,2026-02-25 14:00:00,2026-02-25,14,9_16,-80.0,-30.0,0,0,0,-30.0
23646.7375,7222.8475,16423.89,12597.25,-2606.575,11794.195,1262.4875,10531.7075,7632.969583333334,4109.174375,3523.795208333333,75.29049999999995,126.02847834827863,316.606,96.981,-0.7071067811865471,-0.7071067811865479,0.9749279121818236,-0.22252093395631434,0.49999999999999994,0.8660254037844387,0,1,-69.0,0.020195975321024597,0.0001429233123079429,0.03355296603149953,33.317550833544004,0.0037263421712355363,NEUTRAL,0.03355296603149953,2026-02-25 15:00:00,2026-02-25,15,9_16,-80.0,-11.0,0,0,0,-11.0
19343.8825,7619.925,11723.9575,14038.5,3421.36,7976.4875,1423.7625,6552.725,7593.855729166667,3891.7906249999996,3702.0651041666665,81.34791666666662,132.05545604681325,274.052,128.67399999999998,-0.8660254037844385,-0.5000000000000004,0.9749279121818236,-0.22252093395631434,0.49999999999999994,0.8660254037844387,0,1,49.84,0.10233398486662648,0.21579910436942965,0.3277527788789124,31.758563491626333,0.03469652479194302,NEUTRAL,0.3277527788789124,2026-02-25 16:00:00,2026-02-25,16,9_16,4.631,-45.209,0,0,0,-45.209
13620.83,8138.42,5482.41,15913.75,13927.5875,4760.185,1885.5125,2874.6725,7483.496666666667,3699.0795833333327,3784.4170833333337,79.05395833333328,131.56030007153058,79.93900000000002,134.99399999999997,-0.9659258262890683,-0.25881904510252063,0.9749279121818236,-0.22252093395631434,0.49999999999999994,0.8660254037844387,0,2,226.35,0.2550042084138757,0.20650464827560555,0.29766689203273183,22.878470627022317,0.022700544153359595,NEUTRAL,0.29766689203273183,2026-02-25 17:00:00,2026-02-25,17,17_24,400.065,173.715,1,0,1,173.715
9336.4675,8554.215,782.2525,17820.0,24954.725,3281.0475,2814.635,466.4125,7344.441458333332,3544.9388541666667,3799.5026041666665,70.86199999999995,132.12155759359047,-32.00200000000001,164.60500000000002,-1.0,-1.8369701987210297e-16,0.9749279121818236,-0.22252093395631434,0.49999999999999994,0.8660254037844387,0,2,420.0,0.1037012995124246,0.020149733201431316,0.05139794253476057,4.490037186862846,0.001552075637122628,NEUTRAL,0.1037012995124246,2026-02-25 18:00:00,2026-02-25,18,17_24,453.799,33.79899999999998,0,0,0,33.79899999999998
8861.28,8860.875,0.405,17313.75,28684.3225,4339.85,4338.9525,0.8975,7251.035,3451.5923958333333,3799.4426041666666,67.58354166666662,134.0543091959304,-45.309000000000026,33.374000000000024,-0.9659258262890684,0.2588190451025203,0.9749279121818236,-0.22252093395631434,0.49999999999999994,0.8660254037844387,0,2,400.613,0.043494035912529566,0.01691004581677129,0.03370859510817427,-11.031260008891326,0.001599313396623902,NEUTRAL,0.043494035912529566,2026-02-25 19:00:00,2026-02-25,19,17_24,437.858,37.245000000000005,0,0,0,37.245000000000005
9076.99,9076.99,0.0,16458.25,27969.67,6207.905,6204.3225,3.5825,7227.493020833333,3428.0378125,3799.4552083333333,62.27887499999994,135.7188496498845,-39.287000000000035,88.02499999999998,-0.8660254037844386,0.5000000000000001,0.9749279121818236,-0.22252093395631434,0.49999999999999994,0.8660254037844387,0,2,390.0,0.03607983333714197,0.02442315042835735,0.05730707501664048,-24.90156522251414,0.004756786220794612,NEUTRAL,0.05730707501664048,2026-02-25 20:00:00,2026-02-25,20,17_24,429.736,39.73599999999999,0,0,0,39.73599999999999
8850.5425,8850.5425,0.0,16004.5,27359.7425,8148.56,8144.975,3.585,7281.147499999999,3481.498125,3799.6493749999995,59.37841666666662,137.20743799647988,-41.09500000000003,28.51600000000002,-0.7071067811865477,0.7071067811865474,0.9749279121818236,-0.22252093395631434,0.49999999999999994,0.8660254037844387,0,2,380.0,0.022091139313892953,0.02659145180924162,0.05674850962223904,-29.398638053705664,0.0055610963149047956,NEUTRAL,0.05674850962223904,2026-02-25 21:00:00,2026-02-25,21,17_24,439.613,59.613,0,0,0,59.613
8186.47,8186.47,0.0,14951.75,27505.9525,9895.0925,9891.615,3.4775,7426.741770833333,3627.083541666667,3799.658229166667,60.77566666666661,136.8980030097513,47.75699999999995,14.223000000000013,-0.5000000000000004,0.8660254037844384,0.9749279121818236,-0.22252093395631434,0.49999999999999994,0.8660254037844387,0,2,400.0,0.05218733097808533,0.0240142739786587,0.0686686833430759,-11.275905643482075,0.0025810053134622435,NEUTRAL,0.0686686833430759,2026-02-25 22:00:00,2026-02-25,22,17_24,444.404,44.403999999999996,0,0,0,44.403999999999996
7331.945,7331.945,0.0,13796.0,25886.5775,10719.5675,10716.1125,3.455,7626.85625,3827.194791666667,3799.6614583333335,60.42829166666661,137.06124960490826,-5.257000000000005,3.079999999999984,-0.25881904510252157,0.9659258262890681,0.9749279121818236,-0.22252093395631434,0.49999999999999994,0.8660254037844387,0,2,425.5,0.060725545261433915,0.02756172474171925,0.0720446049206918,5.438333429850361,0.0013060086112685334,NEUTRAL,0.0720446049206918,2026-02-25 23:00:00,2026-02-25,23,17_24,432.062,6.562000000000012,0,0,0,6.562000000000012
6428.4125,6428.4125,0.0,12654.75,24423.4325,10570.09,10566.595,3.495,7824.231458333333,4024.5716666666667,3799.659791666667,61.19387499999994,136.62275296797682,-5.113999999999976,-23.488,-2.4492935982947064e-16,1.0,0.9749279121818236,-0.22252093395631434,0.49999999999999994,0.8660254037844387,0,2,422.0,0.06766678750049086,0.025157685117951557,0.08316004944734606,-15.052513926283744,0.004172559341388738,NEUTRAL,0.08316004944734606,2026-02-26 00:00:00,2026-02-25,24,17_24,429.704,7.704000000000008,0,0,0,7.704000000000008
4078.83,4078.83,0.0,13756.25,23566.225,10207.3375,10204.02,3.3175,8027.337500000001,4227.685833333334,3799.651666666667,60.74283333333327,136.85355894394232,-11.5,-0.6750000000000114,0.25881904510252074,0.9659258262890683,0.43388373911755823,-0.900968867902419,0.49999999999999994,0.8660254037844387,0,0,350.0,0.02883469578947635,0.01892318307611423,0.01968597171574294,-2.327051276478793,0.00022366605214592874,NEUTRAL,0.02883469578947635,2026-02-26 01:00:00,2026-02-26,1,1_8,341.003,-8.997000000000014,0,0,0,-8.997000000000014
3184.3725,3184.3725,0.0,13757.5,23073.47,9667.45,9664.0325,3.4175,8244.864479166667,4445.212916666666,3799.6515624999997,59.03754166666661,137.87747898231905,-39.615999999999985,1.3109999999999786,0.49999999999999994,0.8660254037844387,0.43388373911755823,-0.900968867902419,0.49999999999999994,0.8660254037844387,0,0,350.0,0.01349309065436417,0.02044638414764395,0.031106692000325658,1.7882796181514267,0.00018542487764098802,NEUTRAL,0.031106692000325658,2026-02-26 02:00:00,2026-02-26,2,1_8,342.267,-7.733000000000004,0,0,0,-7.733000000000004
2611.8725,2611.8725,0.0,13757.25,24747.32,8776.21,8772.745,3.465,8442.6890625,4643.041041666666,3799.6480208333337,59.044958333333284,137.87450677068244,6.178999999999974,6.000999999999976,0.7071067811865476,0.7071067811865476,0.43388373911755823,-0.900968867902419,0.49999999999999994,0.8660254037844387,0,0,350.0,0.01342872264270429,0.011733882625208355,0.024858624823549412,4.353463799983744,0.00036073707762233214,NEUTRAL,0.024858624823549412,2026-02-26 03:00:00,2026-02-26,3,1_8,340.246,-9.754000000000019,0,0,0,-9.754000000000019
2334.0475,2334.0475,0.0,13757.25,23932.5025,8041.515,8038.0375,3.4775,8629.556458333334,4829.9109375,3799.6455208333336,60.00337499999995,137.51823425618917,21.97199999999998,-1.0299999999999727,0.8660254037844386,0.5000000000000001,0.43388373911755823,-0.900968867902419,0.49999999999999994,0.8660254037844387,0,0,350.0,0.028797929869144312,0.012387312373887948,0.025183727786638938,9.186955246902219,0.0008818843097041915,NEUTRAL,0.028797929869144312,2026-02-26 04:00:00,2026-02-26,4,1_8,341.327,-8.673000000000002,0,0,0,-8.673000000000002
2315.39,2315.39,0.0,13762.5,23684.755,7765.765,7762.2975,3.4675,8832.637604166668,5032.989270833334,3799.648333333334,61.605083333333276,137.0157141473087,38.752999999999986,0.3120000000000118,0.9659258262890683,0.25881904510252074,0.43388373911755823,-0.900968867902419,0.49999999999999994,0.8660254037844387,0,0,345.0,0.03279625210444965,0.012524207442040127,0.027813369196688573,9.938375665373238,0.0010864715794343608,NEUTRAL,0.03279625210444965,2026-02-26 05:00:00,2026-02-26,5,1_8,331.001,-13.999000000000024,0,0,0,-13.999000000000024
2453.755,2453.57,0.185,15359.5,22796.5875,7707.53,7704.105,3.425,9044.966875,5245.3203125,3799.6465625,62.053083333333284,136.8292722323876,12.59699999999998,1.8449999999999704,1.0,6.123233995736766e-17,0.43388373911755823,-0.900968867902419,0.49999999999999994,0.8660254037844387,0,0,350.0,0.02221932201336522,0.011183458734849255,0.03275317033226622,6.345546460816746,0.0006927892136081332,NEUTRAL,0.03275317033226622,2026-02-26 06:00:00,2026-02-26,6,1_8,331.283,-18.716999999999985,0,0,0,-18.716999999999985
2864.1675,2778.6025,85.565,18757.0,22106.505,7680.0825,7572.725,107.3575,9257.665208333334,5454.6290625,3803.0361458333336,61.03341666666662,137.44462960641582,-30.004999999999995,-5.5330000000000155,0.9659258262890683,-0.25881904510252063,0.43388373911755823,-0.900968867902419,0.49999999999999994,0.8660254037844387,0,0,340.0,0.020276717699722183,0.007569363614896773,0.05353157248686999,11.564266671852732,0.002063511265339264,NEUTRAL,0.05353157248686999,2026-02-26 07:00:00,2026-02-26,7,1_8,318.968,-21.031999999999982,0,0,0,-21.031999999999982
4241.9325,3356.4525,885.48,19166.5,26928.4475,9599.0475,7633.4375,1965.61,9497.001666666665,5660.501145833333,3836.5005208333337,59.25537499999994,138.2556774281405,-21.451999999999998,21.221000000000004,0.8660254037844387,-0.4999999999999998,0.43388373911755823,-0.900968867902419,0.49999999999999994,0.8660254037844387,0,0,360.0,0.012062918227949377,0.02384349820844632,0.026518598103919773,1.0534080684078742,9.311635068511614e-05,NEUTRAL,0.026518598103919773,2026-02-26 08:00:00,2026-02-26,8,1_8,310.528,-49.47199999999998,0,0,0,-49.47199999999998
6515.1825,4096.5675,2418.615,17028.25,33029.2775,14093.1175,7508.0325,6585.085,9791.229270833333,5864.363541666667,3926.8657291666664,61.81641666666661,138.0261172207497,79.40199999999999,17.937000000000012,0.7071067811865476,-0.7071067811865475,0.43388373911755823,-0.900968867902419,0.49999999999999994,0.8660254037844387,0,1,386.353,0.15515630095696126,0.014771134463871365,0.0938819748586776,51.98116657178329,0.02688401841568514,NEUTRAL,0.15515630095696126,2026-02-26 09:00:00,2026-02-26,9,9_16,459.065,72.71199999999999,0,0,0,72.71199999999999
9076.925,4981.27,4095.655,14941.75,34725.7125,18756.06,7344.49,11411.57,10093.2225,6078.873541666668,4014.3489583333335,66.81954166666661,140.2766785885102,184.342,64.26700000000002,0.49999999999999994,-0.8660254037844387,0.43388373911755823,-0.900968867902419,0.49999999999999994,0.8660254037844387,0,1,500.0,0.14529314808505028,0.08303449788107824,0.22073142698376808,-7.139493582940873,0.0052530353550133135,NEUTRAL,0.22073142698376808,2026-02-26 10:00:00,2026-02-26,10,9_16,382.389,-117.61099999999999,0,1,0,-117.61099999999999
11537.9025,5876.89,5661.0125,13491.25,35616.3925,20223.4975,6295.2075,13928.29,10334.524375,6257.624166666667,4076.900208333333,67.50341666666661,139.2997589654008,-116.0,-132.413,0.258819045102521,-0.9659258262890682,0.43388373911755823,-0.900968867902419,0.49999999999999994,0.8660254037844387,0,1,500.0,0.06720907418180078,0.5296156641584404,0.3296893035108198,22.963659655452773,0.04053971286643668,DOWN,0.5296156641584404,2026-02-26 11:00:00,2026-02-26,11,9_16,346.277,-153.723,0,1,1,-153.723
13617.005,6781.6825,6835.3225,13430.0,33835.9575,20411.6625,5597.44,14814.2225,10509.410520833333,6414.110208333334,4095.3003125,53.95795833333327,136.78979205827426,-77.301,247.79000000000002,1.2246467991473532e-16,-1.0,0.43388373911755823,-0.900968867902419,0.49999999999999994,0.8660254037844387,0,1,500.0,0.08093674858939882,0.14620630071890361,0.26296004569892173,58.37505307330467,0.051167688746110586,NEUTRAL,0.26296004569892173,2026-02-26 12:00:00,2026-02-26,12,9_16,342.719,-157.281,0,1,1,-157.281
15126.2125,7712.9375,7413.275,13430.0,28300.6,20240.06,5131.13,15108.93,10660.995729166667,6568.453125,4092.5426041666665,39.76908333333328,125.2834948600192,-21.567999999999998,318.965,-0.2588190451025208,-0.9659258262890683,0.43388373911755823,-0.900968867902419,0.49999999999999994,0.8660254037844387,0,1,374.5,0.05819187290590189,0.055076561116337665,0.22423885392700513,62.64351256489689,0.04682369821171475,NEUTRAL,0.22423885392700513,2026-02-26 13:00:00,2026-02-26,13,9_16,308.679,-65.82100000000003,0,0,0,-65.82100000000003
15756.2825,8663.69,7092.5925,13466.0,27462.0525,19378.26,4956.6775,14421.5825,10843.357291666667,6726.389479166667,4116.9678125,22.753874999999947,103.05740455954033,-30.0,378.365,-0.4999999999999997,-0.8660254037844388,0.43388373911755823,-0.900968867902419,0.49999999999999994,0.8660254037844387,0,1,373.575,0.04747727617505346,0.1615137292045439,0.20197898621968635,15.396092053853463,0.010365623549274304,NEUTRAL,0.20197898621968635,2026-02-26 14:00:00,2026-02-26,14,9_16,301.585,-71.99000000000001,0,0,0,-71.99000000000001
15632.7075,9588.095,6044.6125,14375.5,25512.21,15135.3125,4297.505,10837.8075,10982.570520833333,6852.848541666667,4129.721979166667,9.103624999999944,81.98552563227803,-11.0,316.606,-0.7071067811865471,-0.7071067811865479,0.43388373911755823,-0.900968867902419,0.49999999999999994,0.8660254037844387,0,1,350.0,0.06820030485929404,0.11390532985083437,0.09131170782123493,3.4411871755367076,0.001306565201026566,NEUTRAL,0.11390532985083437,2026-02-26 15:00:00,2026-02-26,15,9_16,292.642,-57.358000000000004,0,0,0,-57.358000000000004
14646.02,10386.04,4259.98,16223.5,23775.835,13482.0475,4543.2675,8938.78,11211.968854166667,6982.827916666666,4229.1409375,-4.198916666666723,60.1095538119426,-45.209,274.052,-0.8660254037844385,-0.5000000000000004,0.43388373911755823,-0.900968867902419,0.49999999999999994,0.8660254037844387,0,1,345.0,0.037362940706761744,0.10967887853201982,0.08641401756740119,24.03290537712361,0.008786340365430221,NEUTRAL,0.10967887853201982,2026-02-26 16:00:00,2026-02-26,16,9_16,286.241,-58.759000000000015,0,0,0,-58.759000000000015
13000.49,10912.715,2087.775,17981.0,24166.22,10197.325,5424.295,4773.03,11438.516354166668,7130.2771875,4308.239166666667,-0.291583333333391,68.3057076995795,173.715,79.93900000000002,-0.9659258262890683,-0.25881904510252063,0.43388373911755823,-0.900968867902419,0.49999999999999994,0.8660254037844387,0,2,335.0,0.08422376096527609,0.01742309051389235,0.07782504935883407,47.83829812036251,0.013430404619583428,NEUTRAL,0.08422376096527609,2026-02-26 17:00:00,2026-02-26,17,17_24,284.181,-50.81900000000002,0,0,0,-50.81900000000002
11456.11,11082.415,373.695,19817.5,27113.36,6549.08,5950.9925,598.0875,11574.684375000003,7260.958750000001,4313.725625,2.4501249999999417,68.29813588283703,33.79899999999998,-32.00200000000001,-1.0,-1.8369701987210297e-16,0.43388373911755823,-0.900968867902419,0.49999999999999994,0.8660254037844387,0,2,350.0,0.020121711697732133,0.020517898492905435,0.0233740978830939,15.64002622141768,0.001218571679311907,NEUTRAL,0.0233740978830939,2026-02-26 18:00:00,2026-02-26,18,17_24,292.005,-57.995000000000005,0,0,0,-57.995000000000005
11096.2925,11095.8175,0.475,19316.25,29273.6225,6637.6175,6637.1425,0.475,11670.4246875,7356.716666666667,4313.708020833334,5.889874999999943,67.86572342905318,37.245000000000005,-45.309000000000026,-0.9659258262890684,0.2588190451025203,0.43388373911755823,-0.900968867902419,0.49999999999999994,0.8660254037844387,0,2,350.0,0.01927580172057837,0.020005719866432545,0.02248899284194796,8.802091986357212,0.0006598339455845161,NEUTRAL,0.02248899284194796,2026-02-26 19:00:00,2026-02-26,19,17_24,297.507,-52.492999999999995,0,0,0,-52.492999999999995
10989.68,10989.68,0.0,18103.5,29146.9525,6819.9175,6816.4475,3.47,11695.925208333334,7382.221874999999,4313.703333333333,9.182499999999944,67.49454555031323,39.73599999999999,-39.287000000000035,-0.8660254037844386,0.5000000000000001,0.43388373911755823,-0.900968867902419,0.49999999999999994,0.8660254037844387,0,2,350.5,0.01770194567872162,0.02561409354652405,0.023884394931448918,6.916444192202392,0.00059052816182795,NEUTRAL,0.02561409354652405,2026-02-26 20:00:00,2026-02-26,20,17_24,294.381,-56.11900000000003,0,0,0,-56.11900000000003
10607.05,10607.05,0.0,17457.75,29073.3075,6426.5775,6423.06,3.5175,11624.175937500002,7310.475416666667,4313.700520833333,13.37866666666661,67.3632706622732,59.613,-41.09500000000003,-0.7071067811865477,0.7071067811865474,0.43388373911755823,-0.900968867902419,0.49999999999999994,0.8660254037844387,0,2,350.0,0.024739719247949286,0.031840111629321766,0.022845531035575278,1.91092381400302,0.0002028134251766182,NEUTRAL,0.031840111629321766,2026-02-26 21:00:00,2026-02-26,21,17_24,296.815,-53.185,0,0,0,-53.185
9997.125,9997.125,0.0,16098.25,29772.5875,5828.8825,5825.4375,3.445,11454.750520833333,7141.051354166666,4313.699166666666,13.238958333333281,67.29231122593768,44.403999999999996,47.75699999999995,-0.5000000000000004,0.8660254037844384,0.43388373911755823,-0.900968867902419,0.49999999999999994,0.8660254037844387,0,2,355.0,0.016176517139009385,0.026075497250259705,0.03284696578713672,-4.341206057537756,0.00047531815615617785,NEUTRAL,0.03284696578713672,2026-02-26 22:00:00,2026-02-26,22,17_24,305.752,-49.24799999999999,0,0,0,-49.24799999999999
9251.7875,9251.7875,0.0,14941.75,27639.5,5195.8475,5192.6375,3.21,11224.595520833333,6910.9065625,4313.688958333333,13.731416666666613,67.19424450826179,6.562000000000012,-5.257000000000005,-0.25881904510252157,0.9659258262890681,0.43388373911755823,-0.900968867902419,0.49999999999999994,0.8660254037844387,0,2,350.0,0.00843318418626761,0.026256115341129874,0.01496089909984531,-17.520331252523953,0.0015333861272702378,NEUTRAL,0.026256115341129874,2026-02-26 23:00:00,2026-02-26,23,17_24,296.833,-53.16699999999997,0,0,0,-53.16699999999997
8570.96,8570.96,0.0,14229.75,25565.51,4210.125,4206.6725,3.4525,10959.596979166667,6645.909791666666,4313.6871875,14.265499999999948,67.0888001823917,7.704000000000008,-5.113999999999976,-2.4492935982947064e-16,1.0,0.43388373911755823,-0.900968867902419,0.49999999999999994,0.8660254037844387,0,2,335.0,0.012468280156888561,0.03117724808335433,0.02780697341101073,-16.855814052410203,0.0017517263211962765,NEUTRAL,0.03117724808335433,2026-02-27 00:00:00,2026-02-26,24,17_24,289.037,-45.96300000000002,0,0,0,-45.96300000000002
5811.56,5811.56,0.0,14904.75,22055.3525,3318.24,3314.8525,3.3875,10672.551249999999,6358.8611458333335,4313.690104166667,14.369791666666613,67.04893910322214,-8.997000000000014,-11.5,0.25881904510252074,0.9659258262890683,-0.433883739117558,-0.9009688679024191,0.49999999999999994,0.8660254037844387,0,0,371.0,0.005049443718092311,0.014448588663135179,0.010391571978177238,-15.743092244386213,0.0007582182137497668,NEUTRAL,0.014448588663135179,2026-02-27 01:00:00,2026-02-27,1,1_8,397.887,26.887,0,0,0,26.887
5335.2025,5335.2025,0.0,14905.5,21190.11,2797.6975,2794.6225,3.075,10386.311562500001,6072.635729166667,4313.675833333334,15.698249999999947,66.24381771400202,-7.733000000000004,-39.615999999999985,0.49999999999999994,0.8660254037844387,-0.433883739117558,-0.9009688679024191,0.49999999999999994,0.8660254037844387,0,0,376.03,0.004636530299262797,0.016883998261198657,0.010729869402509347,-16.12733805350542,0.0009076464921771613,NEUTRAL,0.016883998261198657,2026-02-27 02:00:00,2026-02-27,2,1_8,406.224,30.194000000000017,0,0,0,30.194000000000017
5140.91,5140.91,0.0,14907.25,22374.01,2120.7625,2117.575,3.1875,10109.001250000001,5795.336979166666,4313.664270833334,15.034374999999946,66.42296003367893,-9.754000000000019,6.178999999999974,0.7071067811865476,0.7071067811865476,-0.433883739117558,-0.9009688679024191,0.49999999999999994,0.8660254037844387,0,0,390.0,0.0042938362697134335,0.00811396007504928,0.009453297555094506,-4.52133262765801,0.00014247167558269496,NEUTRAL,0.009453297555094506,2026-02-27 03:00:00,2026-02-27,3,1_8,421.424,31.423999999999978,0,0,0,31.423999999999978
5275.61,5275.61,0.0,14906.75,20804.205,1939.015,1944.58,-5.565,9854.730416666667,5541.442916666667,4313.287499999999,13.757499999999945,66.57816602734754,-8.673000000000002,21.97199999999998,0.8660254037844386,0.5000000000000001,-0.433883739117558,-0.9009688679024191,0.49999999999999994,0.8660254037844387,0,0,369.0,0.003793026818679351,0.011081740560059651,0.00913999135410625,-9.60741537583966,0.0003548896154926103,NEUTRAL,0.011081740560059651,2026-02-27 04:00:00,2026-02-27,4,1_8,399.074,30.074000000000012,0,0,0,30.074000000000012
5618.1475,5618.1475,0.0,14904.5,20253.97,2216.92,2213.76,3.16,9623.528541666667,5310.253854166666,4313.2746875,11.559499999999948,66.58786277380017,-13.999000000000024,38.752999999999986,0.9659258262890683,0.25881904510252074,-0.433883739117558,-0.9009688679024191,0.49999999999999994,0.8660254037844387,0,0,350.375,0.004878274215367169,0.01997758524291054,0.00972230020751629,-11.80810728999635,0.0007863248998111182,NEUTRAL,0.01997758524291054,2026-02-27 05:00:00,2026-02-27,5,1_8,391.445,41.06999999999999,0,0,0,41.06999999999999
5814.2275,5814.0125,0.215,16794.5,19054.405,2291.46,2288.15,3.31,9397.858958333332,5084.5890625,4313.269895833334,10.25474999999995,66.87282963125709,-18.716999999999985,12.59699999999998,1.0,6.123233995736766e-17,-0.433883739117558,-0.9009688679024191,0.49999999999999994,0.8660254037844387,0,0,347.0,0.005043074759171397,0.05100822983361779,0.017654596528097276,-15.772681455034874,0.0026817885358361997,NEUTRAL,0.05100822983361779,2026-02-27 06:00:00,2026-02-27,6,1_8,376.083,29.083000000000027,0,0,0,29.083000000000027
5785.24,5660.2925,124.9475,20902.5,17369.98,2919.8675,2899.66,20.2075,9199.516666666666,4889.878020833333,4309.638645833334,10.62862499999995,66.66271083388867,-21.031999999999982,-30.004999999999995,0.9659258262890683,-0.25881904510252063,-0.433883739117558,-0.9009688679024191,0.49999999999999994,0.8660254037844387,0,0,320.0,0.009781883169753746,0.20495562070350307,0.04600233042678789,-30.832784810229352,0.02106450849599366,NEUTRAL,0.20495562070350307,2026-02-27 07:00:00,2026-02-27,7,1_8,350.668,30.668000000000006,0,0,0,30.668000000000006
7539.0875,5188.3325,2350.755,21823.75,19079.1375,3884.6775,3418.77,465.9075,8961.417916666667,4714.266875,4247.151041666667,9.461124999999948,67.4892251099392,-49.47199999999998,-21.451999999999998,0.8660254037844387,-0.4999999999999998,-0.433883739117558,-0.9009688679024191,0.49999999999999994,0.8660254037844387,0,0,308.265,0.007728275421626203,0.10718840061533212,0.04179089575861752,-16.266995947737712,0.0058121109281803135,NEUTRAL,0.10718840061533212,2026-02-27 08:00:00,2026-02-27,8,1_8,405.511,97.24600000000004,0,0,0,97.24600000000004
11778.4675,4368.61,7409.8575,20052.0,18494.185,4994.27,3725.9725,1268.2975,8582.299270833333,4556.681041666666,4025.618229166667,9.182374999999949,67.20098957333664,72.71199999999999,79.40199999999999,0.7071067811865476,-0.7071067811865475,-0.433883739117558,-0.9009688679024191,0.49999999999999994,0.8660254037844387,0,1,350.0,0.016928458401031406,0.1744578904569328,0.03998387906256735,-18.438670431459514,0.010722571821010166,NEUTRAL,0.1744578904569328,2026-02-27 09:00:00,2026-02-27,9,9_16,458.434,108.43400000000003,1,0,0,108.43400000000003
16235.3775,3546.4625,12688.915,18239.0,12484.92,5954.475,3818.735,2135.74,8048.899895833333,4409.774583333333,3639.1253125000003,-3.3990000000000506,60.957597800151426,-117.61099999999999,184.342,0.49999999999999994,-0.8660254037844387,-0.433883739117558,-0.9009688679024191,0.49999999999999994,0.8660254037844387,0,1,204.4,0.08406843371058756,0.6968496810196163,0.48055048580373666,-70.31291163354256,0.16332510014464865,DOWN,0.6968496810196163,2026-02-27 10:00:00,2026-02-27,10,9_16,400.57,196.17,1,0,1,196.17
19669.6675,3059.645,16610.0225,17100.25,7936.485,7072.1425,3843.0575,3229.085,7500.926770833333,4307.6016666666665,3193.3251041666667,-4.970791666666718,64.37765202910559,-153.723,-116.0,0.258819045102521,-0.9659258262890682,-0.433883739117558,-0.9009688679024191,0.49999999999999994,0.8660254037844387,0,1,45.0,0.09052182116919376,0.9127888365882648,0.21489522468551533,-96.83310008058588,0.29462724255264333,DOWN,0.9127888365882648,2026-02-27 11:00:00,2026-02-27,11,9_16,370.791,325.791,1,0,1,325.791
21984.0525,2934.715,19049.3375,17039.25,3061.105,8853.175,4569.5425,4283.6325,7019.323125,4264.7726041666665,2754.550520833333,-8.303291666666718,70.10033028296371,-157.281,-77.301,1.2246467991473532e-16,-1.0,-0.433883739117558,-0.9009688679024191,0.49999999999999994,0.8660254037844387,0,1,0.0,0.061228399903228356,0.00034577614573811836,0.10422291153183463,-58.13002942506109,0.020194936380370287,NEUTRAL,0.10422291153183463,2026-02-27 12:00:00,2026-02-27,12,9_16,180.721,180.721,1,0,1,180.721
22574.7375,2971.0975,19603.64,17039.0,-1844.72,11101.595,5642.6025,5458.9925,6638.55375,4286.083958333334,2352.469791666667,-10.14716666666672,71.04010879267543,-65.82100000000003,-21.567999999999998,-0.2588190451025208,-0.9659258262890683,-0.433883739117558,-0.9009688679024191,0.49999999999999994,0.8660254037844387,0,1,-63.75,0.007758461352368777,0.0001559427158943838,0.005333169637399809,-1.2012087792361668,3.106510629943293e-05,NEUTRAL,0.007758461352368777,2026-02-27 13:00:00,2026-02-27,13,9_16,-25.155,38.595,0,0,0,38.595
21398.41,3016.235,18382.175,17075.25,529.415,13073.625,7123.0325,5950.5925,6375.860625000001,4376.34875,1999.5118750000001,-11.896750000000054,72.06004994522618,-71.99000000000001,-30.0,-0.4999999999999997,-0.8660254037844388,-0.433883739117558,-0.9009688679024191,0.49999999999999994,0.8660254037844387,0,1,-60.0,0.018401379388119813,0.0001899008842901093,0.03479885766704728,2.8347015190085423,0.0003288145822951366,NEUTRAL,0.03479885766704728,2026-02-27 14:00:00,2026-02-27,14,9_16,-80.0,-20.0,0,0,0,-20.0
18604.535,3144.6075,15459.9275,17984.0,3465.9675,13872.54,8550.7375,5321.8025,6323.245104166667,4553.566770833333,1769.6783333333333,-13.828333333333388,72.65383831607085,-57.358000000000004,-11.0,-0.7071067811865471,-0.7071067811865479,-0.433883739117558,-0.9009688679024191,0.49999999999999994,0.8660254037844387,0,1,0.0,0.06485365640659001,0.0003562754843956135,0.18463379481740635,-33.59080481645959,0.020673325880779147,NEUTRAL,0.18463379481740635,2026-02-27 15:00:00,2026-02-27,15,9_16,-80.0,-80.0,0,0,0,-80.0
14340.2425,3342.7125,10997.53,20102.75,8264.3375,13262.75,9726.8075,3535.9425,6314.107708333333,4769.547604166666,1544.5601041666666,-14.392916666666721,72.96029699650785,-58.759000000000015,-45.209,-0.8660254037844385,-0.5000000000000004,-0.433883739117558,-0.9009688679024191,0.49999999999999994,0.8660254037844387,0,1,107.0,0.12485727595416639,0.43389313894293297,0.46598822214671937,-31.947664442269698,0.049624117850644064,NEUTRAL,0.46598822214671937,2026-02-27 16:00:00,2026-02-27,16,9_16,61.323,-45.677,0,0,0,-45.677
8951.4525,3672.91,5278.5425,21902.75,17486.7125,11796.815,10337.41,1459.405,6380.753124999999,4974.260729166666,1406.4923958333331,-23.748500000000053,61.246237952254056,-50.81900000000002,173.715,-0.9659258262890683,-0.25881904510252063,-0.433883739117558,-0.9009688679024191,0.49999999999999994,0.8660254037844387,0,2,314.25,0.05573843450759758,0.37388804519066215,0.11019107390960894,-86.9638489843376,0.10838247833003312,NEUTRAL,0.37388804519066215,2026-02-27 17:00:00,2026-02-27,17,17_24,383.697,69.447,0,0,0,69.447
5215.3375,4389.33,826.0075,22770.5,28095.92,9931.3275,9741.0925,190.235,6521.680104166667,5132.1815625,1389.4985416666666,-27.57325000000006,60.35595758227753,-57.995000000000005,33.79899999999998,-1.0,-1.8369701987210297e-16,-0.433883739117558,-0.9009688679024191,0.49999999999999994,0.8660254037844387,0,2,400.0,0.048272088441243685,0.03260803045067509,0.04003670098240733,0.18663509482492752,3.0030886012096006e-05,NEUTRAL,0.048272088441243685,2026-02-27 18:00:00,2026-02-27,18,17_24,418.877,18.87700000000001,0,0,0,18.87700000000001
5453.815,5453.32,0.495,21713.75,31444.3925,9190.8825,9190.5975,0.285,6628.066145833334,5238.575520833333,1389.4906250000001,-31.312333333333385,58.928625843446135,-52.492999999999995,37.245000000000005,-0.9659258262890684,0.2588190451025203,-0.433883739117558,-0.9009688679024191,0.49999999999999994,0.8660254037844387,0,2,405.5,0.039657847756322216,0.037266002147765286,0.03357160093789863,-7.968087393246805,0.001053323989168174,NEUTRAL,0.039657847756322216,2026-02-27 19:00:00,2026-02-27,19,17_24,424.029,18.528999999999996,0,0,0,18.528999999999996
6497.315,6475.815,21.5,20020.25,30428.1525,8760.6775,8758.25,2.4275,6708.931145833333,5319.483958333333,1389.4471875,-35.30629166666672,57.12460517338688,-56.11900000000003,39.73599999999999,-0.8660254037844386,0.5000000000000001,-0.433883739117558,-0.9009688679024191,0.49999999999999994,0.8660254037844387,0,2,404.0,0.02628651006750955,0.038719031913415206,0.04976728931304083,-13.158362282695151,0.002182853408695646,NEUTRAL,0.04976728931304083,2026-02-27 20:00:00,2026-02-27,20,17_24,428.721,24.721000000000004,0,0,0,24.721000000000004
7201.885,7172.635,29.25,18783.25,30144.86,7767.6675,7765.2925,2.375,6764.809895833333,5375.410312499999,1389.399583333333,-40.00620833333338,53.500876447088565,-53.185,59.613,-0.7071067811865477,0.7071067811865474,-0.433883739117558,-0.9009688679024191,0.49999999999999994,0.8660254037844387,0,2,405.0,0.027261412545222522,0.046385123346366804,0.041388564215524164,-15.469006160065824,0.0023917725292678708,NEUTRAL,0.046385123346366804,2026-02-27 21:00:00,2026-02-27,21,17_24,428.282,23.281999999999982,0,0,0,23.281999999999982
7626.3675,7597.1175,29.25,17486.0,29382.1625,6739.1425,6736.75,2.3925,6802.737395833334,5413.381666666666,1389.3557291666666,-43.908375000000056,50.40220349031472,-49.24799999999999,44.403999999999996,-0.5000000000000004,0.8660254037844384,-0.433883739117558,-0.9009688679024191,0.49999999999999994,0.8660254037844387,0,2,400.5,0.02835843415008885,0.053285129320001415,0.05229033207631613,-21.97445560039336,0.003903039028011965,NEUTRAL,0.053285129320001415,2026-02-27 22:00:00,2026-02-27,22,17_24,450.879,50.37900000000002,0,0,0,50.37900000000002
7912.9025,7881.1525,31.75,16208.75,26436.975,5738.4175,5735.7725,2.645,6825.344479166667,5436.012291666667,1389.3321875,-46.39708333333338,49.26353444919759,-53.16699999999997,6.562000000000012,-0.25881904510252157,0.9659258262890681,-0.433883739117558,-0.9009688679024191,0.49999999999999994,0.8660254037844387,0,2,423.35,0.0384122436656555,0.06251513424623964,0.08058211701231092,-23.261334418009202,0.0062481585731150435,NEUTRAL,0.08058211701231092,2026-02-27 23:00:00,2026-02-27,23,17_24,458.853,35.502999999999986,0,0,0,35.502999999999986
8175.665,8147.665,28.0,14846.5,24183.965,4861.3925,4858.3275,3.065,6852.480625,5463.164583333332,1389.3160416666667,-48.63320833333339,47.90019474316059,-45.96300000000002,7.704000000000008,-2.4492935982947064e-16,1.0,-0.433883739117558,-0.9009688679024191,0.49999999999999994,0.8660254037844387,0,2,400.0,0.04511947319199471,0.08561682109810177,0.11037896935502121,-27.30174073172498,0.010045126678552686,NEUTRAL,0.11037896935502121,2026-02-28 00:00:00,2026-02-27,24,17_24,440.081,40.08100000000002,0,0,0,40.08100000000002
6879.48,6879.48,0.0,14644.5,22152.905,3731.8675,3728.79,3.0775,6869.715104166667,5480.411979166667,1389.3031250000001,-47.138041666666716,49.71679770064264,26.887,-8.997000000000014,0.25881904510252074,0.9659258262890683,-0.9749279121818236,-0.2225209339563146,0.49999999999999994,0.8660254037844387,1,0,350.0,0.01481102598933572,0.09637993084872346,0.08096112588301452,-20.514904806208694,0.006590750355301794,NEUTRAL,0.09637993084872346,2026-02-28 01:00:00,2026-02-28,1,1_8,317.452,-32.548,0,0,0,-32.548
7186.8225,7186.8225,0.0,14644.25,20568.1125,3274.28,3271.42,2.86,6889.572708333333,5500.278541666667,1389.2941666666666,-45.557750000000055,51.591215561032875,30.194000000000017,-7.733000000000004,0.49999999999999994,0.8660254037844387,-0.9749279121818236,-0.2225209339563146,0.49999999999999994,0.8660254037844387,1,0,350.0,0.011872694820346067,0.09729016448695713,0.08215182483459146,-25.573142993139637,0.008293384294170102,NEUTRAL,0.09729016448695713,2026-02-28 02:00:00,2026-02-28,2,1_8,306.014,-43.98599999999999,0,0,0,-43.98599999999999
7543.115,7543.115,0.0,14645.25,21188.2525,3333.4325,3330.4225,3.01,6940.100624999999,5550.813854166667,1389.2867708333333,-43.84200000000005,53.48370787932981,31.423999999999978,-9.754000000000019,0.7071067811865476,0.7071067811865476,-0.9749279121818236,-0.2225209339563146,0.49999999999999994,0.8660254037844387,1,0,340.0,0.009142566363556977,0.09245326891434488,0.08159862146651117,-25.4617164048906,0.00784672971267379,NEUTRAL,0.09245326891434488,2026-02-28 03:00:00,2026-02-28,3,1_8,308.252,-31.74799999999999,0,0,0,-31.74799999999999
7945.4175,7945.4175,0.0,14644.5,19380.9875,3620.3775,3617.4375,2.94,7010.157395833333,5620.516250000001,1389.6411458333332,-42.22754166666672,55.15031722639363,30.074000000000012,-8.673000000000002,0.8660254037844386,0.5000000000000001,-0.9749279121818236,-0.2225209339563146,0.49999999999999994,0.8660254037844387,1,0,323.0,0.013951241027322623,0.1210912040726728,0.08134031501559304,-24.332039131453566,0.00982131971990368,NEUTRAL,0.1210912040726728,2026-02-28 04:00:00,2026-02-28,4,1_8,293.499,-29.500999999999976,0,0,0,-29.500999999999976
8359.6575,8359.6575,0.0,14646.0,18670.695,4100.5675,4097.6775,2.89,7088.642708333333,5699.0128125,1389.629895833333,-39.93300000000005,57.472524264243866,41.06999999999999,-13.999000000000024,0.9659258262890683,0.25881904510252074,-0.9749279121818236,-0.2225209339563146,0.49999999999999994,0.8660254037844387,1,0,297.0,0.018738848565020463,0.23553300471209204,0.10008647099206953,-30.308350059989582,0.023795389191650872,NEUTRAL,0.23553300471209204,2026-02-28 05:00:00,2026-02-28,5,1_8,285.136,-11.863999999999976,0,0,0,-11.863999999999976
8666.4175,8666.185,0.2325,16615.25,17432.145,3878.7475,3875.74,3.0075,7154.779687499999,5765.162395833333,1389.6172916666667,-37.94133333333338,59.046401051953715,29.083000000000027,-18.716999999999985,1.0,6.123233995736766e-17,-0.9749279121818236,-0.2225209339563146,0.49999999999999994,0.8660254037844387,1,0,294.5,0.012884113299249973,0.31994306565055064,0.20284316499101449,-32.63750481184041,0.034807144482282726,NEUTRAL,0.31994306565055064,2026-02-28 06:00:00,2026-02-28,6,1_8,272.298,-22.201999999999998,0,0,0,-22.201999999999998
8961.07,8779.2875,181.7825,20707.75,15130.305,3191.8125,3118.07,73.7425,7166.110729166667,5774.2628125,1391.8479166666666,-35.787166666666714,60.61242756245827,30.668000000000006,-21.031999999999982,0.9659258262890683,-0.25881904510252063,-0.9749279121818236,-0.2225209339563146,0.49999999999999994,0.8660254037844387,1,0,240.0,0.07986662976312711,0.19082981733339155,0.2020587111055173,-24.38177074147328,0.016421830568307677,NEUTRAL,0.2020587111055173,2026-02-28 07:00:00,2026-02-28,7,1_8,225.211,-14.788999999999987,0,0,0,-14.788999999999987
10956.0575,8576.15,2379.9075,21372.75,16405.965,3752.7275,2358.67,1394.0575,7160.6128125,5730.091979166667,1430.5208333333333,-29.673916666666717,66.30383016735976,97.24600000000004,-49.47199999999998,0.8660254037844387,-0.4999999999999998,-0.9749279121818236,-0.2225209339563146,0.49999999999999994,0.8660254037844387,1,0,295.0,0.038121280227443356,0.2850645504466119,0.20751475904621433,-68.51828230943883,0.06510711114638074,NEUTRAL,0.2850645504466119,2026-02-28 08:00:00,2026-02-28,8,1_8,284.387,-10.613,0,0,0,-10.613
14365.3625,7811.8575,6553.505,19617.25,18580.1925,6525.4375,1736.17,4789.2675,7224.411458333333,5647.183541666666,1577.2279166666667,-28.185500000000047,69.0463936897865,108.43400000000003,72.71199999999999,0.7071067811865476,-0.7071067811865475,-0.9749279121818236,-0.2225209339563146,0.49999999999999994,0.8660254037844387,1,1,307.258,0.03803047163325498,0.387110815965158,0.2344407153842164,-77.60220599828494,0.10013551094897453,NEUTRAL,0.387110815965158,2026-02-28 09:00:00,2026-02-28,9,9_16,305.49,-1.7679999999999723,0,0,0,-1.7679999999999723
17426.36,6862.8975,10563.4625,17748.25,16582.69,10292.215,1387.9425,8904.2725,7405.150624999999,5545.900520833333,1859.2501041666667,-15.111291666666716,80.18628724819571,196.17,-117.61099999999999,0.49999999999999994,-0.8660254037844387,-0.9749279121818236,-0.2225209339563146,0.49999999999999994,0.8660254037844387,1,1,300.5,0.014852532476659783,0.491321347810879,0.2825760441474497,-163.76061953915578,0.26819696103440865,NEUTRAL,0.491321347810879,2026-02-28 10:00:00,2026-02-28,10,9_16,216.062,-84.43799999999999,0,0,0,-84.43799999999999
19485.465,6039.6275,13445.8375,16299.25,15990.515,13777.3925,1308.6975,12468.695,7684.536041666666,5440.3021874999995,2244.2338541666663,4.868458333333282,101.14710169630779,325.791,-153.723,0.258819045102521,-0.9659258262890682,-0.9749279121818236,-0.2225209339563146,0.49999999999999994,0.8660254037844387,1,1,250.0,0.02490131917527849,0.6358001912697158,0.6457001437311142,-204.39972762190592,0.43993644501355084,DOWN,0.6457001437311142,2026-02-28 11:00:00,2026-02-28,11,9_16,-12.455,-262.455,0,1,1,-262.455
20206.39,5395.9225,14810.4675,16238.0,13989.8425,16929.5575,1381.2425,15548.315,8021.051979166667,5307.456354166667,2713.595625,18.951874999999948,101.11946846237858,180.721,-157.281,1.2246467991473532e-16,-1.0,-0.9749279121818236,-0.2225209339563146,0.49999999999999994,0.8660254037844387,1,1,207.5,0.03987916748343651,0.3096634345567858,0.6420473176610648,-119.50762249916062,0.255765161552124,NEUTRAL,0.6420473176610648,2026-02-28 12:00:00,2026-02-28,12,9_16,31.867,-175.633,0,1,1,-175.633
19703.2825,5008.7125,14694.57,16238.0,11172.4625,18287.0125,1223.905,17063.1075,8320.444375,5123.343958333334,3197.1004166666667,23.302541666666617,99.547565987311,38.595,-65.82100000000003,-0.2588190451025208,-0.9659258262890683,-0.9749279121818236,-0.2225209339563146,0.49999999999999994,0.8660254037844387,1,1,200.0,0.034634563315471906,0.46043199907526405,0.6318172274232678,-119.06278605187644,0.2507530645752877,NEUTRAL,0.6318172274232678,2026-02-28 13:00:00,2026-02-28,13,9_16,-80.0,-280.0,0,1,1,-280.0
17852.32,4980.0625,12872.2575,16274.75,14781.0575,16513.9625,1131.4925,15382.47,8463.791770833333,4873.696458333333,3590.0953125,25.46879166666662,97.93638792647499,-20.0,-71.99000000000001,-0.4999999999999997,-0.8660254037844388,-0.9749279121818236,-0.2225209339563146,0.49999999999999994,0.8660254037844387,1,1,250.0,0.033172137212193475,0.41477127839373995,0.3665237637839963,-46.76420417295046,0.06465482915960177,NEUTRAL,0.41477127839373995,2026-02-28 14:00:00,2026-02-28,14,9_16,20.816,-229.184,0,1,1,-229.184
14966.4475,5338.6525,9627.795,17185.75,18703.13,13952.46,1477.6725,12474.7875,8467.121770833333,4578.985416666666,3888.1363541666665,24.52537499999995,98.87351551122659,-80.0,-57.358000000000004,-0.7071067811865471,-0.7071067811865479,-0.9749279121818236,-0.2225209339563146,0.49999999999999994,0.8660254037844387,1,1,300.138,0.01903314843465213,0.14779962201553856,0.1437681647972324,-59.78867571241116,0.029455812237013268,NEUTRAL,0.14779962201553856,2026-02-28 15:00:00,2026-02-28,15,9_16,290.152,-9.98599999999999,0,0,0,-9.98599999999999
11864.515,5947.3075,5917.2075,19406.5,21502.295,11526.56,2231.0925,9295.4675,8394.780520833334,4266.6639583333335,4128.1165625,25.07045833333328,98.42947445538485,-45.677,-58.759000000000015,-0.8660254037844385,-0.5000000000000004,-0.9749279121818236,-0.2225209339563146,0.49999999999999994,0.8660254037844387,1,1,341.5,0.042812468437523295,0.08852931763789203,0.06343411107670244,-26.26140443759736,0.00774968071691068,NEUTRAL,0.08852931763789203,2026-02-28 16:00:00,2026-02-28,16,9_16,311.522,-29.97800000000001,0,0,0,-29.97800000000001
9178.2475,6567.17,2611.0775,21287.25,24837.46,7178.375,2976.11,4202.265,8202.345520833334,3959.9431250000002,4242.402395833334,30.08154166666662,97.45449724647531,69.447,-50.81900000000002,-0.9659258262890683,-0.25881904510252063,-0.9749279121818236,-0.2225209339563146,0.49999999999999994,0.8660254037844387,1,2,355.978,0.03688074729966803,0.030685346926488825,0.04196342569185213,12.999608041320078,0.0018183602868837951,NEUTRAL,0.04196342569185213,2026-02-28 17:00:00,2026-02-28,17,17_24,317.803,-38.17500000000001,0,0,0,-38.17500000000001
7459.8075,7025.57,434.2375,22153.25,28673.0375,3814.32,3241.2075,573.1125,7947.470208333333,3689.1145833333335,4258.355624999999,33.28454166666662,95.6809829176363,18.87700000000001,-57.995000000000005,-1.0,-1.8369701987210297e-16,-0.9749279121818236,-0.2225209339563146,0.49999999999999994,0.8660254037844387,1,2,399.27,0.011460660444900201,0.017915066493437364,0.03096023272257468,-4.40239706169868,0.00045433079189123365,NEUTRAL,0.03096023272257468,2026-02-28 18:00:00,2026-02-28,18,17_24,329.436,-69.834,0,0,0,-69.834
7351.32,7350.4625,0.8575,21332.25,30197.25,3379.6,3384.44,-4.84,7705.3334375,3447.1913541666668,4258.142083333333,36.24379166666662,93.99614442138048,18.528999999999996,-52.492999999999995,-0.9659258262890684,0.2588190451025203,-0.9749279121818236,-0.2225209339563146,0.49999999999999994,0.8660254037844387,1,2,389.375,0.00723743914256684,0.018863421535975415,0.013266492506899256,-4.74293939387804,0.00029822688368768397,NEUTRAL,0.018863421535975415,2026-02-28 19:00:00,2026-02-28,19,17_24,330.776,-58.59899999999999,0,0,0,-58.59899999999999
7562.8325,7562.8325,0.0,19607.5,29837.5425,3983.835,3981.13,2.705,7506.298333333333,3248.1446875,4258.153645833333,39.612124999999956,91.96902176858535,24.721000000000004,-56.11900000000003,-0.8660254037844386,0.5000000000000001,-0.9749279121818236,-0.2225209339563146,0.49999999999999994,0.8660254037844387,1,2,400.0,0.009058840680448228,0.025200026134777342,0.023568923909165287,-2.028985591610691,0.0001704349664522536,NEUTRAL,0.025200026134777342,2026-02-28 20:00:00,2026-02-28,20,17_24,335.954,-64.04599999999999,0,0,0,-64.04599999999999
7629.0675,7629.0675,0.0,18341.25,29687.9225,4174.275,4171.5425,2.7325,7356.573645833334,3098.4051041666667,4258.168541666667,42.79824999999996,89.91606118329068,23.281999999999982,-53.185,-0.7071067811865477,0.7071067811865474,-0.9749279121818236,-0.2225209339563146,0.49999999999999994,0.8660254037844387,1,2,375.0,0.010000186339013412,0.022773538355748624,0.028182139646737873,-3.3963151227673967,0.0003190514235805282,NEUTRAL,0.028182139646737873,2026-02-28 21:00:00,2026-02-28,21,17_24,348.237,-26.762999999999977,0,0,0,-26.762999999999977
7528.7225,7528.7225,0.0,16972.75,29565.75,3907.6075,3904.7825,2.825,7238.593020833333,2980.4064583333334,4258.1865625,46.949374999999954,87.75560104795551,50.37900000000002,-49.24799999999999,-0.5000000000000004,0.8660254037844384,-0.9749279121818236,-0.2225209339563146,0.49999999999999994,0.8660254037844387,1,2,380.0,0.009267823010114987,0.01925442778614168,0.04576419831581074,-4.422015949589633,0.000674566716242327,NEUTRAL,0.04576419831581074,2026-02-28 22:00:00,2026-02-28,22,17_24,355.985,-24.014999999999986,0,0,0,-24.014999999999986
7368.445,7368.445,0.0,15820.5,26625.3425,3835.445,3832.3225,3.1225,7159.302500000001,2901.096041666666,4258.206458333333,50.64395833333328,85.18628668597962,35.502999999999986,-53.16699999999997,-0.25881904510252157,0.9659258262890681,-0.9749279121818236,-0.2225209339563146,0.49999999999999994,0.8660254037844387,1,2,361.625,0.006641734569623073,0.02032138938233028,0.04106432161587411,-13.313888471171609,0.001822419327126898,NEUTRAL,0.04106432161587411,2026-02-28 23:00:00,2026-02-28,23,17_24,340.654,-20.971000000000004,0,0,0,-20.971000000000004
