da_anchor,hour_sin,hour_cos,period_id,previous_day_price_delta_mean,previous_day_price_delta_std,lagged_price_delta_24h,lagged_price_delta_48h,spike_prob,extreme_spike_prob,relative_spike_prob,spike_risk_score,confidence,ds,business_day,hour_business,period,rt_actual,spike_label,extreme_spike_label,relative_spike_label
368.05,-2.4492935982947064e-16,1.0,2,-124.39058333333338,173.42212399879426,-55.285000000000025,-10.947000000000003,0.011467839137504838,0.00209635014897809,0.005361240934268596,0.005887264081123266,0.011467839137504838,2026-02-01 00:00:00,2026-01-31,24,17_24,328.082,0,0,0
377.2,0.25881904510252074,0.9659258262890683,0,-127.02850000000005,171.69909303348487,-49.34800000000001,13.961999999999989,0.013290294943385749,0.002510566891305936,0.006735655830953497,0.007012011988824148,0.013290294943385749,2026-02-01 01:00:00,2026-02-01,1,1_8,376.978,0,0,0
358.46,0.49999999999999994,0.8660254037844387,0,-130.0529166666667,169.53447714740645,-47.809000000000026,24.776999999999987,0.011642481943900938,0.0017523825341404183,0.009753716640117994,0.007119812588861848,0.011642481943900938,2026-02-01 02:00:00,2026-02-01,2,1_8,353.014,0,0,0
375.25,0.7071067811865476,0.7071067811865476,0,-130.85129166666673,168.95468122636342,-22.245000000000005,-3.084000000000003,0.01856668365240719,0.0017050086760578807,0.006707421178111789,0.008264234919578846,0.01856668365240719,2026-02-01 03:00:00,2026-02-01,3,1_8,364.613,0,0,0
347.5,0.8660254037844386,0.5000000000000001,0,-132.55275000000006,167.60147681388491,-23.86099999999999,16.97399999999999,0.007997599766125055,0.017114072096594792,0.006463435860544397,0.011183939526638754,0.017114072096594792,2026-02-01 04:00:00,2026-02-01,4,1_8,347.423,0,0,0
346.0,0.9659258262890683,0.25881904510252074,0,-133.40820833333336,166.99417743480808,-29.427999999999997,-8.896999999999991,0.020528946420662827,0.005815398732974893,0.008350247976474162,0.010989917812331051,0.020528946420662827,2026-02-01 05:00:00,2026-02-01,5,1_8,340.032,0,0,0
318.89,1.0,6.123233995736766e-17,0,-134.24950000000004,166.3042400366673,-12.951000000000022,7.240000000000009,0.010837887070877074,0.007629061751518842,0.008972524195599336,0.00899474808055046,0.010837887070877074,2026-02-01 06:00:00,2026-02-01,6,1_8,307.932,0,0,0
294.95,0.9659258262890683,-0.25881904510252063,0,-135.65891666666673,165.51286920985706,-62.59300000000002,-28.766999999999996,0.011671821915059478,0.003850043865613049,0.01238984970049688,0.008758519030912126,0.01238984970049688,2026-02-01 07:00:00,2026-02-01,7,1_8,196.874,0,0,0
333.8,0.8660254037844387,-0.4999999999999998,0,-136.06166666666672,165.25462404019504,-39.06700000000001,-29.40100000000001,0.010626864608763036,0.004423489392512515,0.012455769608259315,0.008694186022111711,0.012455769608259315,2026-02-01 08:00:00,2026-02-01,8,1_8,356.643,0,0,0
316.8,0.7071067811865476,-0.7071067811865475,1,-125.71937500000006,163.10444456472013,-39.49400000000003,-287.709,0.014912948830934749,0.004105348035037004,0.026246254608101354,0.01398990024572563,0.026246254608101354,2026-02-01 09:00:00,2026-02-01,9,9_16,400.267,0,0,0
171.0,0.49999999999999994,-0.8660254037844387,1,-118.20154166666673,164.1565911235431,-9.799999999999955,-190.228,0.002928008876429557,0.0004957914198912638,0.0977593632716387,0.03040452821237698,0.0977593632716387,2026-02-01 10:00:00,2026-02-01,10,9_16,432.641,0,0,1
-10.0,0.258819045102521,-0.9659258262890682,1,-99.13754166666672,145.47549103094119,-25.286999999999978,-482.823,0.0011681738333621603,0.00018955115905884573,0.1678665436747608,0.050786235716060425,0.1678665436747608,2026-02-01 11:00:00,2026-02-01,11,9_16,456.179,0,0,1
-20.0,1.2246467991473532e-16,-1.0,1,-73.74687500000005,106.92141809934364,34.605999999999995,-574.77,0.007845933648274241,0.00020745102128084153,0.06002095738001866,0.020443047717000205,0.06002095738001866,2026-02-01 12:00:00,2026-02-01,12,9_16,469.704,0,0,1
-51.0,-0.2588190451025208,-0.9659258262890683,1,-47.74025000000005,60.1308090483077,107.31899999999996,-516.8399999999999,0.006622656178289585,0.00018985017629542287,0.057359112035500724,0.019270470534655262,0.057359112035500724,2026-02-01 13:00:00,2026-02-01,13,9_16,435.397,0,0,1
-51.0,-0.4999999999999997,-0.8660254037844388,1,-32.99920833333339,50.29514188137332,101.21799999999999,-252.56700000000004,0.0015118743287437673,0.00021127581160198475,0.054558112076319304,0.016905506246159715,0.054558112076319304,2026-02-01 14:00:00,2026-02-01,14,9_16,382.755,0,0,1
0.0,-0.7071067811865471,-0.7071067811865479,1,-25.985041666666717,55.600009224644275,93.05399999999997,-75.286,0.002512179245176528,0.00022201169227740092,0.08669666594962766,0.02685145823535222,0.08669666594962766,2026-02-01 15:00:00,2026-02-01,15,9_16,350.422,0,0,1
151.0,-0.8660254037844385,-0.5000000000000004,1,-21.263625000000054,57.23202326442737,51.721000000000004,-61.59299999999996,0.002904084280321237,0.0036962613753383044,0.06941671199191903,0.0231747434318074,0.06941671199191903,2026-02-01 16:00:00,2026-02-01,16,9_16,376.177,0,0,1
392.643,-0.9659258262890683,-0.25881904510252063,2,-20.082166666666723,56.46857278604174,-41.70100000000002,-70.05600000000004,0.023835856558743578,0.001887308480743851,0.010139618571606342,0.010947565931402517,0.023835856558743578,2026-02-01 17:00:00,2026-02-01,17,17_24,429.143,0,0,0
380.8,-1.0,-1.8369701987210297e-16,2,-18.585375000000056,54.89184986847718,-57.581999999999994,-93.505,0.019029199103263852,0.0018724998033025882,0.012308247907422916,0.010150234024527065,0.019029199103263852,2026-02-01 18:00:00,2026-02-01,18,17_24,437.715,0,0,0
380.0,-0.9659258262890684,0.2588190451025203,2,-17.698000000000054,54.1171718998187,-53.09299999999996,-74.38999999999999,0.01728835204561571,0.0010300810314059518,0.008544175762688126,0.00816179075505353,0.01728835204561571,2026-02-01 19:00:00,2026-02-01,19,17_24,441.233,0,0,0
387.5,-0.8660254037844386,0.5000000000000001,2,-16.748083333333387,53.31132555577884,-49.492999999999995,-72.291,0.01336110304626117,0.0009590291326364159,0.005788755572088275,0.006128569238559399,0.01336110304626117,2026-02-01 20:00:00,2026-02-01,20,17_24,437.852,0,0,0
419.0,-0.7071067811865477,0.7071067811865474,2,-16.32462500000005,52.94469944221915,-55.536,-65.69900000000001,0.040646767182396,0.001717547158092687,0.007975582693335393,0.015273723825956494,0.040646767182396,2026-02-01 21:00:00,2026-02-01,21,17_24,445.232,0,0,0
406.47,-0.5000000000000004,0.8660254037844384,2,-16.39754166666672,52.99286776701038,-50.76899999999995,-49.019000000000005,0.020317675248355233,0.0015095936369705543,0.007698968130913498,0.00900883046856884,0.020317675248355233,2026-02-01 22:00:00,2026-02-01,22,17_24,444.737,0,0,0
380.44,-0.25881904510252157,0.9659258262890681,2,-16.09766666666672,52.77826031011316,-48.920000000000016,-56.11700000000002,0.009889031378891945,0.000768798937185939,0.006101944331156191,0.005104812287888816,0.009889031378891945,2026-02-01 23:00:00,2026-02-01,23,17_24,430.964,0,0,0
347.55,-2.4492935982947064e-16,1.0,2,-15.459458333333385,52.37486112628783,-39.96800000000002,-55.285000000000025,0.008833092595827314,0.0006335656488597875,0.0044715851262118285,0.004244829576155657,0.008833092595827314,2026-02-02 00:00:00,2026-02-01,24,17_24,425.109,0,0,0
361.5,0.25881904510252074,0.9659258262890683,0,-13.412541666666717,51.95110152657042,-0.22199999999998,-49.34800000000001,0.005354742577986747,0.0005421433392881392,0.0035531677520996814,0.002889230434741184,0.005354742577986747,2026-02-02 01:00:00,2026-02-02,1,1_8,367.178,0,0,0
361.01,0.49999999999999994,0.8660254037844387,0,-11.647416666666713,51.44886160731023,-5.4459999999999695,-47.809000000000026,0.007431181434175165,0.0006744799443215178,0.001982467934317032,0.003093886788276266,0.007431181434175165,2026-02-02 02:00:00,2026-02-02,2,1_8,364.117,0,0,0
350.0,0.7071067811865476,0.7071067811865476,0,-11.163750000000048,51.39944216517393,-10.637,-22.245000000000005,0.0034178551114677253,0.0006744799443215178,0.0015826089487926173,0.00176993119580671,0.0034178551114677253,2026-02-02 03:00:00,2026-02-02,3,1_8,379.83,0,0,0
347.5,0.8660254037844386,0.5000000000000001,0,-10.172750000000047,51.37326617681292,-0.07699999999999818,-23.86099999999999,0.0034178551114677253,0.0007403003877282532,0.001744082130160631,0.0018447013275798081,0.0034178551114677253,2026-02-02 04:00:00,2026-02-02,4,1_8,361.868,0,0,0
317.325,0.9659258262890683,0.25881904510252074,0,-9.195250000000048,51.213903558249406,-5.968000000000018,-29.427999999999997,0.002972985515744446,0.0007977466628649595,0.0019977646819770876,0.001810323724462444,0.002972985515744446,2026-02-02 05:00:00,2026-02-02,5,1_8,365.181,0,0,0
345.0,1.0,6.123233995736766e-17,0,-9.11220833333338,51.20916453049191,-10.95799999999997,-12.951000000000022,0.004055195740046081,0.001599417082246534,0.002323956019182307,0.00255351236066713,0.004055195740046081,2026-02-02 06:00:00,2026-02-02,6,1_8,359.0,0,0,0
319.33,0.9659258262890683,-0.25881904510252063,0,-10.590666666666712,53.290266362763184,-98.076,-62.59300000000002,0.0032743447279284443,0.0008292217630016807,0.0026857599805260165,0.0021197201177370105,0.0032743447279284443,2026-02-02 07:00:00,2026-02-02,7,1_8,343.835,0,0,0
362.125,0.8660254037844387,-0.4999999999999998,0,-8.01108333333338,53.3502837080708,22.84299999999996,-39.06700000000001,0.005941187644309245,0.0008262297360347489,0.0025710807857995707,0.0028841724234465443,0.005941187644309245,2026-02-02 08:00:00,2026-02-02,8,1_8,391.734,0,0,0
370.125,0.7071067811865476,-0.7071067811865475,1,-2.8877083333333786,56.032174035743694,83.46699999999998,-39.49400000000003,0.0486708127213896,0.003839011185440266,0.008473719131620594,0.018678964030079164,0.0486708127213896,2026-02-02 09:00:00,2026-02-02,9,9_16,427.545,0,0,0
250.0,0.49999999999999994,-0.8660254037844387,1,8.422333333333286,77.75897903173471,261.641,-9.799999999999955,0.011147619753833075,0.0005450866516305064,0.01436844270463229,0.007872853398191812,0.01436844270463229,2026-02-02 10:00:00,2026-02-02,10,9_16,383.066,0,0,0
150.0,0.258819045102521,-0.9659258262890682,1,28.900083333333285,121.11964650597237,466.179,-25.286999999999978,0.05066622416119277,0.008863401379152445,0.08224765248179407,0.043419523544557026,0.08224765248179407,2026-02-02 11:00:00,2026-02-02,11,9_16,308.314,0,0,0
107.8,1.2246467991473532e-16,-1.0,1,47.862499999999955,153.38034791838578,489.704,34.605999999999995,0.021676685122093517,0.0036717629559808486,0.12444081726917654,0.04530395589977335,0.12444081726917654,2026-02-02 12:00:00,2026-02-02,12,9_16,-37.501,0,0,0
50.5,-0.2588190451025208,-0.9659258262890683,1,63.65741666666662,177.40608572619,486.397,107.31899999999996,0.03781527040876594,0.0006597201969983171,0.11198878008231916,0.04520510322612485,0.11198878008231916,2026-02-02 13:00:00,2026-02-02,13,9_16,-80.0,0,0,0
51.625,-0.4999999999999997,-0.8660254037844388,1,77.51312499999995,192.78632358341628,433.755,101.21799999999999,0.014102608849080737,0.0005852550964207675,0.06402779627525855,0.023673223575870095,0.06402779627525855,2026-02-02 14:00:00,2026-02-02,14,9_16,-80.0,0,0,0
133.95,-0.7071067811865471,-0.7071067811865479,1,88.23679166666663,200.6845716123078,350.422,93.05399999999997,0.012205193186458477,0.0012326470290252999,0.08503009679283147,0.0296636458053971,0.08503009679283147,2026-02-02 15:00:00,2026-02-02,15,9_16,-80.0,0,0,0
326.0,-0.8660254037844385,-0.5000000000000004,1,95.46412499999997,202.42813333438733,225.17700000000002,51.721000000000004,0.0580914085071163,0.01101832741936109,0.03935362671328917,0.03364084153386608,0.0580914085071163,2026-02-02 16:00:00,2026-02-02,16,9_16,19.208,0,0,0
360.913,-0.9659258262890683,-0.25881904510252063,2,98.72249999999997,200.7466626652043,36.5,-41.70100000000002,0.03884257413075196,0.01373610123433647,0.03127141226244174,0.026528636411692695,0.03884257413075196,2026-02-02 17:00:00,2026-02-02,17,17_24,378.111,0,0,0
402.87,-1.0,-1.8369701987210297e-16,2,103.49320833333327,198.2151507483019,56.914999999999964,-57.581999999999994,0.1384612106324908,0.051371987455808406,0.048789463332003624,0.07672399717167169,0.1384612106324908,2026-02-02 18:00:00,2026-02-02,18,17_24,407.284,0,0,0
445.0,-0.9659258262890684,0.2588190451025203,2,108.25679166666662,195.6455024896635,61.233000000000004,-53.09299999999996,0.27358138074009564,0.025562483933723654,0.043879742779826654,0.10546333062946614,0.27358138074009564,2026-02-02 19:00:00,2026-02-02,19,17_24,419.902,0,0,0
460.0,-0.8660254037844386,0.5000000000000001,2,112.41699999999996,193.1914271376404,50.351999999999975,-49.492999999999995,0.2943749130508791,0.019724748801258987,0.02937044268212292,0.10501350624040419,0.2943749130508791,2026-02-02 20:00:00,2026-02-02,20,17_24,421.851,0,0,0
449.45,-0.7071067811865477,0.7071067811865474,2,115.82399999999996,190.80702673552707,26.232000000000028,-55.536,0.15180774629498547,0.027364119918760324,0.035762682676582884,0.06721677665897463,0.15180774629498547,2026-02-02 21:00:00,2026-02-02,21,17_24,425.65,0,0,0
458.54,-0.5000000000000004,0.8660254037844384,2,119.53383333333329,188.2759243962842,38.266999999999996,-50.76899999999995,0.2293792560890266,0.01865093386960743,0.028942568495771183,0.0849569209232823,0.2293792560890266,2026-02-02 22:00:00,2026-02-02,22,17_24,427.313,0,0,0
416.11,-0.25881904510252157,0.9659258262890681,2,123.6773333333333,185.48099189912705,50.524,-48.920000000000016,0.0956867642339154,0.012127373632389428,0.025843771672295998,0.04131011022481919,0.0956867642339154,2026-02-02 23:00:00,2026-02-02,23,17_24,414.733,0,0,0
397.37,-2.4492935982947064e-16,1.0,2,128.57429166666662,182.5001659214205,77.55899999999997,-39.96800000000002,0.1186794380019259,0.013639139391485026,0.027736432146334422,0.04938041680107211,0.1186794380019259,2026-02-03 00:00:00,2026-02-02,24,17_24,393.158,0,0,0
376.307,0.25881904510252074,0.9659258262890683,0,128.82012499999996,182.32301796687358,5.677999999999997,-0.22199999999998,0.022579922359332587,0.0025397011116262387,0.00619018018819065,0.009646911208907465,0.022579922359332587,2026-02-03 01:00:00,2026-02-03,1,1_8,409.851,0,0,0
347.0,0.49999999999999994,0.8660254037844387,0,129.17649999999995,182.05733158779836,3.1070000000000277,-5.4459999999999695,0.016420061715921305,0.0026644945900238387,0.005908013949394957,0.007764220535604414,0.016420061715921305,2026-02-03 02:00:00,2026-02-03,2,1_8,379.931,0,0,0
377.625,0.7071067811865476,0.7071067811865476,0,130.86262499999995,180.8897977645175,29.829999999999984,-10.637,0.0355414912100576,0.00373258372938373,0.0072124537701827324,0.01431921698582559,0.0355414912100576,2026-02-03 03:00:00,2026-02-03,3,1_8,382.286,0,0,0
355.75,0.8660254037844386,0.5000000000000001,0,131.46449999999996,180.45869739252996,14.367999999999995,-0.07699999999999818,0.016659607130732505,0.004041070572871234,0.0072124537701827324,0.008778046499423065,0.016659607130732505,2026-02-03 04:00:00,2026-02-03,4,1_8,335.13,0,0,0
359.03,0.9659258262890683,0.25881904510252074,0,133.7071666666666,179.00508052194124,47.855999999999995,-5.968000000000018,0.03979064063727187,0.004411552809615442,0.013089314817135028,0.017628607760168245,0.03979064063727187,2026-02-03 05:00:00,2026-02-03,5,1_8,309.745,0,0,0
328.4,1.0,6.123233995736766e-17,0,134.74708333333328,178.19879893654598,14.0,-10.95799999999997,0.01616536834325599,0.0035905083082410937,0.01998057150405483,0.012279985277489684,0.01998057150405483,2026-02-03 06:00:00,2026-02-03,6,1_8,272.095,0,0,0
327.9,0.9659258262890683,-0.25881904510252063,0,139.85462499999994,172.9138156669543,24.504999999999995,-98.076,0.016627509202562486,0.0049409548068189355,0.026408744049446264,0.0148872578983302,0.026408744049446264,2026-02-03 07:00:00,2026-02-03,7,1_8,219.361,0,0,0
334.83,0.8660254037844387,-0.4999999999999998,0,140.13654166666663,172.7201538948957,29.60899999999998,22.84299999999996,0.015846544400732784,0.004051726780286062,0.02386562824380313,0.013534342505475198,0.02386562824380313,2026-02-03 08:00:00,2026-02-03,8,1_8,348.262,0,0,0
363.995,0.7071067811865476,-0.7071067811865475,1,139.05124999999995,173.17296036477524,57.420000000000016,83.46699999999998,0.050758365801213644,0.028032187225055055,0.05155398271330268,0.04190657944437692,0.05155398271330268,2026-02-03 09:00:00,2026-02-03,9,9_16,238.652,0,0,0
245.0,0.49999999999999994,-0.8660254037844387,1,133.69395833333328,171.1931110548855,133.06599999999997,261.641,0.0071629823152795855,0.000624468476190638,0.03057914990862689,0.011572427057648197,0.03057914990862689,2026-02-03 10:00:00,2026-02-03,10,9_16,-80.0,0,0,0
150.0,0.258819045102521,-0.9659258262890682,1,120.86624999999994,156.06207103536659,158.31400000000002,466.179,0.004150091614244346,0.0005882742849797932,0.1089737383735647,0.03417245871033463,0.1089737383735647,2026-02-03 11:00:00,2026-02-03,11,9_16,-70.323,0,0,0
13.0,1.2246467991473532e-16,-1.0,1,94.40770833333329,144.18827113564086,-145.301,489.704,0.007209774758438211,0.0002802814416592301,0.03203947745516288,0.01188688824074402,0.03203947745516288,2026-02-03 12:00:00,2026-02-03,12,9_16,41.35,0,0,0
39.75,-0.2588190451025208,-0.9659258262890683,1,68.70366666666662,124.9777457677498,-130.5,486.397,0.006847406513686545,0.00028026688944540653,0.0630793913145772,0.021090146104257284,0.0630793913145772,2026-02-03 13:00:00,2026-02-03,13,9_16,-21.193,0,0,0
6.363,-0.4999999999999997,-0.8660254037844388,1,45.14616666666662,104.83884297698769,-131.625,433.755,0.007063609228395263,0.00018954053505536864,0.24594969455583707,0.07597980734929184,0.24594969455583707,2026-02-03 14:00:00,2026-02-03,14,9_16,-39.912,0,0,0
130.0,-0.7071067811865471,-0.7071067811865479,1,21.630666666666617,96.33799384218072,-213.95,350.422,0.02060515151857559,0.0005851226094675141,0.07665115482339545,0.029410940946378316,0.07665115482339545,2026-02-03 15:00:00,2026-02-03,15,9_16,-74.641,0,0,0
270.25,-0.8660254037844385,-0.5000000000000004,1,-0.5347083333333842,107.96582674261039,-306.79200000000003,225.17700000000002,0.048223844760726144,0.008391129208256583,0.02828771455366267,0.02630991947761928,0.048223844760726144,2026-02-03 16:00:00,2026-02-03,16,9_16,126.929,0,0,0
300.0,-0.9659258262890683,-0.25881904510252063,2,-1.338958333333385,107.74963125266338,17.19799999999998,36.5,0.01939741720406498,0.0042307352408318686,0.04430133659953372,0.02080192023741236,0.04430133659953372,2026-02-03 17:00:00,2026-02-03,17,17_24,326.403,0,0,0
374.5,-1.0,-1.8369701987210297e-16,2,-3.5265000000000506,107.0461774696759,4.413999999999987,56.914999999999964,0.04335996246092397,0.006271204829616348,0.047079748275431245,0.029640395152753102,0.047079748275431245,2026-02-03 18:00:00,2026-02-03,18,17_24,344.043,0,0,0
325.0,-0.9659258262890684,0.2588190451025203,2,-7.123625000000051,106.22276181268263,-25.098000000000013,61.233000000000004,0.013003337594583326,0.0035752907825429363,0.038327482474130356,0.01682936233363128,0.038327482474130356,2026-02-03 19:00:00,2026-02-03,19,17_24,340.306,0,0,0
324.163,-0.8660254037844386,0.5000000000000001,2,-10.811166666666717,105.675488339524,-38.149,50.351999999999975,0.009554458845863433,0.0027545339281576475,0.011857435998179495,0.0075253820244759375,0.011857435998179495,2026-02-03 20:00:00,2026-02-03,20,17_24,302.926,0,0,0
315.5,-0.7071067811865477,0.7071067811865474,2,-12.895833333333385,105.40611251464045,-23.80000000000001,26.232000000000028,0.008478837977174993,0.00236492681963686,0.013091003571876637,0.007416923192570233,0.013091003571876637,2026-02-03 21:00:00,2026-02-03,21,17_24,334.888,0,0,0
300.0,-0.5000000000000004,0.8660254037844384,2,-15.79141666666672,104.89279978269903,-31.227000000000032,38.266999999999996,0.007543450201596963,0.004586253472210974,0.0502592216067117,0.019175302931376988,0.0502592216067117,2026-02-03 22:00:00,2026-02-03,22,17_24,366.828,0,0,0
222.75,-0.25881904510252157,0.9659258262890681,2,-17.953958333333386,103.99734321626406,-1.3770000000000095,50.524,0.003105918912444772,0.00031992249033473006,0.0181490665991205,0.006504464649603474,0.0181490665991205,2026-02-03 23:00:00,2026-02-03,23,17_24,298.828,0,0,0
216.0,-2.4492935982947064e-16,1.0,2,-21.361083333333386,102.0534391768283,-4.211999999999989,77.55899999999997,0.0024422928151443483,0.00032002212732067575,0.015535767503994338,0.005521426946669876,0.015535767503994338,2026-02-04 00:00:00,2026-02-03,24,17_24,103.542,0,0,0
65.0,0.25881904510252074,0.9659258262890683,0,-20.200000000000053,102.53184101409126,33.54399999999998,5.677999999999997,0.0015200741464420112,0.00033134639525614904,0.024019455252405078,0.007794397377756585,0.024019455252405078,2026-02-04 01:00:00,2026-02-04,1,1_8,-85.069,0,0,0
71.2,0.49999999999999994,0.8660254037844387,0,-18.957333333333388,103.00623225580085,32.93099999999998,3.1070000000000277,0.0013610411643199998,0.0003310146494192496,0.02198140184097292,0.007135138761355576,0.02198140184097292,2026-02-04 02:00:00,2026-02-04,2,1_8,97.306,0,0,0
69.5,0.7071067811865476,0.7071067811865476,0,-20.00604166666672,102.61531290020335,4.661000000000001,29.829999999999984,0.0014283642656707583,0.00034569400650439973,0.04380130096950959,0.013707177173155864,0.04380130096950959,2026-02-04 03:00:00,2026-02-04,3,1_8,129.48,0,0,0
69.5,0.8660254037844386,0.5000000000000001,0,-21.463875000000055,102.35393658422618,-20.620000000000005,14.367999999999995,0.0014283642656707583,0.0003478815251446726,0.02175475030080826,0.007094086980001575,0.02175475030080826,2026-02-04 04:00:00,2026-02-04,4,1_8,-54.358,0,0,0
87.098,0.9659258262890683,0.25881904510252074,0,-25.51141666666672,101.40987418046058,-49.28499999999997,47.855999999999995,0.00112867638297465,0.0003478815251446726,0.036096502058190885,0.011306706142407528,0.036096502058190885,2026-02-04 05:00:00,2026-02-04,5,1_8,123.694,0,0,0
75.27,1.0,6.123233995736766e-17,0,-28.440791666666716,101.23418446268047,-56.30499999999995,14.0,0.0015611376555051183,0.0003478815251446726,0.04231591849242763,0.013302269454437693,0.04231591849242763,2026-02-04 06:00:00,2026-02-04,6,1_8,9.236,0,0,0
133.75,0.9659258262890683,-0.25881904510252063,0,-33.984291666666714,101.84968017643156,-108.53899999999999,24.504999999999995,0.0024877731688209056,0.0003478815251446726,0.034653222330360896,0.011281451259812409,0.034653222330360896,2026-02-04 07:00:00,2026-02-04,7,1_8,-80.0,0,0,0
283.0,0.8660254037844387,-0.4999999999999998,0,-34.65833333333338,101.46331808682454,13.432000000000016,29.60899999999998,0.0035246580640415103,0.0007881641314082528,0.009439608797579237,0.004204545711049525,0.009439608797579237,2026-02-04 08:00:00,2026-02-04,8,1_8,47.06,0,0,0
300.0,0.7071067811865476,-0.7071067811865475,1,-42.27345833333339,101.1099357144085,-125.34300000000002,57.420000000000016,0.014684846449784371,0.021600458650390588,0.025178451828385438,0.020599172943607177,0.025178451828385438,2026-02-04 09:00:00,2026-02-04,9,9_16,404.122,0,0,0
148.0,0.49999999999999994,-0.8660254037844387,1,-61.35954166666672,109.46147330373351,-325.0,133.06599999999997,0.004481163227578822,0.0006351541288137204,0.07020691523659205,0.022660485190776746,0.07020691523659205,2026-02-04 10:00:00,2026-02-04,10,9_16,392.015,0,0,1
50.0,0.258819045102521,-0.9659258262890682,1,-77.13608333333337,103.55025222815324,-220.32299999999998,158.31400000000002,0.031816144342231074,0.00018955115905884573,0.12987008674713799,0.04858168979043426,0.12987008674713799,2026-02-04 11:00:00,2026-02-04,11,9_16,59.325,0,0,0
0.0,1.2246467991473532e-16,-1.0,1,-69.90062500000005,104.64130705655921,28.35,-145.301,0.06239496207374496,0.00020745102128084153,0.32969141616239744,0.11770889387935504,0.32969141616239744,2026-02-04 12:00:00,2026-02-04,12,9_16,15.56,0,0,0
-7.84,-0.2588190451025208,-0.9659258262890683,1,-67.00241666666672,103.85019235414266,-60.943,-130.5,0.001787143053498603,0.00018954053505536864,0.19835977233193489,0.06011989082965219,0.19835977233193489,2026-02-04 13:00:00,2026-02-04,13,9_16,108.832,0,0,0
-0.5,-0.4999999999999997,-0.8660254037844388,1,-63.446166666666706,102.99891472271761,-46.275,-131.625,0.01655380559864939,0.00018954053505536864,0.2171677456899601,0.07019228160060499,0.2171677456899601,2026-02-04 14:00:00,2026-02-04,14,9_16,252.339,0,0,1
50.0,-0.7071067811865471,-0.7071067811865479,1,-63.05829166666672,102.42342301042173,-204.64100000000002,-213.95,0.009900235711241705,0.00019183109793204596,0.11549056002587836,0.037693971160308835,0.11549056002587836,2026-02-04 15:00:00,2026-02-04,15,9_16,355.701,0,0,1
290.75,-0.8660254037844385,-0.5000000000000004,1,-56.24700000000005,90.21842033979752,-143.321,-306.79200000000003,0.0083528159054298,0.007326356559461009,0.026252932494512618,0.01331226714376713,0.026252932494512618,2026-02-04 16:00:00,2026-02-04,16,9_16,511.258,1,0,1
362.5,-0.9659258262890683,-0.25881904510252063,2,-55.86345833333338,90.56313710477765,26.40300000000002,17.19799999999998,0.09535221475714353,0.004681838794496285,0.029430238420413778,0.039307471471065704,0.09535221475714353,2026-02-04 17:00:00,2026-02-04,17,17_24,597.318,1,0,1
500.0,-1.0,-1.8369701987210297e-16,2,-57.316416666666704,89.83079056804189,-30.456999999999994,4.413999999999987,0.4111614594128209,0.012112541969420538,0.016585215229779172,0.13316901918054821,0.4111614594128209,2026-02-04 18:00:00,2026-02-04,18,17_24,566.111,1,0,0
500.0,-0.9659258262890684,0.2588190451025203,2,-55.63291666666671,90.83384266360159,15.305999999999983,-25.098000000000013,0.5471841956329813,0.013711162695840733,0.020523587338080945,0.17579679996965494,0.5471841956329813,2026-02-04 19:00:00,2026-02-04,19,17_24,552.129,1,0,0
500.0,-0.8660254037844386,0.5000000000000001,2,-54.92825000000005,91.04073975746601,-21.237000000000023,-38.149,0.5033815281597981,0.01733935249536136,0.014821384350676209,0.16239661475128683,0.5033815281597981,2026-02-04 20:00:00,2026-02-04,20,17_24,561.596,1,0,0
487.5,-0.7071067811865477,0.7071067811865474,2,-53.128750000000046,92.10339064204189,19.387999999999977,-23.80000000000001,0.31573519222620317,0.015048642486287952,0.022019326168828148,0.10734581251302458,0.31573519222620317,2026-02-04 21:00:00,2026-02-04,21,17_24,563.703,1,0,0
490.5,-0.5000000000000004,0.8660254037844384,2,-49.04312500000005,95.23862805939392,66.82799999999997,-31.227000000000032,0.3706719971002109,0.017495860520705772,0.03906539243270095,0.1299195610681559,0.3706719971002109,2026-02-04 22:00:00,2026-02-04,22,17_24,564.937,1,0,0
443.175,-0.25881904510252157,0.9659258262890681,2,-45.81583333333339,98.1906709660003,76.07799999999997,-1.3770000000000095,0.09586133140680055,0.007982899981483613,0.02421281951093624,0.039215405267914484,0.09586133140680055,2026-02-04 23:00:00,2026-02-04,23,17_24,583.393,1,0,0
453.875,-2.4492935982947064e-16,1.0,2,-50.32608333333339,98.68140739330227,-112.458,-4.211999999999989,0.10045764110774383,0.014451517909661425,0.015555217600872787,0.04058446477644956,0.10045764110774383,2026-02-05 00:00:00,2026-02-04,24,17_24,548.425,1,0,0
435.5,0.25881904510252074,0.9659258262890683,0,-57.97662500000005,99.01343418678925,-150.06900000000002,33.54399999999998,0.07108128367271882,0.0020345056430756954,0.014487237295726974,0.026484358547764014,0.07108128367271882,2026-02-05 01:00:00,2026-02-05,1,1_8,529.654,1,0,0
447.875,0.49999999999999994,0.8660254037844387,0,-58.26100000000005,98.75043954156287,26.105999999999995,32.93099999999998,0.12065453520959409,0.0056867522537495645,0.03947201900098391,0.050312667164673225,0.12065453520959409,2026-02-05 02:00:00,2026-02-05,2,1_8,514.808,1,0,0
520.16,0.7071067811865476,0.7071067811865476,0,-55.956041666666714,100.90507423121286,59.97999999999999,4.661000000000001,0.7557551282449334,0.026495455486938428,0.04282874090046365,0.2501733429383945,0.7557551282449334,2026-02-05 03:00:00,2026-02-05,3,1_8,542.683,1,0,0
469.5,0.8660254037844386,0.5000000000000001,0,-60.25762500000005,101.53177600132572,-123.858,-20.620000000000005,0.26977887423478736,0.015477735436184303,0.03130049444036507,0.09651490477701945,0.26977887423478736,2026-02-05 04:00:00,2026-02-05,4,1_8,523.626,1,0,0
497.0,0.9659258262890683,0.25881904510252074,0,-56.679250000000046,103.43093623629771,36.596000000000004,-49.28499999999997,0.6072346314367435,0.029444290029103183,0.01604842584498958,0.19876263319616116,0.6072346314367435,2026-02-05 05:00:00,2026-02-05,5,1_8,518.266,1,0,0
435.5,1.0,6.123233995736766e-17,0,-57.08462500000005,103.4484695323816,-66.03399999999999,-56.30499999999995,0.1654809728997286,0.0055161190687903995,0.016482678670991072,0.05679554309873206,0.1654809728997286,2026-02-05 06:00:00,2026-02-05,6,1_8,458.473,0,0,0
400.908,0.9659258262890683,-0.25881904510252063,0,-61.46841666666672,107.85895347524492,-213.75,-108.53899999999999,0.09624943263493398,0.007397929719366609,0.01218731553391902,0.035490196338402544,0.09624943263493398,2026-02-05 07:00:00,2026-02-05,7,1_8,433.025,0,0,0
394.75,0.8660254037844387,-0.4999999999999998,0,-71.85891666666672,112.2518324897049,-235.94,13.432000000000016,0.06329939872458823,0.0029522964721843585,0.012883570828797668,0.024035809454889513,0.06329939872458823,2026-02-05 08:00:00,2026-02-05,8,1_8,542.76,1,0,0
345.958,0.7071067811865476,-0.7071067811865475,1,-62.297875000000055,117.16315474262481,104.12200000000001,-125.34300000000002,0.05133783801392003,0.004406454332082346,0.030197399883630887,0.02622315310209821,0.05133783801392003,2026-02-05 09:00:00,2026-02-05,9,9_16,258.098,0,0,0
154.558,0.49999999999999994,-0.8660254037844387,1,-38.58891666666671,119.24584197615098,244.015,-325.0,0.021218958923004527,0.0004955053388582521,0.2937875904084084,0.09470016693496718,0.2937875904084084,2026-02-05 10:00:00,2026-02-05,10,9_16,-80.0,0,0,0
3.395,0.258819045102521,-0.9659258262890682,1,-29.020250000000058,113.08349555902296,9.325000000000003,-220.32299999999998,0.01690624016623133,0.00018835643533892524,0.13385597194998353,0.045304006209000026,0.13385597194998353,2026-02-05 11:00:00,2026-02-05,11,9_16,-75.602,0,0,0
-50.0,1.2246467991473532e-16,-1.0,1,-29.553166666666716,112.83123360390708,15.56,28.35,0.0009473344086445884,0.00020745102128084153,0.07712065531025664,0.023503377324182704,0.07712065531025664,2026-02-05 12:00:00,2026-02-05,12,9_16,100.388,0,0,0
-50.0,-0.2588190451025208,-0.9659258262890683,1,-22.152541666666718,116.44973221952011,116.672,-60.943,0.0009827071136283376,0.00018985017629542287,0.07604314861518388,0.023183696789161833,0.07604314861518388,2026-02-05 13:00:00,2026-02-05,13,9_16,-58.771,0,0,0
-50.0,-0.4999999999999997,-0.8660254037844388,1,-9.689458333333386,129.07749532168535,252.839,-46.275,0.000846519104330421,0.00021127581160198475,0.08580314353581035,0.026079409116683022,0.08580314353581035,2026-02-05 14:00:00,2026-02-05,14,9_16,-80.0,0,0,0
-50.0,-0.7071067811865471,-0.7071067811865479,1,11.574791666666615,137.33741266485347,305.701,-204.64100000000002,0.0020553065054631837,0.0002818769305307926,0.06007633871164398,0.018752244337344466,0.06007633871164398,2026-02-05 15:00:00,2026-02-05,15,9_16,-80.0,0,0,0
29.375,-0.8660254037844385,-0.5000000000000004,1,26.73433333333328,139.55844832672133,220.50799999999998,-143.321,0.0065916623627339495,0.0004694472100721668,0.13498578650949497,0.04266101354569754,0.13498578650949497,2026-02-05 16:00:00,2026-02-05,16,9_16,-80.0,0,0,0
193.0,-0.9659258262890683,-0.25881904510252063,2,35.41829166666661,145.87810975947704,234.81799999999998,26.40300000000002,0.00692728436566321,0.001608523174401931,0.0875135781634832,0.02897566802850469,0.0875135781634832,2026-02-05 17:00:00,2026-02-05,17,17_24,-80.0,0,0,0
225.0,-1.0,-1.8369701987210297e-16,2,39.441958333333275,145.3128046829464,66.11099999999999,-30.456999999999994,0.014332380565992522,0.0008207549793434594,0.07031835357328016,0.02572352223351919,0.07031835357328016,2026-02-05 18:00:00,2026-02-05,18,17_24,104.184,0,0,0
205.0,-0.9659258262890684,0.2588190451025203,2,40.97624999999994,145.24126510149404,52.12900000000002,15.305999999999983,0.00490066008501002,0.0008586362455117799,0.06900526599947118,0.022515232323549073,0.06900526599947118,2026-02-05 19:00:00,2026-02-05,19,17_24,275.46,0,0,0
190.0,-0.8660254037844386,0.5000000000000001,2,44.42762499999995,144.68171587550106,61.596000000000004,-21.237000000000023,0.005291543361521717,0.0013198334113686124,0.031466331936000715,0.011555295953804173,0.031466331936000715,2026-02-05 20:00:00,2026-02-05,20,17_24,291.964,0,0,0
150.0,-0.7071067811865477,0.7071067811865474,2,46.794916666666616,144.7190034184433,76.20299999999997,19.387999999999977,0.004122535921171172,0.0005064546077592892,0.03530838440908391,0.01203185794218024,0.03530838440908391,2026-02-05 21:00:00,2026-02-05,21,17_24,317.765,0,0,0
237.47,-0.5000000000000004,0.8660254037844384,2,47.111958333333284,144.77312338140234,74.43700000000001,66.82799999999997,0.007709650764525711,0.000438730462579126,0.03115096956862065,0.011833678284975557,0.03115096956862065,2026-02-05 22:00:00,2026-02-05,22,17_24,335.145,0,0,0
150.0,-0.25881904510252157,0.9659258262890681,2,49.78445833333328,145.91856068547207,140.21800000000002,76.07799999999997,0.003969828236042831,0.0003603184353779042,0.03166615603626995,0.010834922655844997,0.03166615603626995,2026-02-05 23:00:00,2026-02-05,23,17_24,352.038,0,0,1
107.5,-2.4492935982947064e-16,1.0,2,58.40979166666662,141.97627351380805,94.54999999999995,-112.458,0.004249442968301183,0.0003586874515972308,0.05014255701825916,0.016461074976606996,0.05014255701825916,2026-02-06 00:00:00,2026-02-05,24,17_24,335.166,0,0,1
0.0,0.25881904510252074,0.9659258262890683,0,68.58574999999995,134.9631302829064,94.154,-150.06900000000002,0.001622658536624804,0.0001561810986583338,0.08877002702976522,0.02718027810938034,0.08877002702976522,2026-02-06 01:00:00,2026-02-06,1,1_8,306.237,0,0,1
0.125,0.49999999999999994,0.8660254037844387,0,70.28687499999995,134.6613822365312,66.93299999999999,26.105999999999995,0.001062921454528286,0.0001561810986583338,0.03156204947360025,0.009849963717901894,0.03156204947360025,2026-02-06 02:00:00,2026-02-06,2,1_8,215.634,0,0,1
100.0,0.7071067811865476,0.7071067811865476,0,68.72616666666663,135.00265980396395,22.523000000000025,59.97999999999999,0.001063573512540168,0.000422568751642897,0.030660021925604738,0.00968610613210063,0.030660021925604738,2026-02-06 03:00:00,2026-02-06,3,1_8,-7.566,0,0,0
62.5,0.8660254037844386,0.5000000000000001,0,76.14216666666663,128.705273669414,54.125999999999976,-123.858,0.001100027337296933,0.00015641177239940213,0.016740939252260032,0.00541485468582685,0.016740939252260032,2026-02-06 04:00:00,2026-02-06,4,1_8,224.084,0,0,0
17.5,0.9659258262890683,0.25881904510252074,0,75.50341666666661,128.9478819809925,21.265999999999963,36.596000000000004,0.0009916217955796697,0.00015641177239940213,0.052125604020077175,0.01599773245365681,0.052125604020077175,2026-02-06 05:00:00,2026-02-06,5,1_8,235.456,0,0,1
21.875,1.0,6.123233995736766e-17,0,79.21204166666662,125.94517525718611,22.973000000000013,-66.03399999999999,0.001183047140351188,0.00015641177239940213,0.07373228591405072,0.022537164625280333,0.07373228591405072,2026-02-06 06:00:00,2026-02-06,6,1_8,81.135,0,0,0
20.705,0.9659258262890683,-0.25881904510252063,0,89.45649999999995,110.07955932711627,32.11699999999996,-213.75,0.0015048149960564508,0.00015641177239940213,0.04985594818192741,0.015470793662354917,0.04985594818192741,2026-02-06 07:00:00,2026-02-06,7,1_8,-43.791,0,0,0
153.358,0.8660254037844387,-0.4999999999999998,0,105.4544166666666,85.99948074257611,148.01,-235.94,0.002241023833571938,0.00034967536165434664,0.021264435244241486,0.007191507868005766,0.021264435244241486,2026-02-06 08:00:00,2026-02-06,8,1_8,313.907,0,0,0
321.25,0.7071067811865476,-0.7071067811865475,1,97.45516666666661,94.62487083842365,-87.86000000000001,104.12200000000001,0.017995729144732943,0.011745379384727188,0.010028431068646152,0.013105399817904604,0.017995729144732943,2026-02-06 09:00:00,2026-02-06,9,9_16,238.346,0,0,0
275.5,0.49999999999999994,-0.8660254037844387,1,77.51462499999995,111.34530610625964,-234.558,244.015,0.01395702506040913,0.0066881917858053795,0.01827899942040554,0.012346084058566553,0.01827899942040554,2026-02-06 10:00:00,2026-02-06,10,9_16,6.56,0,0,0
200.0,0.258819045102521,-0.9659258262890682,1,73.83454166666661,115.09351715508801,-78.997,9.325000000000003,0.003217475114964222,0.0005809948666215901,0.0405086887188149,0.013350247096782371,0.0405086887188149,2026-02-06 11:00:00,2026-02-06,11,9_16,-35.989,0,0,0
200.0,1.2246467991473532e-16,-1.0,1,79.45237499999995,115.41550182966027,150.388,15.56,0.005516484974084137,0.0007336452851568412,0.06737815759227724,0.022161850883971147,0.06737815759227724,2026-02-06 12:00:00,2026-02-06,12,9_16,33.697,0,0,0
200.0,-0.2588190451025208,-0.9659258262890683,1,74.22558333333328,116.4920923652968,-8.771,116.672,0.0035093769154029395,0.000725100621222816,0.07346040516015437,0.02338097487115632,0.07346040516015437,2026-02-06 13:00:00,2026-02-06,13,9_16,-22.416,0,0,0
207.56,-0.4999999999999997,-0.8660254037844388,1,62.44062499999995,111.85128873363459,-30.0,252.839,0.008798584929555995,0.000725100621222816,0.053285693243732696,0.018915323700475734,0.053285693243732696,2026-02-06 14:00:00,2026-02-06,14,9_16,318.202,0,0,0
329.513,-0.7071067811865471,-0.7071067811865479,1,48.453083333333275,100.52479157376625,-30.0,305.701,0.05897621225512039,0.03185198619106646,0.052584770046918576,0.046209089167038274,0.05897621225512039,2026-02-06 15:00:00,2026-02-06,15,9_16,393.672,0,0,0
408.0,-0.8660254037844385,-0.5000000000000004,1,34.70795833333328,98.50908191434296,-109.375,220.50799999999998,0.16828325999542204,0.01605422413286095,0.04636712446695458,0.07081680499185737,0.16828325999542204,2026-02-06 16:00:00,2026-02-06,16,9_16,449.486,0,0,0
450.25,-0.9659258262890683,-0.25881904510252063,2,13.548874999999951,107.76143085066896,-273.0,234.81799999999998,0.4797578309016097,0.08676426400657694,0.07788063688663825,0.20199724593910517,0.4797578309016097,2026-02-06 17:00:00,2026-02-06,17,17_24,484.098,0,0,0
500.0,-1.0,-1.8369701987210297e-16,2,5.760249999999949,110.51722979197,-120.816,66.11099999999999,0.37697432917959905,0.04604955031532268,0.171786656305773,0.18304811577174068,0.37697432917959905,2026-02-06 18:00:00,2026-02-06,18,17_24,557.422,1,0,0
488.0,-0.9659258262890684,0.2588190451025203,2,6.524041666666613,110.91425036230812,70.45999999999998,52.12900000000002,0.4801159561703961,0.05595297239445183,0.10620216406266778,0.19827662502769988,0.4801159561703961,2026-02-06 19:00:00,2026-02-06,19,17_24,607.192,1,0,0
491.375,-0.8660254037844386,0.5000000000000001,2,8.206041666666612,112.08562285048248,101.964,61.596000000000004,0.5366682716406438,0.05061421084818344,0.07115393381385292,0.20259234597562237,0.5366682716406438,2026-02-06 20:00:00,2026-02-06,20,17_24,700.547,1,0,1
501.0,-0.7071067811865477,0.7071067811865474,2,12.021124999999946,115.99090214072088,167.765,76.20299999999997,0.49419047864122945,0.058360741471560826,0.08031285718637428,0.19569529733690544,0.49419047864122945,2026-02-06 21:00:00,2026-02-06,21,17_24,470.133,0,0,0
476.5,-0.5000000000000004,0.8660254037844384,2,12.989374999999946,116.62981205574079,97.67499999999998,74.43700000000001,0.4076268525248762,0.02678050294968989,0.08031285718637428,0.15709411409325108,0.4076268525248762,2026-02-06 22:00:00,2026-02-06,22,17_24,459.784,0,0,0
460.0,-0.25881904510252157,0.9659258262890681,2,15.56520833333328,120.1902155393246,202.038,140.21800000000002,0.3275203035834608,0.032677683702397056,0.13100757081162395,0.15062943579948423,0.3275203035834608,2026-02-06 23:00:00,2026-02-06,23,17_24,449.819,0,0,0
460.0,-2.4492935982947064e-16,1.0,2,21.11170833333328,126.87903218333838,227.666,94.54999999999995,0.3741331795162403,0.02486523410926072,0.02676390479332167,0.13021521893657287,0.3741331795162403,2026-02-07 00:00:00,2026-02-06,24,17_24,439.867,0,0,0
430.5,0.25881904510252074,0.9659258262890683,0,29.94849999999995,138.99448923514547,306.237,94.154,0.21511308837834908,0.0034095462730572824,0.03589118427742386,0.07666510030595479,0.21511308837834908,2026-02-07 01:00:00,2026-02-07,1,1_8,426.331,0,0,0
431.0,0.49999999999999994,0.8660254037844387,0,36.13916666666662,143.9342884938531,215.509,66.93299999999999,0.1739557293355726,0.0037363967325047273,0.019879266915730248,0.059645057568392744,0.1739557293355726,2026-02-07 02:00:00,2026-02-07,2,1_8,413.804,0,0,0
433.13,0.7071067811865476,0.7071067811865476,0,30.718791666666615,146.88852177401253,-107.566,22.523000000000025,0.09277236417755169,0.005351781307765699,0.00959237353769603,0.032850133837680595,0.09277236417755169,2026-02-07 03:00:00,2026-02-07,3,1_8,425.447,0,0,0
435.0,0.8660254037844386,0.5000000000000001,0,35.19620833333328,149.25177752578605,161.584,54.125999999999976,0.1771101727036625,0.006531417487318012,0.02048177923754923,0.061890152577290726,0.1771101727036625,2026-02-07 04:00:00,2026-02-07,4,1_8,406.976,0,0,0
430.0,0.9659258262890683,0.25881904510252074,0,43.39162499999995,153.7848971237906,217.956,21.265999999999963,0.17613958897288196,0.005332901649621062,0.030466448534985563,0.06411497191220868,0.17613958897288196,2026-02-07 05:00:00,2026-02-07,5,1_8,403.547,0,0,0
430.0,1.0,6.123233995736766e-17,0,44.90358333333328,153.7537975584499,59.260000000000005,22.973000000000013,0.13847316002953322,0.005332901649621062,0.02114191969753746,0.05001768457796963,0.13847316002953322,2026-02-07 06:00:00,2026-02-07,6,1_8,399.842,0,0,0
399.5,0.9659258262890683,-0.25881904510252063,0,40.87804166666662,155.3594917444216,-64.496,32.11699999999996,0.0541621749573128,0.004911058334591907,0.025309502355402237,0.025805926527651273,0.0541621749573128,2026-02-07 07:00:00,2026-02-07,7,1_8,379.188,0,0,0
412.625,0.8660254037844387,-0.4999999999999998,0,41.400499999999944,155.7560075181688,160.54899999999998,148.01,0.11646385153816248,0.0062419408775160005,0.04348348096107362,0.050480976100777224,0.11646385153816248,2026-02-07 08:00:00,2026-02-07,8,1_8,411.675,0,0,0
366.875,0.7071067811865476,-0.7071067811865475,1,41.60699999999995,155.58037034446727,-82.904,-87.86000000000001,0.0367275264847444,0.009240712931239244,0.028083115658530795,0.023139477815478253,0.0367275264847444,2026-02-07 09:00:00,2026-02-07,9,9_16,418.944,0,0,0
203.5,0.49999999999999994,-0.8660254037844387,1,40.17441666666662,158.36719364705803,-268.94,-234.558,0.001816662604329494,0.0003463674073146317,0.03280527561802193,0.01052512842963128,0.03280527561802193,2026-02-07 10:00:00,2026-02-07,10,9_16,354.292,0,0,0
28.9,0.258819045102521,-0.9659258262890682,1,33.63308333333328,166.5351945693566,-235.989,-78.997,0.00459375082304566,0.0001697043158357942,0.07137812635648973,0.022859444880194934,0.07137812635648973,2026-02-07 11:00:00,2026-02-07,11,9_16,27.867,0,0,0
-10.0,1.2246467991473532e-16,-1.0,1,20.43762499999995,169.40370840014882,-166.303,150.388,0.0011531447732588548,0.00016970503401367675,0.03240315402127506,0.010134771651965645,0.03240315402127506,2026-02-07 12:00:00,2026-02-07,12,9_16,-74.921,0,0,0
0.0,-0.2588190451025208,-0.9659258262890683,1,11.53574999999995,176.4712165186911,-222.416,-8.771,0.004376400646871164,0.0001696948040235859,0.064901663009366,0.020851297018480586,0.064901663009366,2026-02-07 13:00:00,2026-02-07,13,9_16,-78.023,0,0,0
-10.0,-0.4999999999999997,-0.8660254037844388,1,17.395833333333286,177.3648576033778,110.642,-30.0,0.001972651559286325,0.00018915473168879077,0.14680584207929098,0.04470920998424871,0.14680584207929098,2026-02-07 14:00:00,2026-02-07,14,9_16,-77.593,0,0,0
-0.5,-0.7071067811865471,-0.7071067811865479,1,21.319124999999953,177.31227034107158,64.15900000000005,-30.0,0.00866636134967362,0.00017533538618188572,0.13979604816823563,0.04460885700984553,0.13979604816823563,2026-02-07 15:00:00,2026-02-07,15,9_16,-80.0,0,0,0
48.0,-0.8660254037844385,-0.5000000000000004,1,27.60499999999995,175.1383556257857,41.48599999999999,-109.375,0.007061486265943237,0.0004126740912269479,0.195068221952774,0.060803982102105955,0.195068221952774,2026-02-07 16:00:00,2026-02-07,16,9_16,-80.0,0,0,0
345.0,-0.9659258262890683,-0.25881904510252063,2,40.39033333333329,163.02062527835176,33.84800000000001,-273.0,0.031927666606666585,0.010542179543297638,0.05862908981681401,0.03138389874436323,0.05862908981681401,2026-02-07 17:00:00,2026-02-07,17,17_24,27.206,0,0,0
421.25,-1.0,-1.8369701987210297e-16,2,47.81691666666662,159.37657818810496,57.422000000000025,-120.816,0.24942956024909768,0.060371956097396574,0.08783791663917818,0.1253290255054414,0.24942956024909768,2026-02-07 18:00:00,2026-02-07,18,17_24,381.896,0,0,0
420.0,-0.9659258262890684,0.2588190451025203,2,49.847416666666625,159.98686053328555,119.19200000000001,70.45999999999998,0.22628036861628545,0.07657691934961743,0.08098564255168965,0.12281057109023949,0.22628036861628545,2026-02-07 19:00:00,2026-02-07,19,17_24,388.2,0,0,0
444.5,-0.8660254037844386,0.5000000000000001,2,54.314416666666624,162.97406888371648,209.17200000000003,101.964,0.47368571940243087,0.029047854474673215,0.11407407767468375,0.18794708091300366,0.47368571940243087,2026-02-07 20:00:00,2026-02-07,20,17_24,379.826,0,0,0
438.283,-0.7071067811865477,0.7071067811865474,2,46.0380833333333,162.0028821804576,-30.86700000000002,167.765,0.16988861285295648,0.017185151270045912,0.03957213466940831,0.0697122847647278,0.16988861285295648,2026-02-07 21:00:00,2026-02-07,21,17_24,379.108,0,0,0
460.0,-0.5000000000000004,0.8660254037844384,2,41.27179166666662,162.10033944952187,-16.716000000000008,97.67499999999998,0.2422942920561156,0.0322749768473366,0.06478200238648282,0.10503287907171417,0.2422942920561156,2026-02-07 22:00:00,2026-02-07,22,17_24,393.655,0,0,0
440.0,-0.25881904510252157,0.9659258262890681,2,32.4293333333333,158.7019409630806,-10.180999999999983,202.038,0.09637208404540236,0.012247423430950283,0.033603503545174884,0.043891645649553286,0.09637208404540236,2026-02-07 23:00:00,2026-02-07,23,17_24,415.187,0,0,0
449.0,-2.4492935982947064e-16,1.0,2,22.10437499999996,153.4207015153489,-20.13299999999998,227.666,0.21867378840612492,0.012467349319891281,0.045399454168619464,0.08420891250037982,0.21867378840612492,2026-02-08 00:00:00,2026-02-07,24,17_24,403.629,0,0,0
425.6,0.25881904510252074,0.9659258262890683,0,9.170791666666625,141.00820941348766,-4.168999999999983,306.237,0.0697549369029321,0.005252035969805744,0.023805709051319207,0.030169008174197688,0.0697549369029321,2026-02-08 01:00:00,2026-02-08,1,1_8,441.664,0,0,0
413.6,0.49999999999999994,0.8660254037844387,0,-0.5252500000000424,134.0310933935943,-17.196000000000026,215.509,0.041417964941288674,0.0033218020194404796,0.01902487972896234,0.019461574208851494,0.041417964941288674,2026-02-08 02:00:00,2026-02-08,2,1_8,413.101,0,0,0
414.75,0.7071067811865476,0.7071067811865476,0,3.636541666666625,132.09968253622677,-7.682999999999993,-107.566,0.057697141697753834,0.0034645004753240077,0.007224104907666254,0.020862174171755628,0.057697141697753834,2026-02-08 03:00:00,2026-02-08,3,1_8,422.227,0,0,0
414.6,0.8660254037844386,0.5000000000000001,0,-4.263791666666709,127.84408384467748,-28.024,161.584,0.05898778490432843,0.005691639049175167,0.006435117427921774,0.02190352631934513,0.05898778490432843,2026-02-08 04:00:00,2026-02-08,4,1_8,405.165,0,0,0
400.5,0.9659258262890683,0.25881904510252074,0,-14.44750000000004,118.78666664893406,-26.452999999999975,217.956,0.04544146684086515,0.004342922304309513,0.059381299947419114,0.03318399895820908,0.059381299947419114,2026-02-08 05:00:00,2026-02-08,5,1_8,389.006,0,0,0
423.54,1.0,6.123233995736766e-17,0,-18.173250000000042,117.77228121740673,-30.158000000000015,59.260000000000005,0.08117047881306112,0.0037083102662624854,0.012751815229004775,0.029660012319124764,0.08117047881306112,2026-02-08 06:00:00,2026-02-08,6,1_8,375.349,0,0,0
349.5,0.9659258262890683,-0.25881904510252063,0,-16.33225000000004,117.3613093552842,-20.312000000000012,-64.496,0.010213596759534217,0.002248143809055774,0.009759816053929393,0.006891281367661392,0.010213596759534217,2026-02-08 07:00:00,2026-02-08,7,1_8,351.596,0,0,0
361.5,0.8660254037844387,-0.4999999999999998,0,-23.061375000000044,111.24932037459617,-0.9499999999999886,160.54899999999998,0.013869224918532468,0.0021039028690826704,0.016178406033727374,0.009855850433311022,0.016178406033727374,2026-02-08 08:00:00,2026-02-08,8,1_8,380.299,0,0,0
314.3,0.7071067811865476,-0.7071067811865475,1,-17.43750000000004,111.5039133117123,52.06900000000002,-82.904,0.015977533633795993,0.006278223975566321,0.0219428957472341,0.013887418404535556,0.0219428957472341,2026-02-08 09:00:00,2026-02-08,9,9_16,147.389,0,0,0
85.0,0.49999999999999994,-0.8660254037844387,1,0.051333333333291854,102.92860672611626,150.79199999999997,-268.94,0.005438594174198131,0.0004955053388582521,0.10608878431747866,0.03365641568304634,0.10608878431747866,2026-02-08 10:00:00,2026-02-08,10,9_16,-80.0,0,0,0
-33.875,0.258819045102521,-0.9659258262890682,1,9.841166666666625,89.84402248083086,-1.0329999999999977,-235.989,0.0015132888306092747,0.00018955115905884573,0.06674430179976937,0.02055309765273713,0.06674430179976937,2026-02-08 11:00:00,2026-02-08,11,9_16,-80.0,0,0,0
-50.5,1.2246467991473532e-16,-1.0,1,14.065416666666627,83.35079453413044,-64.921,-166.303,0.0008475689587116149,0.00018955196121138456,0.06400852062573774,0.01953264765981936,0.06400852062573774,2026-02-08 12:00:00,2026-02-08,12,9_16,-80.0,0,0,0
-42.0,-0.2588190451025208,-0.9659258262890683,1,20.08179166666662,69.61923068219457,-78.023,-222.416,0.001204620260153709,0.00018954053505536864,0.042586900508728785,0.013213272444686895,0.042586900508728785,2026-02-08 13:00:00,2026-02-08,13,9_16,-80.0,0,0,0
-43.0,-0.4999999999999997,-0.8660254037844388,1,12.65533333333329,69.04293573325572,-67.593,110.642,0.0017880366046127828,0.00018954053505536864,0.0734751131346413,0.022654761135798375,0.0734751131346413,2026-02-08 14:00:00,2026-02-08,14,9_16,-80.0,0,0,0
-44.0,-0.7071067811865471,-0.7071067811865479,1,6.669541666666622,70.59356583378137,-79.5,64.15900000000005,0.0031503222124115993,0.0001991721679346626,0.0722803063582493,0.022708857438372133,0.0722803063582493,2026-02-08 15:00:00,2026-02-08,15,9_16,-80.0,0,0,0
29.0,-0.8660254037844385,-0.5000000000000004,1,-0.3923750000000433,75.28097774269759,-128.0,41.48599999999999,0.007706457075852303,0.0002470472549927483,0.2053872489550702,0.06402693071127386,0.2053872489550702,2026-02-08 16:00:00,2026-02-08,16,9_16,-80.0,0,0,0
366.753,-0.9659258262890683,-0.25881904510252063,2,-15.044125000000044,98.85549546568501,-317.794,33.84800000000001,0.023866260322989677,0.004739275727185193,0.028527264850909697,0.017613767843043887,0.028527264850909697,2026-02-08 17:00:00,2026-02-08,17,17_24,147.723,0,0,0
430.0,-1.0,-1.8369701987210297e-16,2,-19.076458333333377,97.73851634667942,-39.353999999999985,57.422000000000025,0.15557615324761376,0.011178590996295297,0.024928710112387942,0.05862289540651862,0.15557615324761376,2026-02-08 18:00:00,2026-02-08,18,17_24,366.209,0,0,0
480.0,-0.9659258262890684,0.2588190451025203,2,-25.367791666666715,93.205846342559,-31.80000000000001,119.19200000000001,0.28756898096012257,0.015345933903536176,0.02144692145106824,0.09884314428477171,0.28756898096012257,2026-02-08 19:00:00,2026-02-08,19,17_24,388.549,0,0,0
446.395,-0.8660254037844386,0.5000000000000001,2,-36.77804166666672,78.91106662978325,-64.67399999999998,209.17200000000003,0.27719814094992784,0.01653668156113926,0.0145720384990192,0.09414572645913981,0.27719814094992784,2026-02-08 20:00:00,2026-02-08,20,17_24,401.532,0,0,0
462.5,-0.7071067811865477,0.7071067811865474,2,-37.957541666666714,79.03034422349982,-59.17500000000001,-30.86700000000002,0.17800994726642103,0.02067820438004271,0.019249505771866432,0.06744911766350332,0.17800994726642103,2026-02-08 21:00:00,2026-02-08,21,17_24,397.792,0,0,0
400.0,-0.5000000000000004,0.8660254037844384,2,-40.02541666666671,79.0996372815921,-66.34500000000003,-16.716000000000008,0.03936470415304201,0.0033639545732366866,0.01707914889821907,0.018278737744673,0.03936470415304201,2026-02-08 22:00:00,2026-02-08,22,17_24,396.451,0,0,0
341.45,-0.25881904510252157,0.9659258262890681,2,-40.63508333333338,78.91578284525494,-24.812999999999988,-10.180999999999983,0.012158928951028696,0.001365872194286568,0.007753865394374062,0.006520187181335454,0.012158928951028696,2026-02-08 23:00:00,2026-02-08,23,17_24,380.985,0,0,0
288.0,-2.4492935982947064e-16,1.0,2,-41.68666666666671,78.79877278158447,-45.37099999999998,-20.13299999999998,0.01070402493585926,0.0007747095940675362,0.007945804656295645,0.005904832715273485,0.01070402493585926,2026-02-09 00:00:00,2026-02-08,24,17_24,179.661,0,0,0
177.5,0.25881904510252074,0.9659258262890683,0,-40.843625000000046,79.32409539615438,16.063999999999965,-4.168999999999983,0.0012940064404558878,0.0003460404590314668,0.008358144763506778,0.0030340615448013865,0.008358144763506778,2026-02-09 01:00:00,2026-02-09,1,1_8,-59.776,0,0,0
200.2,0.49999999999999994,0.8660254037844387,0,-40.14791666666671,79.61320649015873,-0.49900000000002365,-17.196000000000026,0.0013082303088737409,0.00032137023271126185,0.006791311005765352,0.0025584104874762327,0.006791311005765352,2026-02-09 02:00:00,2026-02-09,2,1_8,-80.0,0,0,0
165.0,0.7071067811865476,0.7071067811865476,0,-39.51625000000005,79.94145322413573,7.476999999999975,-7.682999999999993,0.0011557375867309507,0.00034569400650439973,0.008681813983699119,0.0030895430737307807,0.008681813983699119,2026-02-09 03:00:00,2026-02-09,3,1_8,-80.0,0,0,0
179.0,0.8660254037844386,0.5000000000000001,0,-38.74170833333338,80.14742897472621,-9.435000000000002,-28.024,0.0012756003818678952,0.0003264874225529672,0.005762288445115983,0.00224196161711635,0.005762288445115983,2026-02-09 04:00:00,2026-02-09,4,1_8,-80.0,0,0,0
155.0,0.9659258262890683,0.25881904510252074,0,-38.11841666666672,80.30516253257808,-11.494000000000028,-26.452999999999975,0.0012756003818678952,0.0003264874225529672,0.011308454526767603,0.003905811441611836,0.011308454526767603,2026-02-09 05:00:00,2026-02-09,5,1_8,-80.0,0,0,0
153.5,1.0,6.123233995736766e-17,0,-38.86979166666672,80.31180516720629,-48.19100000000003,-30.158000000000015,0.0022207813462201058,0.0003264874225529672,0.02080345456371108,0.0070378657420005425,0.02080345456371108,2026-02-09 06:00:00,2026-02-09,6,1_8,-80.0,0,0,0
150.0,0.9659258262890683,-0.25881904510252063,0,-37.936125000000054,80.66639890545954,2.0960000000000036,-20.312000000000012,0.0022888821290431454,0.0003244298820831567,0.0197716217605262,0.006747923119704066,0.0197716217605262,2026-02-09 07:00:00,2026-02-09,7,1_8,-80.0,0,0,0
165.5,0.8660254037844387,-0.4999999999999998,0,-37.11325000000005,81.15932049999843,18.798999999999978,-0.9499999999999886,0.00193935656369319,0.00033060184101204774,0.01852430829582327,0.006271340194259757,0.01852430829582327,2026-02-09 08:00:00,2026-02-09,8,1_8,60.058,0,0,0
105.0,0.7071067811865476,-0.7071067811865475,1,-46.23741666666672,82.98590350850498,-166.911,52.06900000000002,0.004546033132461351,0.0007280482600029702,0.035140275216213095,0.012197111808603521,0.035140275216213095,2026-02-09 09:00:00,2026-02-09,9,9_16,-71.802,0,0,0
50.0,0.49999999999999994,-0.8660254037844387,1,-59.39541666666671,75.04258304103547,-165.0,150.79199999999997,0.004037593771389481,0.000206003629368312,0.061602705670730694,0.019774491284383376,0.061602705670730694,2026-02-09 10:00:00,2026-02-09,10,9_16,-80.0,0,0,0
0.0,0.258819045102521,-0.9659258262890682,1,-61.27425000000005,74.0760963394467,-46.125,-1.0329999999999977,0.005928578029618116,0.00018955115905884573,0.13724419373155802,0.043027651991976376,0.13724419373155802,2026-02-09 11:00:00,2026-02-09,11,9_16,-70.395,0,0,0
-2.0,1.2246467991473532e-16,-1.0,1,-59.79837500000005,74.3526240973195,-29.5,-64.921,0.005554979515024877,0.00018955196121138456,0.1423876972452231,0.04445862381255894,0.1423876972452231,2026-02-09 12:00:00,2026-02-09,12,9_16,-66.315,0,0,0
0.0,-0.2588190451025208,-0.9659258262890683,1,-58.130750000000056,74.37492599177695,-38.0,-78.023,0.005554979515024877,0.00018954053505536864,0.15608415287762858,0.048567555931818183,0.15608415287762858,2026-02-09 13:00:00,2026-02-09,13,9_16,-66.425,0,0,0
31.5,-0.4999999999999997,-0.8660254037844388,1,-56.85604166666672,74.46780992422784,-37.0,-67.593,0.005189341827449645,0.00018954053505536864,0.17963685336870167,0.05552367477286754,0.17963685336870167,2026-02-09 14:00:00,2026-02-09,14,9_16,-76.885,0,0,0
100.0,-0.7071067811865471,-0.7071067811865479,1,-55.04354166666672,74.422074891898,-36.0,-79.5,0.00626601902384015,0.00068795711685521,0.17776017783627374,0.05548304190477625,0.17776017783627374,2026-02-09 15:00:00,2026-02-09,15,9_16,-80.0,0,0,0
240.48,-0.8660254037844385,-0.5000000000000004,1,-54.25187500000005,73.70990530882241,-109.0,-128.0,0.01025198310738136,0.0021274253567052,0.05789219912375171,0.021294224812022,0.05789219912375171,2026-02-09 16:00:00,2026-02-09,16,9_16,-80.0,0,0,0
357.5,-0.9659258262890683,-0.25881904510252063,2,-50.13670833333339,59.80162922855193,-219.02999999999997,-317.794,0.016883508313799696,0.002485646009718895,0.013055222586429546,0.009975877673956331,0.016883508313799696,2026-02-09 17:00:00,2026-02-09,17,17_24,319.345,0,0,0
365.65,-1.0,-1.8369701987210297e-16,2,-51.154916666666715,59.81809115172378,-63.791,-39.353999999999985,0.01972165550429912,0.0021384939034734354,0.010272317140882142,0.009853589354943753,0.01972165550429912,2026-02-09 18:00:00,2026-02-09,18,17_24,225.839,0,0,0
360.375,-0.9659258262890684,0.2588190451025203,2,-53.640375000000056,60.21685237381211,-91.45100000000002,-31.80000000000001,0.022517790411987464,0.0009855249145228093,0.006925828334327857,0.00922729558970372,0.022517790411987464,2026-02-09 19:00:00,2026-02-09,19,17_24,324.929,0,0,0
379.0,-0.8660254037844386,0.5000000000000001,2,-52.814916666666726,60.19480780794912,-44.863,-64.67399999999998,0.016898453019093408,0.000938976822869159,0.004838273542042207,0.006896608697488348,0.016898453019093408,2026-02-09 20:00:00,2026-02-09,20,17_24,330.077,0,0,0
385.4,-0.7071067811865477,0.7071067811865474,2,-53.045458333333386,60.23081025303427,-64.70800000000003,-59.17500000000001,0.02205517496993805,0.000874441523907745,0.005869649476224514,0.008727223943411867,0.02205517496993805,2026-02-09 21:00:00,2026-02-09,21,17_24,333.974,0,0,0
338.6,-0.5000000000000004,0.8660254037844384,2,-50.42895833333339,60.98716095495607,-3.548999999999978,-66.34500000000003,0.012035384743854294,0.0012382350889616003,0.0075368473684742955,0.006366963669283217,0.012035384743854294,2026-02-09 22:00:00,2026-02-09,22,17_24,348.382,0,0,0
292.9,-0.25881904510252157,0.9659258262890681,2,-47.74779166666672,63.52397226242938,39.535000000000025,-24.812999999999988,0.09477237636483872,0.0075826738549712985,0.0198079655128932,0.03740717210530809,0.09477237636483872,2026-02-09 23:00:00,2026-02-09,23,17_24,300.297,0,0,0
219.36,-2.4492935982947064e-16,1.0,2,-50.371458333333386,64.71080298963312,-108.339,-45.37099999999998,0.0017718000505126442,0.0006076685104502019,0.007520669250795129,0.0030308081945724123,0.007520669250795129,2026-02-10 00:00:00,2026-02-09,24,17_24,296.693,0,0,0
200.0,0.25881904510252074,0.9659258262890683,0,-60.92729166666672,73.4721619263263,-237.276,16.063999999999965,0.0017401398713001775,0.0003671926304340132,0.005819866662914552,0.002414879012438024,0.005819866662914552,2026-02-10 01:00:00,2026-02-10,1,1_8,310.877,0,0,0
208.08,0.49999999999999994,0.8660254037844387,0,-72.58150000000005,84.782816080391,-280.2,-0.49900000000002365,0.0011109448286498022,0.00032940367742734797,0.009957785387069923,0.0034523805356868565,0.009957785387069923,2026-02-10 02:00:00,2026-02-10,2,1_8,304.586,0,0,0
253.5,0.7071067811865476,0.7071067811865476,0,-83.10137500000006,89.92500377672617,-245.0,7.476999999999975,0.0023847494828218682,0.0004982504726776022,0.006458848214159114,0.0028523794981653353,0.006458848214159114,2026-02-10 03:00:00,2026-02-10,3,1_8,310.798,0,0,0
256.0,0.8660254037844386,0.5000000000000001,0,-93.4999166666667,95.30457455552582,-259.0,-9.435000000000002,0.0027224007817759615,0.0005462298181348615,0.007063229981882189,0.0031541811563513896,0.007063229981882189,2026-02-10 04:00:00,2026-02-10,4,1_8,295.511,0,0,0
282.0,0.9659258262890683,0.25881904510252074,0,-102.8126666666667,97.82948167076545,-235.0,-11.494000000000028,0.004216387098965973,0.0015315724329362612,0.008086796441847241,0.0043035840354184686,0.008086796441847241,2026-02-10 05:00:00,2026-02-10,5,1_8,290.403,0,0,0
288.5,1.0,6.123233995736766e-17,0,-110.53387500000004,100.60443748546041,-233.5,-48.19100000000003,0.009244745151069439,0.004770680257035474,0.01061773213439366,0.007867015288453119,0.01061773213439366,2026-02-10 06:00:00,2026-02-10,6,1_8,291.345,0,0,0
283.75,0.9659258262890683,-0.25881904510252063,0,-120.20454166666671,100.46218379806423,-230.0,2.0960000000000036,0.006672944234821305,0.0022979805414879797,0.009649558240460685,0.005815942959179789,0.009649558240460685,2026-02-10 07:00:00,2026-02-10,7,1_8,288.443,0,0,0
378.45,0.8660254037844387,-0.4999999999999998,0,-125.38125000000004,96.094099536202,-105.44200000000001,18.798999999999978,0.025240667976593814,0.0015610933065962433,0.006479449335138648,0.010140472516158235,0.025240667976593814,2026-02-10 08:00:00,2026-02-10,8,1_8,322.753,0,0,0
385.3,0.7071067811865476,-0.7071067811865475,1,-125.79337500000004,96.30094231278893,-176.80200000000002,-166.911,0.06666822504767132,0.009227758374527223,0.008665828934502457,0.026291319544463024,0.06666822504767132,2026-02-10 09:00:00,2026-02-10,9,9_16,332.343,0,0,0
388.125,0.49999999999999994,-0.8660254037844387,1,-124.33504166666671,95.94575887514885,-130.0,-165.0,0.07871977872570396,0.006515825022136447,0.014300985762315477,0.03051255935526041,0.07871977872570396,2026-02-10 10:00:00,2026-02-10,10,9_16,338.452,0,0,0
336.44,0.258819045102521,-0.9659258262890682,1,-125.34629166666672,95.21068475410517,-70.395,-46.125,0.07344625932448524,0.017905457149661977,0.027201248639533143,0.037356435249070306,0.07344625932448524,2026-02-10 11:00:00,2026-02-10,11,9_16,310.249,0,0,0
180.5,1.2246467991473532e-16,-1.0,1,-126.79691666666672,93.94367339408728,-64.315,-29.5,0.006224949231199038,0.0005713404929604446,0.06288989626309376,0.020962989845472017,0.06288989626309376,2026-02-10 12:00:00,2026-02-10,12,9_16,328.916,0,0,0
122.5,-0.2588190451025208,-0.9659258262890683,1,-127.98129166666672,92.9494315020968,-66.425,-38.0,0.006224949231199038,0.0007138177178157648,0.09458435221268029,0.030528317520290102,0.09458435221268029,2026-02-10 13:00:00,2026-02-10,13,9_16,361.628,0,0,1
130.82,-0.4999999999999997,-0.8660254037844388,1,-130.9556666666667,91.03387335046213,-108.385,-37.0,0.004865593639664002,0.0007138177178157648,0.07482860578731144,0.024193786915218937,0.07482860578731144,2026-02-10 14:00:00,2026-02-10,14,9_16,357.882,0,0,1
220.5,-0.7071067811865471,-0.7071067811865479,1,-136.9556666666667,89.23091398294342,-180.0,-36.0,0.009096489268418684,0.0006502075883372022,0.02234086650701607,0.009691289767965306,0.02234086650701607,2026-02-10 15:00:00,2026-02-10,15,9_16,335.111,0,0,0
350.75,-0.8660254037844385,-0.5000000000000004,1,-145.76733333333337,96.4963974536655,-320.48,-109.0,0.023625960819922267,0.004407615574101862,0.0082038146008081,0.011311978855859854,0.023625960819922267,2026-02-10 16:00:00,2026-02-10,16,9_16,337.587,0,0,0
412.45,-0.9659258262890683,-0.25881904510252063,2,-138.23087500000005,97.58287395462447,-38.15499999999997,-219.02999999999997,0.02865980071161116,0.010719532647331758,0.016307128216735203,0.017777891737436612,0.02865980071161116,2026-02-10 17:00:00,2026-02-10,17,17_24,366.053,0,0,0
439.0,-1.0,-1.8369701987210297e-16,2,-141.39837500000004,96.28671092280118,-139.81099999999998,-63.791,0.08188109533979668,0.0076182263887492,0.008299849800599146,0.030101574097618426,0.08188109533979668,2026-02-10 18:00:00,2026-02-10,18,17_24,369.373,0,0,0
443.025,-0.9659258262890684,0.2588190451025203,2,-139.06483333333338,98.20928885610948,-35.446000000000026,-91.45100000000002,0.059693049966103834,0.009967206849675513,0.013667196647073448,0.02599495672382339,0.059693049966103834,2026-02-10 19:00:00,2026-02-10,19,17_24,376.847,0,0,0
440.5,-0.8660254037844386,0.5000000000000001,2,-139.23400000000004,98.04332660304253,-48.923,-44.863,0.04917271419138629,0.005747114629083909,0.007937683969698786,0.019431965299959084,0.04917271419138629,2026-02-10 20:00:00,2026-02-10,20,17_24,379.195,0,0,0
428.5,-0.7071067811865477,0.7071067811865474,2,-138.68058333333337,98.51862088608765,-51.42599999999999,-64.70800000000003,0.05432333944325575,0.004481290268670752,0.02267150770844708,0.02489097025297915,0.05432333944325575,2026-02-10 21:00:00,2026-02-10,21,17_24,412.253,0,0,0
402.5,-0.5000000000000004,0.8660254037844384,2,-138.12512500000005,99.34772447244488,9.781999999999982,-3.548999999999978,0.020815373556195865,0.002434758741347051,0.005791648463641144,0.008956010102489923,0.020815373556195865,2026-02-10 22:00:00,2026-02-10,22,17_24,456.048,0,0,0
390.0,-0.25881904510252157,0.9659258262890681,2,-139.46420833333337,97.03873086465957,7.397000000000048,39.535000000000025,0.009498831405666106,0.0027792889443296748,0.0023132393034989663,0.004655336790481392,0.009498831405666106,2026-02-10 23:00:00,2026-02-10,23,17_24,399.99,0,0,0
364.5,-2.4492935982947064e-16,1.0,2,-131.72787500000004,106.56202155768972,77.33299999999997,-108.339,0.05259765844096713,0.003556861240722212,0.023468500349258115,0.024242592133356458,0.05259765844096713,2026-02-11 00:00:00,2026-02-10,24,17_24,363.112,0,0,0
420.0,0.25881904510252074,0.9659258262890683,0,-117.22150000000005,114.93702676418468,110.87700000000001,-237.276,0.09934323944268675,0.00832066310658348,0.01710860469678412,0.038263818484474646,0.09934323944268675,2026-02-11 01:00:00,2026-02-11,1,1_8,447.197,0,0,0
401.3,0.49999999999999994,0.8660254037844387,0,-101.52541666666671,117.40798558460945,96.506,-280.2,0.040912336769145165,0.003768671324559729,0.0199733271796095,0.019773167714450292,0.040912336769145165,2026-02-11 02:00:00,2026-02-11,2,1_8,412.086,0,0,0
423.74,0.7071067811865476,0.7071067811865476,0,-88.92966666666672,117.56198335592744,57.298,-245.0,0.09346624720343433,0.004639531952340392,0.008467540296969242,0.032435949031057225,0.09346624720343433,2026-02-11 03:00:00,2026-02-11,3,1_8,439.527,0,0,0
399.25,0.8660254037844386,0.5000000000000001,0,-76.49170833333338,114.53859755690308,39.511000000000024,-259.0,0.030095228539752605,0.004013429350191502,0.025876744021812993,0.01839696350854628,0.030095228539752605,2026-02-11 04:00:00,2026-02-11,4,1_8,417.724,0,0,0
413.92,0.9659258262890683,0.25881904510252074,0,-66.34991666666672,110.60166836854444,8.40300000000002,-235.0,0.042486522829777544,0.005938204463168856,0.008276641971228538,0.017604231225569367,0.042486522829777544,2026-02-11 05:00:00,2026-02-11,5,1_8,411.158,0,0,0
401.17,1.0,6.123233995736766e-17,0,-56.50220833333338,105.47492955034417,2.8450000000000273,-233.5,0.027399045326958676,0.0049214810053267765,0.010857506764867688,0.013445558029678619,0.027399045326958676,2026-02-11 06:00:00,2026-02-11,6,1_8,398.553,0,0,0
408.5,0.9659258262890683,-0.25881904510252063,0,-46.72333333333338,99.39434719805375,4.692999999999984,-230.0,0.029407139604546557,0.008121562756466619,0.012302791297693697,0.01576160437325872,0.029407139604546557,2026-02-11 07:00:00,2026-02-11,7,1_8,393.287,0,0,0
393.855,0.8660254037844387,-0.4999999999999998,0,-44.65062500000004,98.6323811070836,-55.697,-105.44200000000001,0.041599255065637275,0.003776864039304414,0.020999822621296873,0.02029046892180201,0.041599255065637275,2026-02-11 08:00:00,2026-02-11,8,1_8,437.587,0,0,0
287.605,0.7071067811865476,-0.7071067811865475,1,-39.49041666666671,94.57408318024441,-52.956999999999994,-176.80200000000002,0.008322121675994896,0.0017669733532113502,0.02971018117311811,0.01211648019601844,0.02971018117311811,2026-02-11 09:00:00,2026-02-11,9,9_16,277.376,0,0,0
33.575,0.49999999999999994,-0.8660254037844387,1,-36.14345833333338,92.63316267428962,-49.673,-130.0,0.004912444624569817,0.00018948372762347084,0.22080362029142483,0.06779061296584778,0.22080362029142483,2026-02-11 10:00:00,2026-02-11,10,9_16,-80.0,0,0,0
-5.5,0.258819045102521,-0.9659258262890682,1,-34.30162500000004,92.3615843212494,-26.190999999999974,-70.395,0.018247043727090347,0.00018955115905884573,0.14507118558655915,0.049071289257718385,0.14507118558655915,2026-02-11 11:00:00,2026-02-11,11,9_16,-79.066,0,0,0
-50.0,1.2246467991473532e-16,-1.0,1,-25.437833333333376,99.30290868442958,148.416,-64.315,0.0013830853184683186,0.0001898616211141341,0.18786996016409035,0.05685185829321325,0.18786996016409035,2026-02-11 12:00:00,2026-02-11,12,9_16,-79.007,0,0,0
-50.0,-0.2588190451025208,-0.9659258262890683,1,-12.706458333333373,112.52624408746942,239.128,-66.425,0.0009838543464139745,0.00018985017629542287,0.07346353035720127,0.02241015548160274,0.07346353035720127,2026-02-11 13:00:00,2026-02-11,13,9_16,-78.913,0,0,0
-50.0,-0.4999999999999997,-0.8660254037844388,1,1.2704999999999569,120.66402881158609,227.062,-108.385,0.001158139287670076,0.00021127581160198475,0.07480455200410553,0.022873317712173477,0.07480455200410553,2026-02-11 14:00:00,2026-02-11,14,9_16,-80.0,0,0,0
-49.75,-0.7071067811865471,-0.7071067811865479,1,13.545958333333289,116.32902554597571,114.61099999999999,-180.0,0.001354364698230759,0.00022201169227740092,0.06630740213474816,0.020387334726804637,0.06630740213474816,2026-02-11 15:00:00,2026-02-11,15,9_16,-80.0,0,0,0
7.0,-0.8660254037844385,-0.5000000000000004,1,26.350833333333288,92.41942250398915,-13.163000000000011,-320.48,0.007626780303707557,0.001027639412305276,0.1684528696166113,0.053234950741017764,0.1684528696166113,2026-02-11 16:00:00,2026-02-11,16,9_16,-80.0,0,0,0
382.75,-0.9659258262890683,-0.25881904510252063,2,26.007416666666625,92.6844709022357,-46.39699999999999,-38.15499999999997,0.047718705248991314,0.008421571741772188,0.026729668064780977,0.025703140690840565,0.047718705248991314,2026-02-11 17:00:00,2026-02-11,17,17_24,165.555,0,0,0
424.0,-1.0,-1.8369701987210297e-16,2,28.93174999999995,88.22510963254032,-69.62700000000001,-139.81099999999998,0.13621711885091972,0.022326574453008476,0.03640083550628666,0.0607160160883653,0.13621711885091972,2026-02-11 18:00:00,2026-02-11,18,17_24,361.029,0,0,0
420.0,-0.9659258262890684,0.2588190451025203,2,27.65124999999995,89.41511078075465,-66.178,-35.446000000000026,0.11983144775485916,0.013445941962289173,0.02152411146007193,0.047785044549394994,0.11983144775485916,2026-02-11 19:00:00,2026-02-11,19,17_24,376.86,0,0,0
386.5,-0.8660254037844386,0.5000000000000001,2,27.135333333333293,89.91049592869994,-61.30500000000001,-48.923,0.035761053138022705,0.005001224216628375,0.008355313757677408,0.015235399755361383,0.035761053138022705,2026-02-11 20:00:00,2026-02-11,20,17_24,371.03,0,0,0
380.0,-0.7071067811865477,0.7071067811865474,2,28.601124999999954,88.85459936778527,-16.247000000000014,-51.42599999999999,0.02636692868894439,0.003579858171204513,0.009198677401813835,0.01210162509570927,0.02636692868894439,2026-02-11 21:00:00,2026-02-11,21,17_24,376.743,0,0,0
364.5,-0.5000000000000004,0.8660254037844384,2,30.424708333333285,88.90067545616992,53.548,9.781999999999982,0.043526031328271764,0.0056841125092012374,0.02697736750598167,0.023424664653956526,0.043526031328271764,2026-02-11 22:00:00,2026-02-11,22,17_24,372.627,0,0,0
300.0,-0.25881904510252157,0.9659258262890681,2,30.532749999999954,88.87304428778228,9.990000000000009,7.397000000000048,0.008167658140565073,0.001407928637132721,0.006674410820904137,0.0050157921432938506,0.008167658140565073,2026-02-11 23:00:00,2026-02-11,23,17_24,341.731,0,0,0
203.0,-2.4492935982947064e-16,1.0,2,27.25270833333329,88.52267622601241,-1.3879999999999768,77.33299999999997,0.007209626897008425,0.00032002212732067575,0.006969495387291884,0.0043817455362183625,0.007209626897008425,2026-02-12 00:00:00,2026-02-11,24,17_24,236.702,0,0,0
188.55,0.25881904510252074,0.9659258262890683,0,23.766041666666624,86.7152495046298,27.197000000000003,110.87700000000001,0.0012057539891487117,0.0003649808307801231,0.007510840113711355,0.0027609705631700694,0.007510840113711355,2026-02-12 01:00:00,2026-02-12,1,1_8,160.769,0,0,0
167.25,0.49999999999999994,0.8660254037844387,0,20.194374999999955,85.343426455199,10.786000000000001,96.506,0.0009736940023512087,0.00034569400650439973,0.007687294575834662,0.002736574176057521,0.007687294575834662,2026-02-12 02:00:00,2026-02-12,2,1_8,10.237,0,0,0
182.05,0.7071067811865476,0.7071067811865476,0,18.464749999999956,84.97863097183699,15.786999999999978,57.298,0.0010388259675388296,0.00034569400650439973,0.005472129694933789,0.0020915643013435454,0.005472129694933789,2026-02-12 03:00:00,2026-02-12,3,1_8,300.427,0,0,0
199.0,0.8660254037844386,0.5000000000000001,0,17.588208333333284,84.86051810034442,18.47399999999999,39.511000000000024,0.0010388259675388296,0.00033060184101204774,0.004341733922231051,0.0017464087033357831,0.004341733922231051,2026-02-12 04:00:00,2026-02-12,4,1_8,-17.135,0,0,0
185.05,0.9659258262890683,0.25881904510252074,0,17.12299999999995,84.94362378967337,-2.7620000000000005,8.40300000000002,0.0011465776505755988,0.0003478815251446726,0.005031650201690246,0.0019926209657376223,0.005031650201690246,2026-02-12 05:00:00,2026-02-12,5,1_8,241.586,0,0,0
200.5,1.0,6.123233995736766e-17,0,16.895416666666616,84.99084487111315,-2.6170000000000186,2.8450000000000273,0.0014700762584406062,0.0003478815251446726,0.006221793859564397,0.0024467136454593696,0.006221793859564397,2026-02-12 06:00:00,2026-02-12,6,1_8,9.998,0,0,0
201.213,0.9659258262890683,-0.25881904510252063,0,16.06599999999995,85.21194712469861,-15.213000000000022,4.692999999999984,0.002057580473843058,0.0003478815251446726,0.0058095957677509495,0.0024993054825360713,0.0058095957677509495,2026-02-12 07:00:00,2026-02-12,7,1_8,-80.0,0,0,0
220.25,0.8660254037844387,-0.4999999999999998,0,20.20887499999995,83.97937218839779,43.73199999999997,-55.697,0.002528558692787335,0.00031065319229234495,0.006117841252013726,0.0027181812603572562,0.006117841252013726,2026-02-12 08:00:00,2026-02-12,8,1_8,87.933,0,0,0
14.675,0.7071067811865476,-0.7071067811865475,1,21.98920833333328,82.80554823092538,-10.229000000000042,-52.956999999999994,0.010717611133218273,0.00018948372762347084,0.043816232273812414,0.016435946513158592,0.043816232273812414,2026-02-12 09:00:00,2026-02-12,9,9_16,-80.0,0,0,0
-56.6,0.49999999999999994,-0.8660254037844387,1,19.326624999999947,86.16906811299393,-113.575,-49.673,0.0011105305790648163,0.00018948372762347084,0.046457754137065974,0.014346278905888625,0.046457754137065974,2026-02-12 10:00:00,2026-02-12,10,9_16,-80.0,0,0,0
-70.0,0.258819045102521,-0.9659258262890682,1,17.352666666666615,87.78460799155914,-73.566,-26.190999999999974,0.0010058969223157139,0.00018955115905884573,0.04746146207828304,0.014616028163803165,0.04746146207828304,2026-02-12 11:00:00,2026-02-12,11,9_16,-80.0,0,0,0
-62.625,1.2246467991473532e-16,-1.0,1,9.960041666666614,83.64031684617434,-29.007000000000005,148.416,0.001012346647596622,0.00018955196121138456,0.05680261171906819,0.017420308294483995,0.05680261171906819,2026-02-12 12:00:00,2026-02-12,12,9_16,-80.0,0,0,0
-70.0,-0.2588190451025208,-0.9659258262890683,1,-1.2083333333333866,68.17520194556548,-28.912999999999997,239.128,0.002186332355566021,0.00018954053505536864,0.04174964551520513,0.013256609575253493,0.04174964551520513,2026-02-12 13:00:00,2026-02-12,13,9_16,-80.0,0,0,0
-70.0,-0.4999999999999997,-0.8660254037844388,1,-11.919250000000053,47.94425341477094,-30.0,227.062,0.0007022634362786981,0.00018954053505536864,0.05015330688535017,0.015332487310510807,0.05015330688535017,2026-02-12 14:00:00,2026-02-12,14,9_16,-80.0,0,0,0
-70.0,-0.7071067811865471,-0.7071067811865479,1,-17.955125000000052,39.738674820151225,-30.25,114.61099999999999,0.0017147419031631795,0.00016035698419254577,0.07983218585464896,0.024528221121020658,0.07983218585464896,2026-02-12 15:00:00,2026-02-12,15,9_16,-80.0,0,0,0
-10.5,-0.8660254037844385,-0.5000000000000004,1,-21.03166666666672,42.13735307370089,-87.0,-13.163000000000011,0.0031069092617969207,0.00027117297086218104,0.14624763393787066,0.04491483214824514,0.14624763393787066,2026-02-12 16:00:00,2026-02-12,16,9_16,-80.0,0,0,0
277.038,-0.9659258262890683,-0.25881904510252063,2,-28.148250000000058,58.032582700505856,-217.195,-46.39699999999999,0.009932347270810568,0.000921105332914401,0.008889071836541527,0.006014867865371389,0.009932347270810568,2026-02-12 17:00:00,2026-02-12,17,17_24,112.584,0,0,0
423.875,-1.0,-1.8369701987210297e-16,2,-27.870916666666716,57.841329570016654,-62.971000000000004,-69.62700000000001,0.06707695344792382,0.0029411617480030227,0.011530213902479394,0.024758614904322174,0.06707695344792382,2026-02-12 18:00:00,2026-02-12,18,17_24,345.62,0,0,0
423.925,-0.9659258262890684,0.2588190451025203,2,-26.911000000000048,57.367178944059546,-43.139999999999986,-66.178,0.0539274339565211,0.002069084873121586,0.0073855224244512435,0.01922152086354034,0.0539274339565211,2026-02-12 19:00:00,2026-02-12,19,17_24,397.304,0,0,0
510.0,-0.8660254037844386,0.5000000000000001,2,-25.00120833333339,56.933698282931296,-15.470000000000027,-61.30500000000001,0.5514083795051653,0.005394725180969882,0.00816728282115345,0.17003058877028357,0.5514083795051653,2026-02-12 20:00:00,2026-02-12,20,17_24,369.852,0,0,0
387.5,-0.7071067811865477,0.7071067811865474,2,-24.459958333333386,57.0820925239342,-3.257000000000005,-16.247000000000014,0.01279832195871794,0.0009879245061937755,0.00529399070971003,0.005822863603005901,0.01279832195871794,2026-02-12 21:00:00,2026-02-12,21,17_24,367.872,0,0,0
479.5,-0.5000000000000004,0.8660254037844384,2,-26.35250000000005,55.10192482789399,8.12700000000001,53.548,0.29101537388189075,0.006624230365786726,0.010759326162717514,0.09318210215969717,0.29101537388189075,2026-02-12 22:00:00,2026-02-12,22,17_24,361.318,0,0,0
458.0,-0.25881904510252157,0.9659258262890681,2,-25.029958333333383,56.37827041509823,41.730999999999995,9.990000000000009,0.17524102745863984,0.01455722304948806,0.019390930008893296,0.06421247646005517,0.17524102745863984,2026-02-12 23:00:00,2026-02-12,23,17_24,366.665,0,0,0
440.0,-2.4492935982947064e-16,1.0,2,-23.567875000000054,57.46261993172808,33.702,-1.3879999999999768,0.08304933421554515,0.002766621534538536,0.004945619824515594,0.027505134825833638,0.08304933421554515,2026-02-13 00:00:00,2026-02-12,24,17_24,381.955,0,0,0
349.0,0.25881904510252074,0.9659258262890683,0,-25.858625000000057,56.43759496756197,-27.781000000000006,27.197000000000003,0.00346551182346859,0.0006527242942781883,0.003149813347105054,0.0022456872688833684,0.00346551182346859,2026-02-13 01:00:00,2026-02-13,1,1_8,371.765,0,0,0
334.39,0.49999999999999994,0.8660254037844387,0,-32.85025000000005,61.83607458029446,-157.013,10.786000000000001,0.00503191672896952,0.0008515653627573228,0.0029986083160397844,0.0027497836586057203,0.00503191672896952,2026-02-13 02:00:00,2026-02-13,2,1_8,366.429,0,0,0
404.0,0.7071067811865476,0.7071067811865476,0,-28.57566666666672,68.52821453187937,118.37700000000001,15.786999999999978,0.050443977921665155,0.0032348825621589155,0.004414004726225668,0.017751347819230812,0.050443977921665155,2026-02-13 03:00:00,2026-02-13,3,1_8,393.586,0,0,0
378.0,0.8660254037844386,0.5000000000000001,0,-38.35104166666672,77.65086682596663,-216.135,18.47399999999999,0.014163804958372527,0.003636204235837775,0.006780419323403137,0.007737748978867809,0.014163804958372527,2026-02-13 04:00:00,2026-02-13,4,1_8,382.468,0,0,0
430.0,0.9659258262890683,0.25881904510252074,0,-35.88029166666672,79.74758385026121,56.536,-2.7620000000000005,0.10221897068113193,0.003032201175383741,0.010263673450253707,0.03495767370956918,0.10221897068113193,2026-02-13 05:00:00,2026-02-13,5,1_8,385.01,0,0,0
400.0,1.0,6.123233995736766e-17,0,-43.70883333333339,85.36447039996433,-190.502,-2.6170000000000186,0.05172260673047269,0.006275360135879991,0.024012765243506883,0.025230755646545866,0.05172260673047269,2026-02-13 06:00:00,2026-02-13,6,1_8,396.033,0,0,0
386.0,0.9659258262890683,-0.25881904510252063,0,-54.79216666666671,97.8577460339256,-281.21299999999997,-15.213000000000022,0.019560549003825735,0.0049119479872093705,0.012539872911847572,0.01159490576958574,0.019560549003825735,2026-02-13 07:00:00,2026-02-13,7,1_8,377.515,0,0,0
338.698,0.8660254037844387,-0.4999999999999998,0,-62.12754166666671,96.74324771088705,-132.317,43.73199999999997,0.006881053371877061,0.0016893228284181531,0.011773740512424866,0.006272167296657839,0.011773740512424866,2026-02-13 08:00:00,2026-02-13,8,1_8,436.582,0,0,0
148.375,0.7071067811865476,-0.7071067811865475,1,-65.64612500000005,96.30829925288567,-94.675,-10.229000000000042,0.004661263029485842,0.0005122395963518571,0.05887802077214949,0.019266680979031343,0.05887802077214949,2026-02-13 09:00:00,2026-02-13,9,9_16,153.241,0,0,0
-69.0,0.49999999999999994,-0.8660254037844387,1,-61.88883333333337,96.11595801479137,-23.4,-113.575,0.0011407000012125601,0.00019184185030003613,0.05496177095427711,0.016907478026766915,0.05496177095427711,2026-02-13 10:00:00,2026-02-13,10,9_16,-80.0,0,0,0
-70.5,0.258819045102521,-0.9659258262890682,1,-59.24025000000004,96.65449781758352,-10.0,-73.566,0.0011060128234975748,0.00018955115905884573,0.04581358848413942,0.014151700855914636,0.04581358848413942,2026-02-13 11:00:00,2026-02-13,11,9_16,-80.0,0,0,0
-70.5,1.2246467991473532e-16,-1.0,1,-58.75558333333337,96.84167422223948,-17.375,-29.007000000000005,0.0011173648520385654,0.00018955196121138456,0.04872140481135204,0.015027451683501733,0.04872140481135204,2026-02-13 12:00:00,2026-02-13,12,9_16,-80.0,0,0,0
-70.5,-0.2588190451025208,-0.9659258262890683,1,-57.967541666666705,97.17146427968838,-10.0,-28.912999999999997,0.0011173648520385654,0.00018954053505536864,0.04872140481135204,0.015027447113039327,0.04872140481135204,2026-02-13 13:00:00,2026-02-13,13,9_16,-80.0,0,0,0
-70.5,-0.4999999999999997,-0.8660254037844388,1,-57.13420833333337,97.50691944587302,-10.0,-30.0,0.001137229818053156,0.00018954053505536864,0.05837585094163344,0.017929740441928122,0.05837585094163344,2026-02-13 14:00:00,2026-02-13,14,9_16,-80.0,0,0,0
-70.5,-0.7071067811865471,-0.7071067811865479,1,-56.29045833333337,97.83672552555662,-10.0,-30.25,0.001601443828961751,0.00019183109793204596,0.05837585094163344,0.018069920870351374,0.05837585094163344,2026-02-13 15:00:00,2026-02-13,15,9_16,-80.0,0,0,0
-70.5,-0.8660254037844385,-0.5000000000000004,1,-55.561291666666705,97.66295800864259,-69.5,-87.0,0.0016848954346153572,0.0003535226273428839,0.06496258490123095,0.020135653151691045,0.06496258490123095,2026-02-13 16:00:00,2026-02-13,16,9_16,-80.0,0,0,0
226.25,-0.9659258262890683,-0.25881904510252063,2,-53.36375000000004,94.40695745236549,-164.454,-217.195,0.011281776336549868,0.00045285459752420534,0.028059614359871594,0.01198355904793612,0.028059614359871594,2026-02-13 17:00:00,2026-02-13,17,17_24,259.29,0,0,0
380.0,-1.0,-1.8369701987210297e-16,2,-54.000583333333374,94.52605687870373,-78.255,-62.971000000000004,0.028860216036808457,0.004829416729776674,0.031453353411521515,0.020025837526409664,0.031453353411521515,2026-02-13 18:00:00,2026-02-13,18,17_24,360.848,0,0,0
362.0,-0.9659258262890684,0.2588190451025203,2,-53.31229166666672,94.66861063064685,-26.621000000000038,-43.139999999999986,0.021749082537760325,0.0035314740033187235,0.022177170676132077,0.01459046556549521,0.022177170676132077,2026-02-13 19:00:00,2026-02-13,19,17_24,312.262,0,0,0
350.0,-0.8660254037844386,0.5000000000000001,2,-58.50720833333338,95.91437841024656,-140.14800000000002,-15.470000000000027,0.014832981315571953,0.0025741553487777778,0.005723657743018538,0.007196653857088258,0.014832981315571953,2026-02-13 20:00:00,2026-02-13,20,17_24,300.753,0,0,0
330.0,-0.7071067811865477,0.7071067811865474,2,-59.18933333333339,95.56193164310783,-19.627999999999986,-3.257000000000005,0.012817941200130968,0.0019922130868125754,0.01002662146904628,0.007650254035478204,0.012817941200130968,2026-02-13 21:00:00,2026-02-13,21,17_24,302.133,0,0,0
275.0,-0.5000000000000004,0.8660254037844384,2,-64.45220833333337,95.17073934546842,-118.18200000000002,8.12700000000001,0.0085001572058954,0.0012102283550394612,0.008144923726484244,0.005477615621729677,0.0085001572058954,2026-02-13 22:00:00,2026-02-13,22,17_24,290.779,0,0,0
335.0,-0.25881904510252157,0.9659258262890681,2,-69.99662500000004,92.55593816047667,-91.33499999999998,41.730999999999995,0.010768291604321075,0.0012536382946580454,0.007371339557652853,0.005943344666455397,0.010768291604321075,2026-02-13 23:00:00,2026-02-13,23,17_24,267.26,0,0,0
200.0,-2.4492935982947064e-16,1.0,2,-73.81941666666671,89.94455917707108,-58.045000000000016,33.702,0.0033104099102117565,0.0003414155302875362,0.0073464459384899004,0.003333622966725511,0.0073464459384899004,2026-02-14 00:00:00,2026-02-13,24,17_24,10.832,0,0,0
119.95,0.25881904510252074,0.9659258262890683,0,-71.71333333333338,91.64513444076745,22.764999999999986,-27.781000000000006,0.00337030224956084,0.0003216611285104927,0.040121683846187146,0.013176260280128593,0.040121683846187146,2026-02-14 01:00:00,2026-02-14,1,1_8,-59.673,0,0,0
100.0,0.49999999999999994,0.8660254037844387,0,-63.83616666666671,92.11817192189373,32.03899999999999,-157.013,0.00473488118826357,0.00030705605683402305,0.02453117100403746,0.008902638080423918,0.02453117100403746,2026-02-14 02:00:00,2026-02-14,2,1_8,-80.0,0,0,0
100.0,0.7071067811865476,0.7071067811865476,0,-69.20245833333338,84.47628544872967,-10.413999999999987,118.37700000000001,0.0011757220040938031,0.0006084511774816014,0.027253503775131853,0.008772148204760338,0.027253503775131853,2026-02-14 03:00:00,2026-02-14,3,1_8,79.345,0,0,0
100.0,0.8660254037844386,0.5000000000000001,0,-60.010666666666715,79.65796782858199,4.468000000000018,-216.135,0.0011353460296257263,0.0005611740661974373,0.02043378597964642,0.006695209229260618,0.02043378597964642,2026-02-14 04:00:00,2026-02-14,4,1_8,-80.0,0,0,0
100.0,0.9659258262890683,0.25881904510252074,0,-64.24091666666672,75.80209554342841,-44.99000000000001,56.536,0.0011757220040938031,0.0005396087651046057,0.020242881428742296,0.006641424535892671,0.020242881428742296,2026-02-14 05:00:00,2026-02-14,5,1_8,-80.0,0,0,0
100.0,1.0,6.123233995736766e-17,0,-56.46862500000004,71.74783931957028,-3.9669999999999845,-190.502,0.0010648694057301907,0.0005863379490811842,0.01711312214959462,0.0056879326462299165,0.01711312214959462,2026-02-14 06:00:00,2026-02-14,6,1_8,-76.35,0,0,0
33.83,0.9659258262890683,-0.25881904510252063,0,-45.10495833333338,54.00946389410232,-8.485000000000014,-281.21299999999997,0.001871905602859633,0.00015934302417962753,0.011025234129284134,0.003932879129314981,0.011025234129284134,2026-02-14 07:00:00,2026-02-14,7,1_8,-80.0,0,0,0
101.1,0.8660254037844387,-0.4999999999999998,0,-35.51325000000005,58.131556765852004,97.88400000000001,-132.317,0.0011011865702109794,0.00030410614416111827,0.015409764659475184,0.0050749278265702965,0.015409764659475184,2026-02-14 08:00:00,2026-02-14,8,1_8,-41.127,0,0,0
-69.0,0.7071067811865476,-0.7071067811865475,1,-31.365708333333384,57.271630521255,4.866000000000014,-94.675,0.001331691854374306,0.00018828942883771524,0.026815489998304676,0.00851947032733878,0.026815489998304676,2026-02-14 09:00:00,2026-02-14,9,9_16,-80.0,0,0,0
-75.0,0.49999999999999994,-0.8660254037844387,1,-30.84904166666671,57.402399260170455,-11.0,-23.4,0.000925556345228379,0.00018948372762347084,0.03159628166263552,0.009832344893408559,0.03159628166263552,2026-02-14 10:00:00,2026-02-14,10,9_16,-80.0,0,0,0
-78.875,0.258819045102521,-0.9659258262890682,1,-30.82820833333338,57.41038527621242,-9.5,-10.0,0.0008127414177152702,0.00018955115905884573,0.03853959745511968,0.011881522125474024,0.03853959745511968,2026-02-14 11:00:00,2026-02-14,11,9_16,-80.0,0,0,0
-75.0,1.2246467991473532e-16,-1.0,1,-30.50008333333338,57.51303195829598,-9.5,-17.375,0.0008127414177152702,0.00018955196121138456,0.04623001558151058,0.014188647884252309,0.04623001558151058,2026-02-14 12:00:00,2026-02-14,12,9_16,-80.0,0,0,0
-75.0,-0.2588190451025208,-0.9659258262890683,1,-30.479250000000047,57.520870731184665,-9.5,-10.0,0.0008127414177152702,0.00018954053505536864,0.04225099484775346,0.012994937093662765,0.04225099484775346,2026-02-14 13:00:00,2026-02-14,13,9_16,-80.0,0,0,0
-75.0,-0.4999999999999997,-0.8660254037844388,1,-30.45841666666671,57.528700563407796,-9.5,-10.0,0.0008271951494983569,0.00018954053505536864,0.0458025089132699,0.014064727432852624,0.0458025089132699,2026-02-14 14:00:00,2026-02-14,14,9_16,-80.0,0,0,0
-75.875,-0.7071067811865471,-0.7071067811865479,1,-30.43758333333338,57.53652145861544,-9.5,-10.0,0.0012856462564562817,0.0001991721679346626,0.04179275393824587,0.01300318892558451,0.04179275393824587,2026-02-14 15:00:00,2026-02-14,15,9_16,-80.0,0,0,0
-75.0,-0.8660254037844385,-0.5000000000000004,1,-27.93758333333338,57.06704292772003,-9.5,-69.5,0.0014713980801659512,0.0002603712167135861,0.10292970449715932,0.031424479259883016,0.10292970449715932,2026-02-14 16:00:00,2026-02-14,16,9_16,-80.0,0,0,0
100.0,-0.9659258262890683,-0.25881904510252063,2,-19.708666666666716,50.3722067592523,33.04000000000002,-164.454,0.003478387821865047,0.0009874012976544067,0.21083519809828877,0.0646890362951079,0.21083519809828877,2026-02-14 17:00:00,2026-02-14,17,17_24,115.385,0,0,0
353.875,-1.0,-1.8369701987210297e-16,2,-17.246041666666713,48.80589331973225,-19.151999999999987,-78.255,0.02577315121207819,0.001585146198513142,0.011053804211999842,0.011682145106628666,0.02577315121207819,2026-02-14 18:00:00,2026-02-14,18,17_24,266.24,0,0,0
340.738,-0.9659258262890684,0.2588190451025203,2,-18.209250000000043,49.225267967338546,-49.738,-26.621000000000038,0.009370323427256166,0.0010336612339840532,0.008224082834621393,0.005691786372156889,0.009370323427256166,2026-02-14 19:00:00,2026-02-14,19,17_24,285.728,0,0,0
330.0,-0.8660254037844386,0.5000000000000001,2,-14.42170833333338,42.468358040429735,-49.247000000000014,-140.14800000000002,0.005703071165855841,0.0010145583132096818,0.009481783761219397,0.004961279803406444,0.009481783761219397,2026-02-14 20:00:00,2026-02-14,20,17_24,270.439,0,0,0
295.125,-0.7071067811865477,0.7071067811865474,2,-14.765000000000049,42.54550250179454,-27.86700000000002,-19.627999999999986,0.005478080074228713,0.0007527081923563444,0.006024348315114545,0.0037518117937455154,0.006024348315114545,2026-02-14 21:00:00,2026-02-14,21,17_24,255.6,0,0,0
265.55,-0.5000000000000004,0.8660254037844384,2,-9.183291666666713,36.78544361739304,15.778999999999996,-118.18200000000002,0.0040688756583912855,0.0006051486482905533,0.010588763107101657,0.004639351088964103,0.010588763107101657,2026-02-14 22:00:00,2026-02-14,22,17_24,292.287,0,0,0
160.5,-0.25881904510252157,0.9659258262890681,2,-8.200166666666714,34.753587180086015,-67.74000000000001,-91.33499999999998,0.004711544953577202,0.00026696291241915307,0.012586814061571349,0.005296292869512226,0.012586814061571349,2026-02-14 23:00:00,2026-02-14,23,17_24,319.402,0,0,0
150.5,-2.4492935982947064e-16,1.0,2,-13.663625000000048,49.925220666434356,-189.168,-58.045000000000016,0.0011864546697354578,0.00030574940095218044,0.007131796655938364,0.0026177751580830186,0.007131796655938364,2026-02-15 00:00:00,2026-02-14,24,17_24,327.72,0,0,0
-55.0,0.25881904510252074,0.9659258262890683,0,-22.096458333333377,59.65003054263323,-179.623,22.764999999999986,0.0005931436830749594,0.00015934523801163796,0.011807951945373622,0.0037840667837392293,0.011807951945373622,2026-02-15 01:00:00,2026-02-15,1,1_8,332.594,0,0,1
-72.0,0.49999999999999994,0.8660254037844387,0,-30.93141666666671,66.58320267279437,-180.0,32.03899999999999,0.000543481752354632,0.00015934523801163796,0.02637998814433662,0.00814077906421203,0.02637998814433662,2026-02-15 02:00:00,2026-02-15,2,1_8,56.53,0,0,0
-75.0,0.7071067811865476,0.7071067811865476,0,-31.358125000000047,66.4787303777352,-20.655,-10.413999999999987,0.0005557722297177137,0.00015934523801163796,0.011878936885559636,0.0037941508297878596,0.011878936885559636,2026-02-15 03:00:00,2026-02-15,3,1_8,47.284,0,0,0
-79.0,0.8660254037844386,0.5000000000000001,0,-39.044291666666716,72.54376208731202,-180.0,4.468000000000018,0.0005299160900462151,0.00015934302417962753,0.016004566315113725,0.005024081931219833,0.016004566315113725,2026-02-15 04:00:00,2026-02-15,4,1_8,-80.0,0,0,0
-79.5,0.9659258262890683,0.25881904510252074,0,-44.66970833333338,78.05054476286838,-180.0,-44.99000000000001,0.0005328997584551741,0.00022271017714599884,0.01907776679933686,0.005972284038196009,0.01907776679933686,2026-02-15 05:00:00,2026-02-15,5,1_8,-80.0,0,0,0
-79.5,1.0,6.123233995736766e-17,0,-51.85233333333338,81.97513930436914,-176.35,-3.9669999999999845,0.000583248931860485,0.00015962257590973735,0.033266011452200685,0.010218627145582245,0.033266011452200685,2026-02-15 06:00:00,2026-02-15,6,1_8,-80.0,0,0,0
-79.5,0.9659258262890683,-0.25881904510252063,0,-56.24170833333338,82.37146681133017,-113.83,-8.485000000000014,0.0007623342430863139,0.00015962257590973735,0.05064007417194287,0.015484571554872649,0.05064007417194287,2026-02-15 07:00:00,2026-02-15,7,1_8,-80.0,0,0,0
-76.875,0.8660254037844387,-0.4999999999999998,0,-66.24633333333338,77.26095319205307,-142.227,97.88400000000001,0.0007067555207305922,0.00024212618379987973,0.03169761141084562,0.009818160552992816,0.03169761141084562,2026-02-15 08:00:00,2026-02-15,8,1_8,-80.0,0,0,0
-75.0,0.7071067811865476,-0.7071067811865475,1,-66.90741666666672,76.69180758748563,-11.0,4.866000000000014,0.001365782963537562,0.000206003629368312,0.029504709269997945,0.009343549121807977,0.029504709269997945,2026-02-15 09:00:00,2026-02-15,9,9_16,-80.0,0,0,0
-79.5,0.49999999999999994,-0.8660254037844387,1,-66.65741666666672,76.89149782643359,-5.0,-11.0,0.0012720106902693758,0.000206003629368312,0.046892708107161896,0.014531817090976704,0.046892708107161896,2026-02-15 10:00:00,2026-02-15,10,9_16,-80.0,0,0,0
-79.5,0.258819045102521,-0.9659258262890682,1,-66.30845833333338,77.18063535627235,-1.125,-9.5,0.00111701408161448,0.00018955115905884573,0.04852451945771943,0.014968280525423708,0.04852451945771943,2026-02-15 11:00:00,2026-02-15,11,9_16,-80.0,0,0,0
-75.0,1.2246467991473532e-16,-1.0,1,-66.12095833333338,77.32996586535523,-5.0,-9.5,0.00111701408161448,0.00018955196121138456,0.05457333637904064,0.01678292592268109,0.05457333637904064,2026-02-15 12:00:00,2026-02-15,12,9_16,-80.0,0,0,0
-77.583,-0.2588190451025208,-0.9659258262890683,1,-65.93345833333338,77.47853507850365,-5.0,-9.5,0.00111701408161448,0.00018954053505536864,0.04852451945771943,0.014968276275822319,0.04852451945771943,2026-02-15 13:00:00,2026-02-15,13,9_16,-80.0,0,0,0
-79.5,-0.4999999999999997,-0.8660254037844388,1,-65.74595833333338,77.62634736685487,-5.0,-9.5,0.001136872818587678,0.00018954053505536864,0.05824271537112549,0.017889692670936097,0.05824271537112549,2026-02-15 14:00:00,2026-02-15,14,9_16,-80.0,0,0,0
-79.5,-0.7071067811865471,-0.7071067811865479,1,-65.52200000000005,77.80322906789277,-4.125,-9.5,0.0023801834869122762,0.00020599208342328578,0.05824271537112549,0.018269266490780645,0.05824271537112549,2026-02-15 15:00:00,2026-02-15,15,9_16,-80.0,0,0,0
-75.0,-0.8660254037844385,-0.5000000000000004,1,-65.33450000000005,77.94939291338264,-5.0,-9.5,0.0027515537188285656,0.0002692861032517393,0.06788217965489483,0.021297834453417715,0.06788217965489483,2026-02-15 16:00:00,2026-02-15,16,9_16,-80.0,0,0,0
101.918,-0.9659258262890683,-0.25881904510252063,2,-66.07012500000005,77.05886757329773,15.385000000000005,33.04000000000002,0.016156166795596533,0.0007654117879942267,0.25674952260085493,0.08217787153413313,0.25674952260085493,2026-02-15 17:00:00,2026-02-15,17,17_24,250.949,0,0,0
368.975,-1.0,-1.8369701987210297e-16,2,-68.92358333333338,76.51197935243356,-87.63499999999999,-19.151999999999987,0.021025587676724536,0.0027930015725019077,0.02701810129876953,0.015530307321648982,0.02701810129876953,2026-02-15 18:00:00,2026-02-15,18,17_24,393.649,0,0,0
385.875,-0.9659258262890684,0.2588190451025203,2,-69.14325000000005,76.46205417309456,-55.00999999999999,-49.738,0.028302687847462687,0.0024398687773654728,0.02029077892393104,0.015553987542364308,0.028302687847462687,2026-02-15 19:00:00,2026-02-15,19,17_24,387.693,0,0,0
425.0,-0.8660254037844386,0.5000000000000001,2,-69.57300000000005,76.37430083989175,-59.56099999999998,-49.247000000000014,0.07949763726343552,0.00578498012955003,0.011949510092032711,0.02974813625846048,0.07949763726343552,2026-02-15 20:00:00,2026-02-15,20,17_24,384.488,0,0,0
430.0,-0.7071067811865477,0.7071067811865474,2,-70.05875000000005,76.13420846182336,-39.525000000000006,-27.86700000000002,0.06832959182737057,0.004748520370596681,0.010310924223104668,0.02549156296338124,0.06832959182737057,2026-02-15 21:00:00,2026-02-15,21,17_24,389.241,0,0,0
443.5,-0.5000000000000004,0.8660254037844384,2,-69.60216666666672,76.7021063452418,26.736999999999966,15.778999999999996,0.07530973649501455,0.006189116137978301,0.01483577309200216,0.029519299331296333,0.07530973649501455,2026-02-15 22:00:00,2026-02-15,22,17_24,405.109,0,0,0
414.5,-0.25881904510252157,0.9659258262890681,2,-60.158750000000055,89.77854720717043,158.902,-67.74000000000001,0.14239420218514967,0.00889088734529308,0.0741259652117236,0.06851240515717921,0.14239420218514967,2026-02-15 23:00:00,2026-02-15,23,17_24,410.802,0,0,0
404.5,-2.4492935982947064e-16,1.0,2,-44.89258333333337,97.68989478286956,177.22000000000003,-189.168,0.06789001766630495,0.0099197753967046,0.04263050103194891,0.03712406576815799,0.06789001766630495,2026-02-16 00:00:00,2026-02-15,24,17_24,412.251,0,0,0
301.15,0.25881904510252074,0.9659258262890683,0,-21.258541666666712,127.68558307130377,387.594,-179.623,0.010107712509965007,0.003820273446206431,0.005647842270213355,0.006254775812536081,0.010107712509965007,2026-02-16 01:00:00,2026-02-16,1,1_8,362.31,0,0,0
273.0,0.49999999999999994,0.8660254037844387,0,-8.403125000000044,126.53483139206475,128.53,-180.0,0.004410158430131287,0.0009042272641648873,0.010630006073902378,0.004873740256876055,0.010630006073902378,2026-02-16 02:00:00,2026-02-16,2,1_8,339.032,0,0,0
208.1,0.7071067811865476,0.7071067811865476,0,-2.447333333333379,129.26752897186725,122.28399999999999,-20.655,0.0013876725119531,0.00031065750769871867,0.009342289122765619,0.0033432514934951035,0.009342289122765619,2026-02-16 03:00:00,2026-02-16,3,1_8,324.841,0,0,0
100.0,0.8660254037844386,0.5000000000000001,0,5.010999999999954,123.61832331044924,-1.0,-180.0,0.0009541228422588328,0.0003264874225529672,0.03842839674669214,0.01194535084570648,0.03842839674669214,2026-02-16 04:00:00,2026-02-16,4,1_8,299.918,0,0,0
100.0,0.9659258262890683,0.25881904510252074,0,12.49016666666662,117.20162065197344,-0.5,-180.0,0.0009541228422588328,0.00032136576854009343,0.03962542724810196,0.012302411334524274,0.03962542724810196,2026-02-16 05:00:00,2026-02-16,5,1_8,245.005,0,0,0
100.0,1.0,6.123233995736766e-17,0,19.817249999999955,110.16839395226546,-0.5,-176.35,0.0010113458151686594,0.00032136576854009343,0.04401228013264634,0.013635634091760536,0.04401228013264634,2026-02-16 06:00:00,2026-02-16,6,1_8,266.954,0,0,0
287.05,0.9659258262890683,-0.25881904510252063,0,24.53933333333329,106.56061249443079,-0.5,-113.83,0.003681573584196276,0.0007327300280741693,0.006134173761327666,0.0032378162148868506,0.006134173761327666,2026-02-16 07:00:00,2026-02-16,7,1_8,332.077,0,0,0
307.0,0.8660254037844387,-0.4999999999999998,0,30.335249999999956,100.718474820638,-3.125,-142.227,0.005345721799155468,0.0016710695600846517,0.005177418737244224,0.0038253699849537678,0.005345721799155468,2026-02-16 08:00:00,2026-02-16,8,1_8,346.041,0,0,0
48.0,0.7071067811865476,-0.7071067811865475,1,30.585249999999956,100.61881013411055,-5.0,-11.0,0.004079012984522561,0.00018948372762347084,0.11674670877917409,0.03632351002015838,0.11674670877917409,2026-02-16 09:00:00,2026-02-16,9,9_16,-80.0,0,0,0
-78.0,0.49999999999999994,-0.8660254037844387,1,30.772749999999956,100.5537867997059,-0.5,-5.0,0.0010509605237929854,0.0001865108688190298,0.05574961076088719,0.017114775732931662,0.05574961076088719,2026-02-16 10:00:00,2026-02-16,10,9_16,-80.0,0,0,0
-78.0,0.258819045102521,-0.9659258262890682,1,30.79879166666662,100.54524723940368,-0.5,-1.125,0.0010189994209660925,0.00018657724250274583,0.03718833369032494,0.011536830830388407,0.03718833369032494,2026-02-16 11:00:00,2026-02-16,11,9_16,-80.0,0,0,0
-78.0,1.2246467991473532e-16,-1.0,1,30.79879166666662,100.54524723940368,-5.0,-5.0,0.0010189994209660925,0.00018955196121138456,0.03747033259964061,0.011622620390666565,0.03747033259964061,2026-02-16 12:00:00,2026-02-16,12,9_16,-80.0,0,0,0
-78.0,-0.2588190451025208,-0.9659258262890683,1,30.90641666666662,100.50663668587083,-2.4170000000000016,-5.0,0.0010189994209660925,0.00018954053505536864,0.03718833369032494,0.011538016147409456,0.03718833369032494,2026-02-16 13:00:00,2026-02-16,13,9_16,-80.0,0,0,0
-78.0,-0.4999999999999997,-0.8660254037844388,1,31.09391666666662,100.44091512401266,-0.5,-5.0,0.0010738497730626879,0.0008914571933354711,0.044688948852011544,0.014085422464856457,0.044688948852011544,2026-02-16 14:00:00,2026-02-16,14,9_16,-80.0,0,0,0
-78.0,-0.7071067811865471,-0.7071067811865479,1,31.244958333333287,100.38836258229611,-0.5,-4.125,0.0015987757579306139,0.0009367237870621342,0.04700744967201134,0.014956557143807439,0.04700744967201134,2026-02-16 15:00:00,2026-02-16,15,9_16,-80.0,0,0,0
-51.875,-0.8660254037844385,-0.5000000000000004,1,31.244958333333287,100.38836258229611,-5.0,-5.0,0.001749745282720667,0.0023530643891373753,0.10252104173074474,0.032222461859694566,0.10252104173074474,2026-02-16 16:00:00,2026-02-16,16,9_16,-80.0,0,0,0
305.925,-0.9659258262890683,-0.25881904510252063,2,36.81354166666662,103.13935935548032,149.031,15.385000000000005,0.03942304944449189,0.011917634297004506,0.05822879820704452,0.034062608014262724,0.05822879820704452,2026-02-16 17:00:00,2026-02-16,17,17_24,228.093,0,0,0
480.5,-1.0,-1.8369701987210297e-16,2,41.49308333333329,99.7392482194643,24.673999999999978,-87.63499999999999,0.44091521087088076,0.019496130425598154,0.048020782903417936,0.15447925030252885,0.44091521087088076,2026-02-16 18:00:00,2026-02-16,18,17_24,371.543,0,0,0
502.625,-0.9659258262890684,0.2588190451025203,2,43.86091666666662,98.00816592549607,1.8179999999999836,-55.00999999999999,0.5588218274379538,0.01522870292088587,0.027170205782762084,0.1818890911345691,0.5588218274379538,2026-02-16 19:00:00,2026-02-16,19,17_24,392.776,0,0,0
518.0,-0.8660254037844386,0.5000000000000001,2,44.65462499999995,97.2080669392747,-40.512,-59.56099999999998,0.6439341558490923,0.0167853232254949,0.03688850867081327,0.21096092864616964,0.6439341558490923,2026-02-16 20:00:00,2026-02-16,20,17_24,396.013,0,0,0
515.0,-0.7071067811865477,0.7071067811865474,2,44.60320833333329,97.25484340637257,-40.759000000000015,-39.525000000000006,0.5459204662755855,0.0167853232254949,0.030993358986576024,0.17978827686884644,0.5459204662755855,2026-02-16 21:00:00,2026-02-16,21,17_24,393.278,0,0,0
549.875,-0.5000000000000004,0.8660254037844384,2,41.88954166666662,98.67330958267308,-38.39100000000002,26.736999999999966,0.8220087408196683,0.030998324165206096,0.03955274349907577,0.27086777496170567,0.8220087408196683,2026-02-16 22:00:00,2026-02-16,22,17_24,390.575,0,0,0
527.0,-0.25881904510252157,0.9659258262890681,2,35.11454166666662,95.83101070701733,-3.697999999999979,158.902,0.749030487786691,0.04110503989771913,0.06880848792831318,0.2617937086735889,0.749030487786691,2026-02-16 23:00:00,2026-02-16,23,17_24,386.945,0,0,0
524.0,-2.4492935982947064e-16,1.0,2,28.053333333333285,91.02807648845625,7.750999999999976,177.22000000000003,0.6691149814942793,0.038507345424169316,0.02206098171672415,0.22275572713296876,0.6691149814942793,2026-02-17 00:00:00,2026-02-16,24,17_24,394.282,0,0,0
495.5,0.25881904510252074,0.9659258262890683,0,14.45191666666662,50.20269430402986,61.160000000000025,387.594,0.5342454513456716,0.04001962376392058,0.010119642282674474,0.17931737759407204,0.5342454513456716,2026-02-17 01:00:00,2026-02-17,1,1_8,497.831,0,0,0
475.5,0.49999999999999994,0.8660254037844387,0,11.847833333333284,45.42125903014874,66.03199999999998,128.53,0.2330552989727801,0.004893106953381264,0.004055255598278904,0.0730904091526702,0.2330552989727801,2026-02-17 02:00:00,2026-02-17,2,1_8,459.644,0,0,0
440.89,0.7071067811865476,0.7071067811865476,0,11.61687499999995,44.845743851476044,116.74100000000001,122.28399999999999,0.08593131123720953,0.0015355588911359903,0.007297154270764458,0.028582763208846593,0.08593131123720953,2026-02-17 03:00:00,2026-02-17,3,1_8,444.344,0,0,0
463.5,0.8660254037844386,0.5000000000000001,0,19.988458333333284,58.9297162130833,199.918,-1.0,0.22400968277130054,0.032678568376776115,0.0059558996109808394,0.08206110206539485,0.22400968277130054,2026-02-17 04:00:00,2026-02-17,4,1_8,429.277,0,0,0
401.96,0.9659258262890683,0.25881904510252074,0,26.051166666666617,63.99713574002644,145.005,-0.5,0.0539797483952419,0.003538584614122973,0.009570180247672918,0.020480412438523634,0.0539797483952419,2026-02-17 05:00:00,2026-02-17,5,1_8,432.099,0,0,0
406.25,1.0,6.123233995736766e-17,0,33.02841666666662,69.83827385181634,166.954,-0.5,0.06525434064788532,0.003954729548447196,0.006903637624985179,0.02322928530124003,0.06525434064788532,2026-02-17 06:00:00,2026-02-17,6,1_8,455.405,0,0,0
359.25,0.9659258262890683,-0.25881904510252063,0,34.92537499999995,69.50548674983415,45.02699999999999,-0.5,0.010223008036149712,0.0016669034171270614,0.004858885172019285,0.005191329329301523,0.010223008036149712,2026-02-17 07:00:00,2026-02-17,7,1_8,469.472,0,0,0
339.81,0.8660254037844387,-0.4999999999999998,0,36.68229166666662,69.03317318978038,39.041,-3.125,0.008085707319396533,0.00152106047174726,0.0062723391772963695,0.0049158381377067744,0.008085707319396533,2026-02-17 08:00:00,2026-02-17,8,1_8,328.042,0,0,0
-36.667,0.7071067811865476,-0.7071067811865475,1,31.557291666666618,76.43149412466346,-128.0,-5.0,0.0019132753802898219,0.00018948372762347084,0.06032131398704753,0.018746170301250593,0.06032131398704753,2026-02-17 09:00:00,2026-02-17,9,9_16,-80.0,0,0,0
-78.0,0.49999999999999994,-0.8660254037844387,1,31.494791666666618,76.45945611890025,-2.0,-0.5,0.0011598631732502344,0.00018948372762347084,0.049342112867757734,0.015226386303351777,0.049342112867757734,2026-02-17 10:00:00,2026-02-17,10,9_16,-80.0,0,0,0
-78.0,0.258819045102521,-0.9659258262890682,1,31.432291666666618,76.48735459991856,-2.0,-0.5,0.001018517989082228,0.00018955115905884573,0.04173680803752156,0.012902418271604675,0.04173680803752156,2026-02-17 11:00:00,2026-02-17,11,9_16,-80.0,0,0,0
-78.0,1.2246467991473532e-16,-1.0,1,31.557291666666618,76.42765427256502,-2.0,-5.0,0.001018517989082228,0.00018955196121138456,0.042051791567987835,0.012996913651605572,0.042051791567987835,2026-02-17 12:00:00,2026-02-17,12,9_16,-80.0,0,0,0
-78.0,-0.2588190451025208,-0.9659258262890683,1,31.57466666666662,76.41964175277866,-2.0,-2.4170000000000016,0.001018517989082228,0.00018954053505536864,0.04173680803752156,0.012902414022003284,0.04173680803752156,2026-02-17 13:00:00,2026-02-17,13,9_16,-80.0,0,0,0
-79.905,-0.4999999999999997,-0.8660254037844388,1,31.51216666666662,76.44762290481597,-2.0,-0.5,0.001073342454671486,0.00018954053505536864,0.052501552847083084,0.016148284804548517,0.052501552847083084,2026-02-17 14:00:00,2026-02-17,14,9_16,-80.0,0,0,0
-78.0,-0.7071067811865471,-0.7071067811865479,1,31.44966666666662,76.47554051980897,-2.0,-0.5,0.00425510045923808,0.0001991721679346626,0.052501552847083084,0.017106664859070215,0.052501552847083084,2026-02-17 15:00:00,2026-02-17,15,9_16,-80.0,0,0,0
-78.0,-0.8660254037844385,-0.5000000000000004,1,30.486124999999955,77.09789701542401,-28.125,-5.0,0.004529760297321559,0.00033982140327240703,0.04981719994870222,0.016440016635116097,0.04981719994870222,2026-02-17 16:00:00,2026-02-17,16,9_16,-80.0,0,0,0
116.0,-0.9659258262890683,-0.25881904510252063,2,21.03349999999995,75.82859664945614,-77.83200000000002,149.031,0.005316318152536704,0.0004880473232664831,0.16453624002351877,0.05115098638212323,0.16453624002351877,2026-02-17 17:00:00,2026-02-17,17,17_24,-80.0,0,0,0
362.92,-1.0,-1.8369701987210297e-16,2,15.465541666666619,80.32263058006973,-108.957,24.673999999999978,0.04306489737151926,0.004904404312809927,0.036064104992152214,0.025700462434225413,0.04306489737151926,2026-02-17 18:00:00,2026-02-17,18,17_24,326.001,0,0,0
341.6,-0.9659258262890684,0.2588190451025203,2,10.812749999999953,84.2840926475029,-109.84899999999999,1.8179999999999836,0.025743845978971853,0.003054027724972426,0.029536010312805498,0.017805567977522176,0.029536010312805498,2026-02-17 19:00:00,2026-02-17,19,17_24,288.594,0,0,0
360.125,-0.8660254037844386,0.5000000000000001,2,7.417958333333286,88.00013420813724,-121.98700000000002,-40.512,0.029309763660378508,0.004392260085234961,0.02477781133247508,0.01798317653195006,0.029309763660378508,2026-02-17 20:00:00,2026-02-17,20,17_24,53.633,0,0,0
352.5,-0.7071067811865477,0.7071067811865474,2,4.044499999999953,91.41294920447906,-121.72199999999998,-40.759000000000015,0.028631793839219922,0.002714474775435373,0.018730492579202267,0.015294475835700806,0.028631793839219922,2026-02-17 21:00:00,2026-02-17,21,17_24,101.566,0,0,0
353.0,-0.5000000000000004,0.8660254037844384,2,-0.9933750000000465,97.0134587443861,-159.3,-38.39100000000002,0.019063147905361844,0.0016255228223468953,0.01616452644749537,0.011218511434795922,0.019063147905361844,2026-02-17 22:00:00,2026-02-17,22,17_24,105.971,0,0,0
272.43,-0.25881904510252157,0.9659258262890681,2,-6.674916666666714,101.08609323736147,-140.055,-3.697999999999979,0.005406566169275314,0.0012263989569154781,0.006024405299383471,0.003919851023363827,0.006024405299383471,2026-02-17 23:00:00,2026-02-17,23,17_24,50.102,0,0,0
230.3,-2.4492935982947064e-16,1.0,2,-12.402791666666715,104.08342132822723,-129.71800000000002,7.750999999999976,0.0031528045910739267,0.00035144165449436156,0.006656389935737438,0.003083335019841154,0.006656389935737438,2026-02-18 00:00:00,2026-02-17,24,17_24,124.906,0,0,0
45.43,0.25881904510252074,0.9659258262890683,0,-14.854000000000047,102.96234977935734,2.3310000000000173,61.160000000000025,0.0012132127258058028,0.00015666885634720476,0.047793442907752566,0.014764664232606393,0.047793442907752566,2026-02-18 01:00:00,2026-02-18,1,1_8,-80.0,0,0,0
17.0,0.49999999999999994,0.8660254037844387,0,-18.266000000000048,101.51198323136526,-15.855999999999995,66.03199999999998,0.0010920131197490327,0.00015766262100629124,0.03778073335628775,0.011724888991213551,0.03778073335628775,2026-02-18 02:00:00,2026-02-18,2,1_8,-80.0,0,0,0
38.2,0.7071067811865476,0.7071067811865476,0,-22.986291666666713,97.51651447184254,3.4540000000000077,116.74100000000001,0.00112867638297465,0.00015666885634720476,0.047904617781781164,0.014772655791965626,0.047904617781781164,2026-02-18 03:00:00,2026-02-18,3,1_8,-80.0,0,0,0
26.32,0.8660254037844386,0.5000000000000001,0,-32.74216666666671,85.17846066815743,-34.22300000000001,199.918,0.0013006719731684796,0.000157660430547706,0.019394077062819707,0.006271488883015539,0.019394077062819707,2026-02-18 04:00:00,2026-02-18,4,1_8,-80.0,0,0,0
57.5,0.9659258262890683,0.25881904510252074,0,-37.52825000000005,77.65132248838643,30.13900000000001,145.005,0.002532006004248889,0.00022130650141162573,0.030087712241648783,0.009874438074333951,0.030087712241648783,2026-02-18 05:00:00,2026-02-18,5,1_8,-80.0,0,0,0
215.0,1.0,6.123233995736766e-17,0,-42.43654166666672,67.18130716719918,49.15499999999997,166.954,0.0014632753234961424,0.000368500761311937,0.012373104889298452,0.004298314368363153,0.012373104889298452,2026-02-18 06:00:00,2026-02-18,6,1_8,-59.917,0,0,0
225.5,0.9659258262890683,-0.25881904510252063,0,-39.720083333333385,72.01576049540556,110.22199999999998,45.02699999999999,0.004075760857807323,0.00033454205874336316,0.014077509190005642,0.005579797837841235,0.014077509190005642,2026-02-18 07:00:00,2026-02-18,7,1_8,238.715,0,0,0
120.108,0.8660254037844387,-0.4999999999999998,0,-41.83712500000005,70.32676848844189,-11.768000000000029,39.041,0.0013418619590442765,0.00037212376252948555,0.04408002496265795,0.013775415581522461,0.04408002496265795,2026-02-18 08:00:00,2026-02-18,8,1_8,277.946,0,0,0
-79.0,0.7071067811865476,-0.7071067811865475,1,-38.309333333333385,67.89831255357473,-43.333,-128.0,0.0009979444963474254,0.00018948372762347084,0.055650093055246694,0.017070204756527624,0.055650093055246694,2026-02-18 09:00:00,2026-02-18,9,9_16,-80.0,0,0,0
-78.625,0.49999999999999994,-0.8660254037844387,1,-38.309333333333385,67.89831255357473,-2.0,-2.0,0.000925556345228379,0.00018948372762347084,0.06572360257030126,0.020070541165708278,0.06572360257030126,2026-02-18 10:00:00,2026-02-18,10,9_16,-80.0,0,0,0
-79.75,0.258819045102521,-0.9659258262890682,1,-38.309333333333385,67.89831255357473,-2.0,-2.0,0.0008127414177152702,0.00018955115905884573,0.04838724688047836,0.014835816953081626,0.04838724688047836,2026-02-18 11:00:00,2026-02-18,11,9_16,-80.0,0,0,0
-78.0,1.2246467991473532e-16,-1.0,1,-38.309333333333385,67.89831255357473,-2.0,-2.0,0.0008127414177152702,0.00018955196121138456,0.04838724688047836,0.01483581727394264,0.04838724688047836,2026-02-18 12:00:00,2026-02-18,12,9_16,-80.0,0,0,0
-78.65,-0.2588190451025208,-0.9659258262890683,1,-38.309333333333385,67.89831255357473,-2.0,-2.0,0.0008127414177152702,0.00018954053505536864,0.04838724688047836,0.014835812703480234,0.04838724688047836,2026-02-18 13:00:00,2026-02-18,13,9_16,-80.0,0,0,0
-79.0,-0.4999999999999997,-0.8660254037844388,1,-38.229958333333386,67.94370299739279,-0.09499999999999886,-2.0,0.0008271951494983569,0.00020743851639676213,0.05494976749935272,0.01681606420121403,0.05494976749935272,2026-02-18 14:00:00,2026-02-18,14,9_16,-80.0,0,0,0
-79.0,-0.7071067811865471,-0.7071067811865479,1,-38.229958333333386,67.94370299739279,-2.0,-2.0,0.0012856462564562817,0.0001991721679346626,0.05494976749935272,0.016950292993916566,0.05494976749935272,2026-02-18 15:00:00,2026-02-18,15,9_16,-80.0,0,0,0
-78.0,-0.8660254037844385,-0.5000000000000004,1,-37.14141666666672,68.32086619252449,-2.0,-28.125,0.0014864948132610547,0.0002603712167135861,0.051670506832178435,0.016051248980317283,0.051670506832178435,2026-02-18 16:00:00,2026-02-18,16,9_16,-80.0,0,0,0
213.5,-0.9659258262890683,-0.25881904510252063,2,-42.065083333333384,75.2839677781881,-196.0,-77.83200000000002,0.005439519679655989,0.00047381980620019883,0.037165901148432705,0.012971154170906687,0.037165901148432705,2026-02-18 17:00:00,2026-02-18,17,17_24,36.58,0,0,0
385.0,-1.0,-1.8369701987210297e-16,2,-39.06350000000005,73.92483523970225,-36.91900000000004,-108.957,0.02760640226597293,0.003943239871967867,0.025715703878990737,0.017573927792276248,0.02760640226597293,2026-02-18 18:00:00,2026-02-18,18,17_24,473.25,0,0,0
401.425,-0.9659258262890684,0.2588190451025203,2,-36.69504166666672,72.45431697732094,-53.00600000000003,-109.84899999999999,0.04342113959863543,0.00424884064521499,0.027073028436112284,0.02284778666851031,0.04342113959863543,2026-02-18 19:00:00,2026-02-18,19,17_24,492.758,0,0,0
443.0,-0.8660254037844386,0.5000000000000001,2,-44.38275000000005,89.64633532665864,-306.492,-121.98700000000002,0.06823507101456491,0.007699114865686411,0.008610886929158321,0.026133433329391532,0.06823507101456491,2026-02-18 20:00:00,2026-02-18,20,17_24,487.755,0,0,0
412.5,-0.7071067811865477,0.7071067811865474,2,-49.76658333333339,97.98516047270645,-250.934,-121.72199999999998,0.038577367544789964,0.005677696294780972,0.010124462259130575,0.01688162745908855,0.038577367544789964,2026-02-18 21:00:00,2026-02-18,21,17_24,490.249,0,0,0
429.5,-0.5000000000000004,0.8660254037844384,2,-53.421958333333386,103.71770167664175,-247.029,-159.3,0.061762665830451265,0.0062715045308537175,0.013313938077986195,0.025031582984872725,0.061762665830451265,2026-02-18 22:00:00,2026-02-18,22,17_24,489.547,0,0,0
374.75,-0.25881904510252157,0.9659258262890681,2,-56.85000000000005,107.97770492016299,-222.328,-140.055,0.021862404923010732,0.008068526040707536,0.00929733484077428,0.012575332345418517,0.021862404923010732,2026-02-18 23:00:00,2026-02-18,23,17_24,494.807,0,0,0
336.263,-2.4492935982947064e-16,1.0,2,-55.83650000000005,107.37649560916046,-105.394,-129.71800000000002,0.012830560952755797,0.0014269813997464928,0.009165114960600483,0.007169495333905481,0.012830560952755797,2026-02-19 00:00:00,2026-02-18,24,17_24,452.577,0,0,0
218.948,0.25881904510252074,0.9659258262890683,0,-61.15987500000005,107.53423096787813,-125.43,2.3310000000000173,0.0012934264009471163,0.0003607072898327514,0.008777943423402927,0.0031656938632381136,0.008777943423402927,2026-02-19 01:00:00,2026-02-19,1,1_8,433.468,0,0,1
142.85,0.49999999999999994,0.8660254037844387,0,-64.54087500000004,107.32331783844997,-97.0,-15.855999999999995,0.0010904497736062735,0.0003554958000620591,0.012747820424993794,0.004293679379604844,0.012747820424993794,2026-02-19 02:00:00,2026-02-19,2,1_8,248.633,0,0,0
33.0,0.7071067811865476,0.7071067811865476,0,-69.60979166666672,106.84407968663885,-118.2,3.4540000000000077,0.0010384824709900058,0.00015962479362507918,0.015074805165094214,0.004897836208275298,0.015074805165094214,2026-02-19 03:00:00,2026-02-19,3,1_8,-0.551,0,0,0
45.0,0.8660254037844386,0.5000000000000001,0,-72.61383333333337,106.81942327720668,-106.32,-34.22300000000001,0.0011267154091767384,0.00015962257590973735,0.020844476361919884,0.006655206561692881,0.020844476361919884,2026-02-19 04:00:00,2026-02-19,4,1_8,-80.0,0,0,0
-28.0,0.9659258262890683,0.25881904510252074,0,-79.59879166666671,105.27811403713145,-137.5,30.13900000000001,0.0007270444702367055,0.00015962257590973735,0.033060603013913226,0.010200143275608874,0.033060603013913226,2026-02-19 05:00:00,2026-02-19,5,1_8,-80.0,0,0,0
0.0,1.0,6.123233995736766e-17,0,-93.10179166666671,108.77095784300512,-274.91700000000003,49.15499999999997,0.0009171744424620767,0.00015962257590973735,0.029872043000639496,0.009300614263294368,0.029872043000639496,2026-02-19 06:00:00,2026-02-19,6,1_8,-80.0,0,0,0
-21.263,0.9659258262890683,-0.25881904510252063,0,-97.14375000000005,102.5090424203369,13.215000000000003,110.22199999999998,0.002453121891479297,0.00015861645940141327,0.059761883960674195,0.01872794833940661,0.059761883960674195,2026-02-19 07:00:00,2026-02-19,7,1_8,-80.0,0,0,0
-9.5,0.8660254037844387,-0.4999999999999998,0,-90.0768333333334,113.86767101778341,157.83800000000002,-11.768000000000029,0.0011416203562646394,0.00015861645940141327,0.16883174783195398,0.051055457040226154,0.16883174783195398,2026-02-19 08:00:00,2026-02-19,8,1_8,-59.775,0,0,0
-79.958,0.7071067811865476,-0.7071067811865475,1,-88.31295833333338,114.94601676835475,-1.0,-43.333,0.0010217719021558863,0.00019184185030003613,0.07549193117154042,0.023030847662228904,0.07549193117154042,2026-02-19 09:00:00,2026-02-19,9,9_16,-80.0,0,0,0
-79.99,0.49999999999999994,-0.8660254037844387,1,-88.28691666666673,114.96649063358032,-1.375,-2.0,0.0009476570160466619,0.00019184185030003613,0.051544262846454754,0.015824312698870437,0.051544262846454754,2026-02-19 10:00:00,2026-02-19,10,9_16,-80.0,0,0,0
-80.0,0.258819045102521,-0.9659258262890682,1,-88.21400000000006,115.02413742567863,-0.25,-2.0,0.0009188346201990818,0.00018657724250274583,0.045888932601368365,0.014116961063471331,0.045888932601368365,2026-02-19 11:00:00,2026-02-19,11,9_16,-80.0,0,0,0
-80.0,1.2246467991473532e-16,-1.0,1,-88.21400000000006,115.02413742567863,-2.0,-2.0,0.0009188346201990818,0.00018955196121138456,0.045888932601368365,0.014118150950954788,0.045888932601368365,2026-02-19 12:00:00,2026-02-19,12,9_16,-80.0,0,0,0
-80.0,-0.2588190451025208,-0.9659258262890683,1,-88.18691666666672,115.04539434460409,-1.3499999999999943,-2.0,0.0009188346201990818,0.00018954053505536864,0.045888932601368365,0.01411814638049238,0.045888932601368365,2026-02-19 13:00:00,2026-02-19,13,9_16,-80.0,0,0,0
-80.0,-0.4999999999999997,-0.8660254037844388,1,-88.22462500000005,115.0154095550409,-1.0,-0.09499999999999886,0.0009351733395786479,0.00018954053505536864,0.05455562270997469,0.016723055028888146,0.05455562270997469,2026-02-19 14:00:00,2026-02-19,14,9_16,-80.0,0,0,0
-79.99,-0.7071067811865471,-0.7071067811865479,1,-88.18295833333337,115.04818075597163,-1.0,-2.0,0.001911121727927893,0.00019183109793204596,0.057355281883935696,0.017856653522731896,0.057355281883935696,2026-02-19 15:00:00,2026-02-19,15,9_16,-80.0,0,0,0
-79.775,-0.8660254037844385,-0.5000000000000004,1,-88.18295833333337,115.04818075597163,-2.0,-2.0,0.0029257763712955947,0.0002503053069879435,0.05953357989122002,0.01883792900154986,0.05953357989122002,2026-02-19 16:00:00,2026-02-19,16,9_16,-80.0,0,0,0
-27.5,-0.9659258262890683,-0.25881904510252063,2,-87.38795833333337,114.33446532013579,-176.92000000000002,-196.0,0.0013320934517143347,0.0002046103362123175,0.1086470844406784,0.03307559750220274,0.1086470844406784,2026-02-19 17:00:00,2026-02-19,17,17_24,41.613,0,0,0
312.2,-1.0,-1.8369701987210297e-16,2,-82.17258333333338,119.47589941796444,88.25,-36.91900000000004,0.06744710851694709,0.005941942631217783,0.10496759335855127,0.054101187615136624,0.10496759335855127,2026-02-19 18:00:00,2026-02-19,18,17_24,610.695,1,0,1
335.0,-0.9659258262890684,0.2588190451025203,2,-76.15845833333339,124.53368804498174,91.33299999999997,-53.00600000000003,0.11853687615118164,0.00607214492588539,0.07147545695269819,0.05943255790151811,0.11853687615118164,2026-02-19 19:00:00,2026-02-19,19,17_24,506.776,1,0,0
362.175,-0.8660254037844386,0.5000000000000001,2,-61.52316666666672,116.67953682841075,44.754999999999995,-306.492,0.025784948346818413,0.003957565076107887,0.029160958137425995,0.018066797975716475,0.029160958137425995,2026-02-19 20:00:00,2026-02-19,20,17_24,490.774,0,0,0
320.0,-0.7071067811865477,0.7071067811865474,2,-47.828041666666714,112.70267677214508,77.74900000000002,-250.934,0.03721650130116043,0.0030184281261573594,0.03369243282503447,0.022480051488321412,0.03721650130116043,2026-02-19 21:00:00,2026-02-19,21,17_24,472.773,0,0,0
302.875,-0.5000000000000004,0.8660254037844384,2,-35.03320833333338,106.35677523030323,60.047000000000025,-247.029,0.018660435544353073,0.0030143997092095727,0.03717182821870828,0.017955439012602235,0.03717182821870828,2026-02-19 22:00:00,2026-02-19,22,17_24,461.532,0,0,0
249.0,-0.25881904510252157,0.9659258262890681,2,-20.76716666666671,103.05332488767924,120.05700000000002,-222.328,0.0061364070794495094,0.00035969539493445964,0.0406641493625256,0.014184045090566318,0.0406641493625256,2026-02-19 23:00:00,2026-02-19,23,17_24,437.879,0,0,0
90.25,-2.4492935982947064e-16,1.0,2,-11.529333333333376,105.05509165512376,116.31400000000002,-105.394,0.0026741391493663577,0.0003598074143759573,0.0675483617459463,0.021210673234344182,0.0675483617459463,2026-02-20 00:00:00,2026-02-19,24,17_24,339.418,0,0,1
80.0,0.25881904510252074,0.9659258262890683,0,2.635249999999958,111.73548959980667,214.52,-125.43,0.0013395074801115707,0.00030120112764303044,0.17972937720911195,0.054441145857824266,0.17972937720911195,2026-02-20 01:00:00,2026-02-20,1,1_8,132.768,0,0,0
1.5,0.49999999999999994,0.8660254037844387,0,11.084541666666624,111.54054716168666,105.78300000000002,-97.0,0.001164459985608007,0.00015666885634720476,0.09717344389493913,0.029564038706703023,0.09717344389493913,2026-02-20 02:00:00,2026-02-20,2,1_8,-26.929,0,0,0
8.0,0.7071067811865476,0.7071067811865476,0,14.611583333333291,108.57356402594938,-33.551,-118.2,0.0011154269038460268,0.00015766262100629124,0.028011897744702884,0.00880126244296719,0.028011897744702884,2026-02-20 03:00:00,2026-02-20,3,1_8,262.867,0,0,1
-25.0,0.8660254037844386,0.5000000000000001,0,13.833249999999957,109.5408281256644,-125.0,-106.32,0.0007066378462854457,0.000157660430547706,0.015524966076018894,0.004932545348910384,0.015524966076018894,2026-02-20 04:00:00,2026-02-20,4,1_8,-59.852,0,0,0
-24.75,0.9659258262890683,0.25881904510252074,0,17.395749999999957,105.7291679776161,-52.0,-137.5,0.0007305406945594546,0.000157660430547706,0.02895733769067544,0.00896942768778955,0.02895733769067544,2026-02-20 05:00:00,2026-02-20,5,1_8,-80.0,0,0,0
-50.0,1.0,6.123233995736766e-17,0,25.517291666666626,88.35828050488897,-80.0,-274.91700000000003,0.0004018507179679964,0.000157660430547706,0.04442647859816923,0.01351156296706025,0.04442647859816923,2026-02-20 06:00:00,2026-02-20,6,1_8,102.486,0,0,0
-29.0,0.9659258262890683,-0.25881904510252063,0,22.51929166666663,89.99927513354342,-58.736999999999995,13.215000000000003,0.0013523018708717586,0.000157660430547706,0.07615555461272656,0.02331542111729858,0.07615555461272656,2026-02-20 07:00:00,2026-02-20,7,1_8,285.795,0,0,1
-49.125,0.8660254037844387,-0.4999999999999998,0,13.847916666666622,86.34617618829688,-50.275,157.83800000000002,0.0007577418392444802,0.000157660430547706,0.07712368211724774,0.023427491359166747,0.07712368211724774,2026-02-20 08:00:00,2026-02-20,8,1_8,83.784,0,0,0
-79.775,0.7071067811865476,-0.7071067811865475,1,13.887833333333292,86.33923491954617,-0.04200000000000159,-1.0,0.0013544256314085336,0.00018828942883771524,0.05650438810460831,0.01743295989234014,0.05650438810460831,2026-02-20 09:00:00,2026-02-20,9,9_16,-80.0,0,0,0
-79.955,0.49999999999999994,-0.8660254037844387,1,13.94470833333329,86.32919256492012,-0.010000000000005116,-1.375,0.001243450925884528,0.00018828942883771524,0.06031418629812606,0.01854260693873826,0.06031418629812606,2026-02-20 10:00:00,2026-02-20,10,9_16,-80.0,0,0,0
-79.97,0.258819045102521,-0.9659258262890682,1,13.955124999999958,86.3274203973557,0.0,-0.25,0.0010919305669880865,0.00018835643533892524,0.05257625889027142,0.016175799411313422,0.05257625889027142,2026-02-20 11:00:00,2026-02-20,11,9_16,-80.0,0,0,0
-79.978,1.2246467991473532e-16,-1.0,1,14.03845833333329,86.31231299635425,0.0,-2.0,0.0010919305669880865,0.00020745102128084153,0.052968524900790785,0.016301117048845997,0.052968524900790785,2026-02-20 12:00:00,2026-02-20,12,9_16,-80.0,0,0,0
-79.85,-0.2588190451025208,-0.9659258262890683,1,14.094708333333292,86.30228757735783,0.0,-1.3499999999999943,0.0010919305669880865,0.00020743851639676213,0.05257625889027142,0.016183432243736556,0.05257625889027142,2026-02-20 13:00:00,2026-02-20,13,9_16,-80.0,0,0,0
-79.965,-0.4999999999999997,-0.8660254037844388,1,14.136374999999958,86.29492409416852,0.0,-1.0,0.0011507021099194997,0.00020743851639676213,0.06594432072523672,0.02021148225710557,0.06594432072523672,2026-02-20 14:00:00,2026-02-20,14,9_16,-80.0,0,0,0
-79.97,-0.7071067811865471,-0.7071067811865479,1,14.177624999999956,86.28761045168525,-0.010000000000005116,-1.0,0.0059718614677222075,0.0002179794492398351,0.06594432072523672,0.021662046437583612,0.06594432072523672,2026-02-20 15:00:00,2026-02-20,15,9_16,-80.0,0,0,0
-79.908,-0.8660254037844385,-0.5000000000000004,1,14.251583333333292,86.27390110719145,-0.22499999999999432,-2.0,0.007770855307707752,0.0015973770656091334,0.06842514349629379,0.023497750467444116,0.06842514349629379,2026-02-20 16:00:00,2026-02-20,16,9_16,-80.0,0,0,0
-74.75,-0.9659258262890683,-0.25881904510252063,2,24.502958333333293,76.6511869220774,69.113,-176.92000000000002,0.0017422618053819154,0.0009188304127936989,0.20957349125362124,0.06376225808281842,0.20957349125362124,2026-02-20 17:00:00,2026-02-20,17,17_24,-80.0,0,0,0
189.993,-1.0,-1.8369701987210297e-16,2,33.26316666666663,94.24770002391018,298.49500000000006,88.25,0.10272237140420483,0.0022207829134615617,0.0596202272709185,0.04959109276792162,0.10272237140420483,2026-02-20 18:00:00,2026-02-20,18,17_24,266.075,0,0,0
246.875,-0.9659258262890684,0.2588190451025203,2,36.6149583333333,97.76736748926332,171.776,91.33299999999997,0.01850091543041487,0.0007575879463593974,0.03508789655175735,0.016379678773195426,0.03508789655175735,2026-02-20 19:00:00,2026-02-20,19,17_24,75.544,0,0,0
166.7,-0.8660254037844386,0.5000000000000001,2,40.108458333333296,99.55257120736792,128.599,44.754999999999995,0.005490864302795941,0.010434539875763984,0.049662789948993785,0.02071991222584251,0.049662789948993785,2026-02-20 20:00:00,2026-02-20,20,17_24,134.402,0,0,0
90.0,-0.7071067811865477,0.7071067811865474,2,43.23445833333329,101.93527262753672,152.77300000000002,77.74900000000002,0.004339684828679465,0.0004613026956270789,0.05931284816783553,0.019280280977205327,0.05931284816783553,2026-02-20 21:00:00,2026-02-20,21,17_24,-60.153,0,0,0
9.5,-0.5000000000000004,0.8660254037844384,2,47.3432083333333,104.59506457305501,158.65699999999998,60.047000000000025,0.004339684828679465,0.00017573216440260495,0.08955010757632224,0.028237230587261554,0.08955010757632224,2026-02-20 22:00:00,2026-02-20,22,17_24,285.572,0,0,1
-11.0,-0.25881904510252157,0.9659258262890681,2,50.21079166666663,107.57619448638248,188.87900000000002,120.05700000000002,0.0012063447615303104,0.00015791046716737882,0.08589220492421216,0.026192729092589694,0.08589220492421216,2026-02-20 23:00:00,2026-02-20,23,17_24,-80.0,0,0,0
-25.0,-2.4492935982947064e-16,1.0,2,55.746374999999965,114.33162624416643,249.168,116.31400000000002,0.001679518613683746,0.00015791998685517786,0.021736698297606934,0.007088033068129275,0.021736698297606934,2026-02-21 00:00:00,2026-02-20,24,17_24,-80.0,0,0,0
-65.0,0.25881904510252074,0.9659258262890683,0,49.006708333333286,109.21841492105459,52.768,214.52,0.0005376592805982683,0.00015666885634720476,0.024609042199645416,0.007606677986611987,0.024609042199645416,2026-02-21 01:00:00,2026-02-21,1,1_8,-80.0,0,0,0
-72.625,0.49999999999999994,0.8660254037844387,0,43.41454166666663,109.62018129570124,-28.429,105.78300000000002,0.0004697917345646763,0.00015766262100629124,0.025847431075153728,0.007958231891318038,0.025847431075153728,2026-02-21 02:00:00,2026-02-21,2,1_8,-80.0,0,0,0
-75.0,0.7071067811865476,0.7071067811865476,0,55.43195833333329,116.41452240927973,254.86700000000002,-33.551,0.0006107199757396985,0.00015666885634720476,0.14684901240917958,0.04430058725801466,0.14684901240917958,2026-02-21 03:00:00,2026-02-21,3,1_8,-80.0,0,0,0
-77.5,0.8660254037844386,0.5000000000000001,0,59.18812499999996,111.69849445690895,-34.852,-125.0,0.00048759410104452013,0.00015716958627273877,0.012913708241714712,0.004083258537336865,0.012913708241714712,2026-02-21 04:00:00,2026-02-21,4,1_8,-80.0,0,0,0
-78.0,0.9659258262890683,0.25881904510252074,0,59.05270833333329,111.84103226940033,-55.25,-52.0,0.00048759410104452013,0.00015716958627273877,0.02436798298064672,0.007519540959016467,0.02436798298064672,2026-02-21 05:00:00,2026-02-21,5,1_8,-80.0,0,0,0
-70.0,1.0,6.123233995736766e-17,0,68.73962499999996,109.31319807098022,152.486,-80.0,0.0005364463931606028,0.00015617892877981007,0.14360941058469714,0.04330622866486925,0.14360941058469714,2026-02-21 06:00:00,2026-02-21,6,1_8,-80.0,0,0,0
-65.0,0.9659258262890683,-0.25881904510252063,0,84.3034583333333,116.71500017600604,314.795,-58.736999999999995,0.0009271799174665275,0.0001987149408344332,0.10194387372916026,0.03094080207032181,0.10194387372916026,2026-02-21 07:00:00,2026-02-21,7,1_8,-80.0,0,0,0
-50.315,0.8660254037844387,-0.4999999999999998,0,91.93612499999996,113.47628634530997,132.909,-50.275,0.0006352956071266827,0.00015641177239940213,0.07401786197782126,0.02245851198444414,0.07401786197782126,2026-02-21 08:00:00,2026-02-21,8,1_8,-80.0,0,0,0
-79.838,0.7071067811865476,-0.7071067811865475,1,91.92849999999997,113.48274146318441,-0.22499999999999432,-0.04200000000000159,0.0007736952562158495,0.00018636295784734864,0.04535980314480536,0.013914594703445301,0.04535980314480536,2026-02-21 09:00:00,2026-02-21,9,9_16,-80.0,0,0,0
-79.98,0.49999999999999994,-0.8660254037844387,1,91.92704166666663,113.48397452445745,-0.045000000000001705,-0.010000000000005116,0.000777445767695176,0.00018814010765847222,0.043118890618014744,0.013244156958776364,0.043118890618014744,2026-02-21 10:00:00,2026-02-21,10,9_16,-80.0,0,0,0
-79.98,0.258819045102521,-0.9659258262890682,1,91.92579166666661,113.48503126422277,-0.030000000000001137,0.0,0.0007537963345761768,0.00018835643533892524,0.026540707000480838,0.008263693574652673,0.026540707000480838,2026-02-21 11:00:00,2026-02-21,11,9_16,-80.0,0,0,0
-79.98,1.2246467991473532e-16,-1.0,1,91.92487499999994,113.48580615761831,-0.02200000000000557,0.0,0.0007537963345761768,0.00020745102128084153,0.02674420777648782,0.008332381641831536,0.02674420777648782,2026-02-21 12:00:00,2026-02-21,12,9_16,-80.0,0,0,0
-79.97,-0.2588190451025208,-0.9659258262890683,1,91.91862499999995,113.49109285249311,-0.15000000000000568,0.0,0.0007537963345761768,0.00020743851639676213,0.026540707000480838,0.008271326407075808,0.026540707000480838,2026-02-21 13:00:00,2026-02-21,13,9_16,-80.0,0,0,0
-79.98,-0.4999999999999997,-0.8660254037844388,1,91.91716666666662,113.49232555654078,-0.03499999999999659,0.0,0.0007943827772885282,0.00020743851639676213,0.029579277076258105,0.009195073362622696,0.029579277076258105,2026-02-21 14:00:00,2026-02-21,14,9_16,-80.0,0,0,0
-79.98,-0.7071067811865471,-0.7071067811865479,1,91.9163333333333,113.49302996321772,-0.030000000000001137,-0.010000000000005116,0.0011828597166609002,0.00020720027745617253,0.031139427404948242,0.009779566247465211,0.031139427404948242,2026-02-21 15:00:00,2026-02-21,15,9_16,-80.0,0,0,0
-79.935,-0.8660254037844385,-0.5000000000000004,1,91.92187499999996,113.48833839969102,-0.09199999999999875,-0.22499999999999432,0.0012946059623421514,0.00035285459342215917,0.029469235238530893,0.009370294197630778,0.029469235238530893,2026-02-21 16:00:00,2026-02-21,16,9_16,-80.0,0,0,0
-52.5,-0.9659258262890683,-0.25881904510252063,2,88.82341666666663,115.14123383495672,-5.25,69.113,0.0009515435991766727,0.00019220119464895537,0.14781198503596124,0.04470593906840095,0.14781198503596124,2026-02-21 17:00:00,2026-02-21,17,17_24,-80.0,0,0,0
129.0,-1.0,-1.8369701987210297e-16,2,79.55620833333329,106.12986487071574,76.082,298.49500000000006,0.0036262956375875052,0.001387918451506743,0.1590488982272418,0.04935772554005149,0.1590488982272418,2026-02-21 18:00:00,2026-02-21,18,17_24,163.289,0,0,0
234.0,-0.9659258262890684,0.2588190451025203,2,65.26008333333328,115.83278986310795,-171.33100000000002,171.776,0.008401415966733347,0.0006856175572312532,0.02359058227069359,0.009871846494120583,0.02359058227069359,2026-02-21 19:00:00,2026-02-21,19,17_24,167.212,0,0,0
165.5,-0.8660254037844386,0.5000000000000001,2,58.55604166666662,116.66069544865273,-32.298,128.599,0.002400803819942071,0.001060294011971431,0.01923575208145123,0.006915084375206562,0.01923575208145123,2026-02-21 20:00:00,2026-02-21,20,17_24,186.815,0,0,0
199.8,-0.7071067811865477,0.7071067811865474,2,45.93412499999996,122.27599447056721,-150.153,152.77300000000002,0.003372626315709758,0.0008070293430880894,0.022624987373905357,0.00812209584411977,0.022624987373905357,2026-02-21 21:00:00,2026-02-21,21,17_24,67.489,0,0,0
153.0,-0.5000000000000004,0.8660254037844384,2,50.826416666666624,129.13848304652592,276.072,158.65699999999998,0.012522147071443423,0.000438730462579126,0.05817028455714249,0.02138322167360742,0.05817028455714249,2026-02-21 22:00:00,2026-02-21,22,17_24,293.448,0,0,0
15.0,-0.25881904510252157,0.9659258262890681,2,40.08145833333328,127.87462520459425,-69.0,188.87900000000002,0.0018159167935380624,0.00015519720734595712,0.04088839133652097,0.012873371321956092,0.04088839133652097,2026-02-21 23:00:00,2026-02-21,23,17_24,34.186,0,0,0
0.0,-2.4492935982947064e-16,1.0,2,27.407791666666622,121.14714960273561,-55.0,249.168,0.004607434562159852,0.00015520656348932954,0.022495742792721835,0.008193035831860238,0.022495742792721835,2026-02-22 00:00:00,2026-02-21,24,17_24,-59.639,0,0,0
-78.5,0.25881904510252074,0.9659258262890683,0,24.584124999999954,121.3199971137454,-15.0,52.768,0.00052493321224583,0.00015766262100629124,0.015255488478044239,0.0047971915554895364,0.015255488478044239,2026-02-22 01:00:00,2026-02-22,1,1_8,-80.0,0,0,0
-78.0,0.49999999999999994,0.8660254037844387,0,25.46137499999995,120.99568510445562,-7.375,-28.429,0.0005165742568494475,0.00015766262100629124,0.01688348503075868,0.005283082834684955,0.01688348503075868,2026-02-22 02:00:00,2026-02-22,2,1_8,-80.0,0,0,0
-79.45,0.7071067811865476,0.7071067811865476,0,14.633583333333284,110.76927696947565,-5.0,254.86700000000002,0.0004901246255882615,0.00015766262100629124,0.06048253610839092,0.01835486326859627,0.06048253610839092,2026-02-22 03:00:00,2026-02-22,3,1_8,-80.0,0,0,0
-79.45,0.8660254037844386,0.5000000000000001,0,15.981583333333283,110.33689098705037,-2.5,-34.852,0.0005084874505070744,0.000157660430547706,0.039732285346428003,0.012135296011299606,0.039732285346428003,2026-02-22 04:00:00,2026-02-22,4,1_8,-80.0,0,0,0
-79.45,0.9659258262890683,0.25881904510252074,0,18.200333333333283,109.37341884160558,-2.0,-55.25,0.0005033182822942871,0.000157660430547706,0.03004828612182051,0.00922854549345352,0.03004828612182051,2026-02-22 05:00:00,2026-02-22,5,1_8,-80.0,0,0,0
-79.4,1.0,6.123233995736766e-17,0,11.430083333333286,105.66581383650866,-10.0,152.486,0.000488268854246682,0.000157660430547706,0.0586152562243154,0.017794121695787705,0.0586152562243154,2026-02-22 06:00:00,2026-02-22,6,1_8,-47.402,0,0,0
-78.0,0.9659258262890683,-0.25881904510252063,0,-2.31137500000005,83.64975877862784,-15.0,314.795,0.002925615051796843,0.000157660430547706,0.04915821619706576,0.015688213546877862,0.04915821619706576,2026-02-22 07:00:00,2026-02-22,7,1_8,-76.982,0,0,0
-78.0,0.8660254037844387,-0.4999999999999998,0,-9.08612500000005,78.65740826786924,-29.685000000000002,132.909,0.0006914532747678383,0.00022271017714599884,0.16248508714710444,0.04904204619742008,0.16248508714710444,2026-02-22 08:00:00,2026-02-22,8,1_8,-80.0,0,0,0
-78.0,0.7071067811865476,-0.7071067811865475,1,-9.08350000000005,78.65771789435296,-0.16200000000000614,-0.22499999999999432,0.0012360027054517733,0.00018828942883771524,0.06259941776215996,0.019225941911818607,0.06259941776215996,2026-02-22 09:00:00,2026-02-22,9,9_16,-80.0,0,0,0
-78.0,0.49999999999999994,-0.8660254037844387,1,-9.082458333333383,78.65784296115882,-0.01999999999999602,-0.045000000000001705,0.001134719943415659,0.00018828942883771524,0.11189580914916894,0.03398447449931047,0.11189580914916894,2026-02-22 10:00:00,2026-02-22,10,9_16,-80.0,0,0,0
-78.0,0.258819045102521,-0.9659258262890682,1,-9.082041666666717,78.65789302525137,-0.01999999999999602,-0.030000000000001137,0.0009964357488659033,0.00018835643533892524,0.0716605671015504,0.02187244342926046,0.0716605671015504,2026-02-22 11:00:00,2026-02-22,11,9_16,-80.0,0,0,0
-78.0,1.2246467991473532e-16,-1.0,1,-9.081958333333382,78.65790304221169,-0.01999999999999602,-0.02200000000000557,0.0009964357488659033,0.00020745102128084153,0.0716605671015504,0.021880081263637226,0.0716605671015504,2026-02-22 12:00:00,2026-02-22,12,9_16,-80.0,0,0,0
-78.0,-0.2588190451025208,-0.9659258262890683,1,-9.076958333333382,78.6584993121624,-0.030000000000001137,-0.15000000000000568,0.0009964357488659033,0.00020743851639676213,0.0716605671015504,0.021880076261683593,0.0716605671015504,2026-02-22 13:00:00,2026-02-22,13,9_16,-80.0,0,0,0
-78.0,-0.4999999999999997,-0.8660254037844388,1,-9.076333333333382,78.65857434046939,-0.01999999999999602,-0.03499999999999659,0.0010500728280091979,0.00020743851639676213,0.07086757583985885,0.021658270006919122,0.07086757583985885,2026-02-22 14:00:00,2026-02-22,14,9_16,-80.0,0,0,0
-78.0,-0.7071067811865471,-0.7071067811865479,1,-9.075916666666716,78.65862437024072,-0.01999999999999602,-0.030000000000001137,0.007951782725307608,0.0002179794492398351,0.07086757583985885,0.023732999349245873,0.07086757583985885,2026-02-22 15:00:00,2026-02-22,15,9_16,-80.0,0,0,0
-78.0,-0.8660254037844385,-0.5000000000000004,1,-9.074791666666718,78.65875864051975,-0.06499999999999773,-0.09199999999999875,0.010865891022902297,0.00028495570922283756,0.07351903328424365,0.02542945957583292,0.07351903328424365,2026-02-22 16:00:00,2026-02-22,16,9_16,-80.0,0,0,0
203.25,-0.9659258262890683,-0.25881904510252063,2,-10.00187500000005,78.74279506491787,-27.5,-5.25,0.004970092047051085,0.0005615355213533313,0.04809080770319669,0.016142884133615663,0.04809080770319669,2026-02-22 17:00:00,2026-02-22,17,17_24,-58.272,0,0,0
455.0,-1.0,-1.8369701987210297e-16,2,-11.743250000000051,77.20337613830081,34.28899999999999,76.082,0.26612761252477635,0.029650938761656278,0.059605340114950216,0.10958026129658048,0.26612761252477635,2026-02-22 18:00:00,2026-02-22,18,17_24,469.615,0,0,0
482.5,-0.9659258262890684,0.2588190451025203,2,-7.387291666666717,70.46263246663732,-66.78800000000001,-171.33100000000002,0.23747212860679798,0.08145970025882193,0.08378747423698733,0.12896176095666437,0.23747212860679798,2026-02-22 19:00:00,2026-02-22,19,17_24,454.851,0,0,0
480.05,-0.8660254037844386,0.5000000000000001,2,-5.1534166666667165,70.48839331587448,21.314999999999998,-32.298,0.3801930860996862,0.018501513261175266,0.0378283203464757,0.13280702723831866,0.3801930860996862,2026-02-22 20:00:00,2026-02-22,20,17_24,426.655,0,0,0
482.5,-0.7071067811865477,0.7071067811865474,2,-4.410000000000051,68.97038444900299,-132.311,-150.153,0.23529101215712184,0.011851085599982292,0.13558826373683408,0.11600421700817967,0.23529101215712184,2026-02-22 21:00:00,2026-02-22,21,17_24,386.052,0,0,0
482.5,-0.5000000000000004,0.8660254037844384,2,-10.061000000000051,47.06900440010577,140.44799999999998,276.072,0.4969606254241863,0.053735790074040245,0.24861933026578448,0.2451683027366073,0.4969606254241863,2026-02-22 22:00:00,2026-02-22,22,17_24,362.864,0,0,0
447.9,-0.25881904510252157,0.9659258262890681,2,-6.386583333333385,45.68980773500924,19.186,-69.0,0.08569039999880068,0.003232945118093539,0.0185542804060844,0.03256658216870294,0.08569039999880068,2026-02-22 23:00:00,2026-02-22,23,17_24,359.18,0,0,0
415.0,-2.4492935982947064e-16,1.0,2,-6.579875000000052,45.91367378528697,-59.639,-55.0,0.02785084291911181,0.0012938504087818038,0.004109683070867531,0.010105697960506524,0.02785084291911181,2026-02-23 00:00:00,2026-02-22,24,17_24,367.773,0,0,0
285.0,0.25881904510252074,0.9659258262890683,0,-6.017375000000052,45.888720791677464,-1.5,-15.0,0.0019833348340795834,0.00043970650885236746,0.003014070449786142,0.0016751041887006646,0.003014070449786142,2026-02-23 01:00:00,2026-02-23,1,1_8,309.335,0,0,0
262.0,0.49999999999999994,0.8660254037844387,0,-5.793416666666719,45.89492270195727,-2.0,-7.375,0.0014703454572487552,0.0004244997399686374,0.0014263507519595925,0.0010388087587499594,0.0014703454572487552,2026-02-23 02:00:00,2026-02-23,2,1_8,288.125,0,0,0
249.0,0.7071067811865476,0.7071067811865476,0,-5.608000000000051,45.907254892216365,-0.5499999999999972,-5.0,0.0015249801262091011,0.0002947923974744129,0.0015203581701965206,0.0010315184479114516,0.0015249801262091011,2026-02-23 03:00:00,2026-02-23,3,1_8,290.621,0,0,0
229.5,0.8660254037844386,0.5000000000000001,0,-5.526750000000052,45.91471983944338,-0.5499999999999972,-2.5,0.0010642590911741517,0.0002947883023885126,0.0018234740556088327,0.0009842352649903003,0.0018234740556088327,2026-02-23 04:00:00,2026-02-23,4,1_8,124.513,0,0,0
191.83,0.9659258262890683,0.25881904510252074,0,-5.4663333333333854,45.92051588642222,-0.5499999999999972,-2.0,0.0007522656771974513,0.0002784324651901731,0.0026039290635850435,0.0011182314083108176,0.0026039290635850435,2026-02-23 05:00:00,2026-02-23,5,1_8,39.447,0,0,0
196.5,1.0,6.123233995736766e-17,0,-3.7164166666667184,46.5363280542756,31.998000000000005,-10.0,0.0008795754986975327,0.00035770964757476795,0.003304795583629114,0.0013983951837279011,0.003304795583629114,2026-02-23 06:00:00,2026-02-23,6,1_8,-47.944,0,0,0
248.5,0.9659258262890683,-0.25881904510252063,0,-3.0490000000000514,46.48229715849069,1.0180000000000007,-15.0,0.002138875967074618,0.0003708251923777382,0.0022311362055202114,0.001459333728729544,0.0022311362055202114,2026-02-23 07:00:00,2026-02-23,7,1_8,-59.599,0,0,0
287.5,0.8660254037844387,-0.4999999999999998,0,-1.8954583333333848,46.134764282364024,-2.0,-29.685000000000002,0.0021195476043032535,0.00048353296998425904,0.0020486826895126623,0.0014438822761384785,0.0021195476043032535,2026-02-23 08:00:00,2026-02-23,8,1_8,74.059,0,0,0
277.0,0.7071067811865476,-0.7071067811865475,1,-1.972041666666718,46.13328715465265,-2.0,-0.16200000000000614,0.009080045750764857,0.0022707804792513075,0.0038490626241847654,0.0047870447041854095,0.009080045750764857,2026-02-23 09:00:00,2026-02-23,9,9_16,309.532,0,0,0
240.0,0.49999999999999994,-0.8660254037844387,1,-2.0545416666667182,46.131414925638964,-2.0,-0.01999999999999602,0.003620180026624742,0.0004671666512284988,0.005026946874662345,0.0027810047308775253,0.005026946874662345,2026-02-23 10:00:00,2026-02-23,10,9_16,336.951,0,0,0
215.15,0.258819045102521,-0.9659258262890682,1,-2.1370416666667182,46.12938865887413,-2.0,-0.01999999999999602,0.002066647847247904,0.0005118461571259086,0.01646094143884412,0.00576301524867797,0.01646094143884412,2026-02-23 11:00:00,2026-02-23,11,9_16,356.038,0,0,0
212.75,1.2246467991473532e-16,-1.0,1,-2.2195416666667183,46.12720833405853,-2.0,-0.01999999999999602,0.002066647847247904,0.0005614862506622261,0.019780555283517468,0.0067787554394945024,0.019780555283517468,2026-02-23 12:00:00,2026-02-23,12,9_16,384.235,0,0,0
222.15,-0.2588190451025208,-0.9659258262890683,1,-2.3016250000000515,46.124895391242454,-2.0,-0.030000000000001137,0.0041285613899154985,0.0005612689752026484,0.01646094143884412,0.006401358438708945,0.01646094143884412,2026-02-23 13:00:00,2026-02-23,13,9_16,366.088,0,0,0
245.75,-0.4999999999999997,-0.8660254037844388,1,-2.384125000000052,46.122407662097515,-2.0,-0.01999999999999602,0.007914762402528006,0.0005612689752026484,0.015788290088535314,0.007335423337400055,0.015788290088535314,2026-02-23 14:00:00,2026-02-23,14,9_16,355.462,0,0,0
280.5,-0.7071067811865471,-0.7071067811865479,1,-2.466625000000052,46.119765804875215,-2.0,-0.01999999999999602,0.01420479642723953,0.004442746243169522,0.01453406813726449,0.010398757866619014,0.01453406813726449,2026-02-23 15:00:00,2026-02-23,15,9_16,377.481,0,0,0
310.5,-0.8660254037844385,-0.5000000000000004,1,-2.547250000000052,46.11707609726214,-2.0,-0.06499999999999773,0.024907465847490252,0.004159240932462427,0.013453689884130818,0.01317204309247129,0.024907465847490252,2026-02-23 16:00:00,2026-02-23,16,9_16,439.174,0,0,0
337.3,-0.9659258262890683,-0.25881904510252063,2,-12.298166666666718,70.11772729498779,-261.522,-27.5,0.012486751132065524,0.004206465129058029,0.014981407708765921,0.009923033703872645,0.014981407708765921,2026-02-23 17:00:00,2026-02-23,17,17_24,472.294,0,0,0
418.65,-1.0,-1.8369701987210297e-16,2,-13.117916666666718,69.66292362507141,14.615000000000009,34.28899999999999,0.07679256947053648,0.01184135200934261,0.022657134977884054,0.0345714521382632,0.07679256947053648,2026-02-23 18:00:00,2026-02-23,18,17_24,583.255,1,0,0
425.0,-0.9659258262890684,0.2588190451025203,2,-11.48712500000005,68.80472504206315,-27.649,-66.78800000000001,0.07671870449821508,0.007490990794607537,0.0171890349283926,0.031168718145825315,0.07671870449821508,2026-02-23 19:00:00,2026-02-23,19,17_24,458.374,0,0,0
340.5,-0.8660254037844386,0.5000000000000001,2,-14.60004166666672,68.94604030782625,-53.39500000000004,21.314999999999998,0.01322555452690164,0.0035465993264928216,0.007428084841220062,0.007614731541033639,0.01322555452690164,2026-02-23 20:00:00,2026-02-23,20,17_24,428.525,0,0,0
399.5,-0.7071067811865477,0.7071067811865474,2,-13.105750000000052,66.63379077970646,-96.44799999999998,-132.311,0.03717726581101229,0.005390994012919081,0.01981681772851705,0.019254622667026433,0.03717726581101229,2026-02-23 21:00:00,2026-02-23,21,17_24,428.016,0,0,0
398.5,-0.5000000000000004,0.8660254037844384,2,-23.942583333333385,61.52867156326669,-119.63600000000002,140.44799999999998,0.11246476780231891,0.0019379271622415302,0.006759951396917382,0.0365425866246675,0.11246476780231891,2026-02-23 22:00:00,2026-02-23,22,17_24,412.723,0,0,0
394.5,-0.25881904510252157,0.9659258262890681,2,-28.43866666666672,62.17918196328208,-88.71999999999997,19.186,0.02914529017864437,0.0016540218691985331,0.00701517364751324,0.011509747895526695,0.02914529017864437,2026-02-23 23:00:00,2026-02-23,23,17_24,397.58,0,0,0
373.75,-2.4492935982947064e-16,1.0,2,-27.92150000000005,61.95962465081048,-47.226999999999975,-59.639,0.010486517155243484,0.0009831595289655308,0.009929125697876883,0.006517956667522322,0.010486517155243484,2026-02-24 00:00:00,2026-02-23,24,17_24,350.262,0,0,0
338.07,0.25881904510252074,0.9659258262890683,0,-26.845041666666717,62.65909241316399,24.33499999999998,-1.5,0.008746226654734734,0.002871644112620858,0.005970679502554664,0.005563729492235162,0.008746226654734734,2026-02-24 01:00:00,2026-02-24,1,1_8,337.395,0,0,0
353.0,0.49999999999999994,0.8660254037844387,0,-25.673166666666717,63.4025486599669,26.125,-2.0,0.007521119838291747,0.0008631924448969315,0.003860949020227597,0.0037598976355145758,0.007521119838291747,2026-02-24 02:00:00,2026-02-24,2,1_8,354.311,0,0,0
353.0,0.7071067811865476,0.7071067811865476,0,-23.916041666666715,64.70015950082916,41.62099999999998,-0.5499999999999972,0.008304142093967775,0.00141341453516417,0.0035572663716100525,0.004123788353739016,0.008304142093967775,2026-02-24 03:00:00,2026-02-24,3,1_8,359.001,0,0,0
352.5,0.8660254037844386,0.5000000000000001,0,-28.26758333333338,66.54603216598258,-104.987,-0.5499999999999972,0.010073860617263751,0.0020385744172538908,0.002975025631379841,0.004730095641494634,0.010073860617263751,2026-02-24 04:00:00,2026-02-24,4,1_8,351.47,0,0,0
352.51,0.9659258262890683,0.25881904510252074,0,-34.59395833333338,70.8729515047732,-152.383,-0.5499999999999972,0.012064457895324275,0.002539321185651517,0.005644313269678398,0.0063283598237614085,0.012064457895324275,2026-02-24 05:00:00,2026-02-24,5,1_8,352.822,0,0,0
354.37,1.0,6.123233995736766e-17,0,-46.11237500000005,81.27965888045146,-244.44400000000002,31.998000000000005,0.011433511752679952,0.017200455743577873,0.010484340510921036,0.013455537976511446,0.017200455743577873,2026-02-24 06:00:00,2026-02-24,6,1_8,356.215,0,0,0
350.5,0.9659258262890683,-0.25881904510252063,0,-58.99225000000005,96.54490707944136,-308.099,1.0180000000000007,0.0068626351414304305,0.0058436325902742215,0.010448821751493285,0.007530890103986804,0.010448821751493285,2026-02-24 07:00:00,2026-02-24,7,1_8,344.967,0,0,0
360.5,0.8660254037844387,-0.4999999999999998,0,-67.80229166666672,100.67697692533265,-213.441,-2.0,0.011330591522428867,0.002492266353640156,0.013867132568759438,0.008556223768812554,0.013867132568759438,2026-02-24 08:00:00,2026-02-24,8,1_8,381.721,0,0,0
385.58,0.7071067811865476,-0.7071067811865475,1,-66.36345833333338,101.897642036112,32.53199999999998,-2.0,0.053890935333612694,0.006004583686931108,0.028955082028564127,0.02725563868342549,0.053890935333612694,2026-02-24 09:00:00,2026-02-24,9,9_16,403.517,0,0,0
230.17,0.49999999999999994,-0.8660254037844387,1,-62.240500000000054,106.51249448855103,96.95100000000002,-2.0,0.009869454325938084,0.0004938369581799262,0.08000074290808552,0.027158593953479054,0.08000074290808552,2026-02-24 10:00:00,2026-02-24,10,9_16,294.437,0,0,0
110.0,0.258819045102521,-0.9659258262890682,1,-56.286833333333384,113.77218393127761,140.888,-2.0,0.023160210115166724,0.0005608995054774009,0.24348233115556173,0.0802171221834095,0.24348233115556173,2026-02-24 11:00:00,2026-02-24,11,9_16,-22.413,0,0,0
8.5,1.2246467991473532e-16,-1.0,1,-49.05829166666672,122.54430085819575,171.485,-2.0,0.029734008924305676,0.0001898616211141341,0.30326073891701866,0.09997436900084294,0.30326073891701866,2026-02-24 12:00:00,2026-02-24,12,9_16,256.29,0,0,1
-23.5,-0.2588190451025208,-0.9659258262890683,1,-42.97754166666672,128.45894349421567,143.93800000000002,-2.0,0.008727692701220964,0.00018985017629542287,0.13695154854051045,0.04377971244303759,0.13695154854051045,2026-02-24 13:00:00,2026-02-24,13,9_16,295.465,0,0,1
-62.5,-0.4999999999999997,-0.8660254037844388,1,-38.322875000000046,131.983869049711,109.71199999999999,-2.0,0.0009259173682844534,0.00021127581160198475,0.13377558941723727,0.04049496236029731,0.13377558941723727,2026-02-24 14:00:00,2026-02-24,14,9_16,315.865,0,0,1
5.0,-0.7071067811865471,-0.7071067811865479,1,-34.19866666666672,134.68701689009737,96.981,-2.0,0.053493428400889255,0.00022201169227740092,0.23892159645285183,0.08781331213303328,0.23892159645285183,2026-02-24 15:00:00,2026-02-24,15,9_16,321.606,0,0,1
81.578,-0.8660254037844385,-0.5000000000000004,1,-28.753916666666715,138.62882755633723,128.67399999999998,-2.0,0.021956657589947495,0.0012554923509245622,0.19567472040381106,0.0657916103384974,0.19567472040381106,2026-02-24 16:00:00,2026-02-24,16,9_16,355.63,0,0,1
317.25,-0.9659258262890683,-0.25881904510252063,2,-12.232416666666717,133.20371005765182,134.99399999999997,-261.522,0.018865611772761366,0.005334166371672643,0.04682563796916605,0.021841041471247283,0.04682563796916605,2026-02-24 17:00:00,2026-02-24,17,17_24,397.189,0,0,0
425.5,-1.0,-1.8369701987210297e-16,2,-5.982833333333385,137.95203415449194,164.60500000000002,14.615000000000009,0.2291516234717527,0.019374285464457214,0.08781125013397613,0.10283857626750152,0.2291516234717527,2026-02-24 18:00:00,2026-02-24,18,17_24,393.498,0,0,0
420.0,-0.9659258262890684,0.2588190451025203,2,-3.440208333333384,138.0976253103065,33.374000000000024,-27.649,0.16474584782552965,0.01678347764099664,0.0489510805570563,0.07082246957117444,0.16474584782552965,2026-02-24 19:00:00,2026-02-24,19,17_24,374.691,0,0,0
403.788,-0.8660254037844386,0.5000000000000001,2,2.4522916666666164,138.88829268766193,88.02499999999998,-53.39500000000004,0.2448270928842306,0.0252801478343105,0.10418203641244096,0.11481479792272567,0.2448270928842306,2026-02-24 20:00:00,2026-02-24,20,17_24,364.501,0,0,0
400.0,-0.7071067811865477,0.7071067811865474,2,7.65912499999995,137.3533071934692,28.51600000000002,-96.44799999999998,0.08783294910141316,0.01067799357717802,0.12873395668962656,0.06924126916818313,0.12873395668962656,2026-02-24 21:00:00,2026-02-24,21,17_24,358.905,0,0,0
307.91,-0.5000000000000004,0.8660254037844384,2,13.236583333333284,134.65073266108317,14.223000000000013,-119.63600000000002,0.016305788911700772,0.002551697060867426,0.01770903921759193,0.011225127263134781,0.01770903921759193,2026-02-24 22:00:00,2026-02-24,22,17_24,355.667,0,0,0
350.0,-0.25881904510252157,0.9659258262890681,2,17.06158333333328,132.9213124275819,3.079999999999984,-88.71999999999997,0.04045315831193684,0.0021490460559951403,0.019888378498855164,0.018962079465635658,0.04045315831193684,2026-02-24 23:00:00,2026-02-24,23,17_24,344.743,0,0,0
330.5,-2.4492935982947064e-16,1.0,2,18.050708333333283,132.50980238801606,-23.488,-47.226999999999975,0.02172059645572979,0.0018127797890363539,0.01102874881718178,0.010549915497488013,0.02172059645572979,2026-02-25 00:00:00,2026-02-24,24,17_24,325.386,0,0,0
311.5,0.25881904510252074,0.9659258262890683,0,17.00862499999995,132.55656628342894,-0.6750000000000114,24.33499999999998,0.005748150434781267,0.0011660923416925053,0.008112137084119897,0.004624523192347352,0.008112137084119897,2026-02-25 01:00:00,2026-02-25,1,1_8,300.0,0,0,0
329.8,0.49999999999999994,0.8660254037844387,0,15.97470833333328,132.57913906024032,1.3109999999999786,26.125,0.007424148933956456,0.0009692863706524836,0.006070488819015671,0.0044361058741526314,0.007424148933956456,2026-02-25 02:00:00,2026-02-25,2,1_8,290.184,0,0,0
344.62,0.7071067811865476,0.7071067811865476,0,14.490541666666616,132.47889465807035,6.000999999999976,41.62099999999998,0.01151030561757653,0.0012488731904524613,0.012141070994960174,0.007594962259941995,0.012141070994960174,2026-02-25 03:00:00,2026-02-25,3,1_8,350.799,0,0,0
315.5,0.8660254037844386,0.5000000000000001,0,18.822083333333282,130.0803820652963,-1.0299999999999727,-104.987,0.006041899553904043,0.001524390261797606,0.003677291208842093,0.003525513333542883,0.006041899553904043,2026-02-25 04:00:00,2026-02-25,4,1_8,337.472,0,0,0
300.5,0.9659258262890683,0.25881904510252074,0,25.18437499999995,124.97665623064267,0.3120000000000118,-152.383,0.00425338484742779,0.0012684584640529617,0.004656864219583993,0.0031804581057247195,0.004656864219583993,2026-02-25 05:00:00,2026-02-25,5,1_8,339.253,0,0,0
305.5,1.0,6.123233995736766e-17,0,35.446416666666615,111.23000527692902,1.8449999999999704,-244.44400000000002,0.003672333967679325,0.0013552812488791535,0.0056853925146043895,0.0033494304442367754,0.0056853925146043895,2026-02-25 06:00:00,2026-02-25,6,1_8,318.097,0,0,0
300.5,0.9659258262890683,-0.25881904510252063,0,48.05333333333328,84.54483210733731,-5.5330000000000155,-308.099,0.003557589923119219,0.0014335965978001287,0.006520269751677357,0.003596796541559024,0.006520269751677357,2026-02-25 07:00:00,2026-02-25,7,1_8,270.495,0,0,0
348.0,0.8660254037844387,-0.4999999999999998,0,57.83091666666661,64.08089965573443,21.221000000000004,-213.441,0.0054843065302430365,0.002669735065158473,0.006903729952820662,0.004784304970982499,0.006903729952820662,2026-02-25 08:00:00,2026-02-25,8,1_8,326.548,0,0,0
254.5,0.7071067811865476,-0.7071067811865475,1,57.222791666666616,64.39988284284374,17.937000000000012,32.53199999999998,0.00697917901302883,0.0005378814879672152,0.021740058300521933,0.008830923789252116,0.021740058300521933,2026-02-25 09:00:00,2026-02-25,9,9_16,333.902,0,0,0
10.0,0.49999999999999994,-0.8660254037844387,1,55.860958333333286,63.86661137189384,64.26700000000002,96.95100000000002,0.0025634444123771747,0.00018828942883771524,0.10876556423640443,0.03347401836616957,0.10876556423640443,2026-02-25 10:00:00,2026-02-25,10,9_16,194.342,0,0,0
36.0,0.258819045102521,-0.9659258262890682,1,44.47341666666662,71.90602930329656,-132.413,140.888,0.009002540962431539,0.00018955115905884573,0.11208218473932595,0.03640123817415078,0.11208218473932595,2026-02-25 11:00:00,2026-02-25,11,9_16,-80.0,0,0,0
0.0,1.2246467991473532e-16,-1.0,1,47.652791666666616,79.09379701450668,247.79000000000002,171.485,0.010270266872233664,0.0001898616211141341,0.1671529698120654,0.05330291565373537,0.1671529698120654,2026-02-25 12:00:00,2026-02-25,12,9_16,-77.301,0,0,0
-50.0,-0.2588190451025208,-0.9659258262890683,1,54.945583333333275,94.85620657693707,318.965,143.93800000000002,0.0025600865435814195,0.0015419364562522745,0.16715234768622883,0.05153050485144398,0.16715234768622883,2026-02-25 13:00:00,2026-02-25,13,9_16,-71.568,0,0,0
-50.0,-0.4999999999999997,-0.8660254037844388,1,66.13945833333328,115.25785626037485,378.365,109.71199999999999,0.0011245935355625415,0.0017210934163992572,0.08276683161697508,0.02585586491232099,0.08276683161697508,2026-02-25 14:00:00,2026-02-25,14,9_16,-80.0,0,0,0
-69.0,-0.7071067811865471,-0.7071067811865479,1,75.29049999999995,126.02847834827863,316.606,96.981,0.0018841885023680011,0.00026431103079996846,0.06095765555545561,0.018958277629667068,0.06095765555545561,2026-02-25 15:00:00,2026-02-25,15,9_16,-80.0,0,0,0
49.84,-0.8660254037844385,-0.5000000000000004,1,81.34791666666662,132.05545604681325,274.052,128.67399999999998,0.008105309676840106,0.00032568880308580356,0.12517292288321474,0.040113745289250775,0.12517292288321474,2026-02-25 16:00:00,2026-02-25,16,9_16,4.631,0,0,0
226.35,-0.9659258262890683,-0.25881904510252063,2,79.05395833333328,131.56030007153058,79.93900000000002,134.99399999999997,0.011435919170696062,0.0007169320167057498,0.0719338613037285,0.02529770694900967,0.0719338613037285,2026-02-25 17:00:00,2026-02-25,17,17_24,400.065,0,0,0
420.0,-1.0,-1.8369701987210297e-16,2,70.86199999999995,132.12155759359047,-32.00200000000001,164.60500000000002,0.14735661833085134,0.016095173140155048,0.06502667159682188,0.07015305623436398,0.14735661833085134,2026-02-25 18:00:00,2026-02-25,18,17_24,453.799,0,0,0
400.613,-0.9659258262890684,0.2588190451025203,2,67.58354166666662,134.0543091959304,-45.309000000000026,33.374000000000024,0.05176595305761509,0.011519241417435488,0.04594527394220566,0.03392106466692042,0.05176595305761509,2026-02-25 19:00:00,2026-02-25,19,17_24,437.858,0,0,0
390.0,-0.8660254037844386,0.5000000000000001,2,62.27887499999994,135.7188496498845,-39.287000000000035,88.02499999999998,0.02749976321392356,0.006327603233290566,0.011324814585289283,0.01417841463308008,0.02749976321392356,2026-02-25 20:00:00,2026-02-25,20,17_24,429.736,0,0,0
380.0,-0.7071067811865477,0.7071067811865474,2,59.37841666666662,137.20743799647988,-41.09500000000003,28.51600000000002,0.026292310209151935,0.0051915774923075786,0.010191436895333634,0.013021755128268702,0.026292310209151935,2026-02-25 21:00:00,2026-02-25,21,17_24,439.613,0,0,0
400.0,-0.5000000000000004,0.8660254037844384,2,60.77566666666661,136.8980030097513,47.75699999999995,14.223000000000013,0.0673287717021397,0.014453665350452494,0.17701725168516982,0.07908527315637386,0.17701725168516982,2026-02-25 22:00:00,2026-02-25,22,17_24,444.404,0,0,0
425.5,-0.25881904510252157,0.9659258262890681,2,60.42829166666661,137.06124960490826,-5.257000000000005,3.079999999999984,0.05607510861341896,0.0072092215116988595,0.021952353941616848,0.026291927371190286,0.05607510861341896,2026-02-25 23:00:00,2026-02-25,23,17_24,432.062,0,0,0
422.0,-2.4492935982947064e-16,1.0,2,61.19387499999994,136.62275296797682,-5.113999999999976,-23.488,0.06255492828362935,0.005733180312643242,0.028775506741966585,0.02969240263273608,0.06255492828362935,2026-02-26 00:00:00,2026-02-25,24,17_24,429.704,0,0,0
350.0,0.25881904510252074,0.9659258262890683,0,60.74283333333327,136.85355894394232,-11.5,-0.6750000000000114,0.009822724590186738,0.0015601290680961424,0.007116612737603563,0.005705852825575547,0.009822724590186738,2026-02-26 01:00:00,2026-02-26,1,1_8,341.003,0,0,0
350.0,0.49999999999999994,0.8660254037844387,0,59.03754166666661,137.87747898231905,-39.615999999999985,1.3109999999999786,0.011920451647277628,0.0018915541895607685,0.008176881707550175,0.006785821682272649,0.011920451647277628,2026-02-26 02:00:00,2026-02-26,2,1_8,342.267,0,0,0
350.0,0.7071067811865476,0.7071067811865476,0,59.044958333333284,137.87450677068244,6.178999999999974,6.000999999999976,0.009933765720354905,0.0018946134506365702,0.006163127027180176,0.005586913204515152,0.009933765720354905,2026-02-26 03:00:00,2026-02-26,3,1_8,340.246,0,0,0
350.0,0.8660254037844386,0.5000000000000001,0,60.00337499999995,137.51823425618917,21.97199999999998,-1.0299999999999727,0.01119522107961513,0.002324762128505403,0.006163127027180176,0.006137409283440753,0.01119522107961513,2026-02-26 04:00:00,2026-02-26,4,1_8,341.327,0,0,0
345.0,0.9659258262890683,0.25881904510252074,0,61.605083333333276,137.0157141473087,38.752999999999986,0.3120000000000118,0.011949566955372453,0.002236971771539071,0.009584066795449616,0.007354878833862249,0.011949566955372453,2026-02-26 05:00:00,2026-02-26,5,1_8,331.001,0,0,0
350.0,1.0,6.123233995736766e-17,0,62.053083333333284,136.8292722323876,12.59699999999998,1.8449999999999704,0.013329397473141588,0.0024225132522455576,0.013186003005217202,0.00892362544440586,0.013329397473141588,2026-02-26 06:00:00,2026-02-26,6,1_8,331.283,0,0,0
340.0,0.9659258262890683,-0.25881904510252063,0,61.03341666666662,137.44462960641582,-30.004999999999995,-5.5330000000000155,0.01368667285422367,0.0034843659691657495,0.012710205044768986,0.009312809757364095,0.01368667285422367,2026-02-26 07:00:00,2026-02-26,7,1_8,318.968,0,0,0
360.0,0.8660254037844387,-0.4999999999999998,0,59.25537499999994,138.2556774281405,-21.451999999999998,21.221000000000004,0.029214039382398443,0.0029870696508791793,0.012650267186388958,0.01375411983098789,0.029214039382398443,2026-02-26 08:00:00,2026-02-26,8,1_8,310.528,0,0,0
386.353,0.7071067811865476,-0.7071067811865475,1,61.81641666666661,138.0261172207497,79.40199999999999,17.937000000000012,0.05242770707192151,0.019445077216058,0.04127545836216565,0.03588898051664935,0.05242770707192151,2026-02-26 09:00:00,2026-02-26,9,9_16,459.065,0,0,0
500.0,0.49999999999999994,-0.8660254037844387,1,66.81954166666661,140.2766785885102,184.342,64.26700000000002,0.49450180554832207,0.027784293105746177,0.07073529365960576,0.18068484700467685,0.49450180554832207,2026-02-26 10:00:00,2026-02-26,10,9_16,382.389,0,0,0
500.0,0.258819045102521,-0.9659258262890682,1,67.50341666666661,139.2997589654008,-116.0,-132.413,0.3810160540464453,0.02485115713433918,0.06702540906694784,0.14435290178775362,0.3810160540464453,2026-02-26 11:00:00,2026-02-26,11,9_16,346.277,0,0,0
500.0,1.2246467991473532e-16,-1.0,1,53.95795833333327,136.78979205827426,-77.301,247.79000000000002,0.39475970316913056,0.04231180325546804,0.0697317963768138,0.1562721711659705,0.39475970316913056,2026-02-26 12:00:00,2026-02-26,12,9_16,342.719,0,0,0
374.5,-0.2588190451025208,-0.9659258262890683,1,39.76908333333328,125.2834948600192,-21.567999999999998,318.965,0.09252381025684901,0.023495551069237685,0.04873015230290806,0.0517744091956222,0.09252381025684901,2026-02-26 13:00:00,2026-02-26,13,9_16,308.679,0,0,0
373.575,-0.4999999999999997,-0.8660254037844388,1,22.753874999999947,103.05740455954033,-30.0,378.365,0.12379489002257023,0.09066266865358656,0.07064675483331985,0.09459756091820165,0.12379489002257023,2026-02-26 14:00:00,2026-02-26,14,9_16,301.585,0,0,0
350.0,-0.7071067811865471,-0.7071067811865479,1,9.103624999999944,81.98552563227803,-11.0,316.606,0.0685858697115744,0.013512342847614489,0.04466615903039134,0.03938054576163552,0.0685858697115744,2026-02-26 15:00:00,2026-02-26,15,9_16,292.642,0,0,0
345.0,-0.8660254037844385,-0.5000000000000004,1,-4.198916666666723,60.1095538119426,-45.209,274.052,0.037190996945618233,0.011876132535729557,0.04413841714617134,0.02914927724182869,0.04413841714617134,2026-02-26 16:00:00,2026-02-26,16,9_16,286.241,0,0,0
335.0,-0.9659258262890683,-0.25881904510252063,2,-0.291583333333391,68.3057076995795,173.715,79.93900000000002,0.14541607930217654,0.006997704670012147,0.07367871110031395,0.068527518988752,0.14541607930217654,2026-02-26 17:00:00,2026-02-26,17,17_24,284.181,0,0,0
350.0,-1.0,-1.8369701987210297e-16,2,2.4501249999999417,68.29813588283703,33.79899999999998,-32.00200000000001,0.07285380966457242,0.007928103325034642,0.060157367762632454,0.04307459455817532,0.07285380966457242,2026-02-26 18:00:00,2026-02-26,18,17_24,292.005,0,0,0
350.0,-0.9659258262890684,0.2588190451025203,2,5.889874999999943,67.86572342905318,37.245000000000005,-45.309000000000026,0.05008329181795499,0.006403062946953763,0.030885978807215893,0.026852006366332767,0.05008329181795499,2026-02-26 19:00:00,2026-02-26,19,17_24,297.507,0,0,0
350.5,-0.8660254037844386,0.5000000000000001,2,9.182499999999944,67.49454555031323,39.73599999999999,-39.287000000000035,0.058824520607548024,0.006861095645208192,0.028388276945588525,0.028908277524024244,0.058824520607548024,2026-02-26 20:00:00,2026-02-26,20,17_24,294.381,0,0,0
350.0,-0.7071067811865477,0.7071067811865474,2,13.37866666666661,67.3632706622732,59.613,-41.09500000000003,0.13347912269728623,0.00888898967834026,0.03594384456044705,0.05438248604865609,0.13347912269728623,2026-02-26 21:00:00,2026-02-26,21,17_24,296.815,0,0,0
355.0,-0.5000000000000004,0.8660254037844384,2,13.238958333333281,67.29231122593768,44.403999999999996,47.75699999999995,0.06939697825982605,0.006040146314093278,0.024759943211398263,0.030663134967004603,0.06939697825982605,2026-02-26 22:00:00,2026-02-26,22,17_24,305.752,0,0,0
350.0,-0.25881904510252157,0.9659258262890681,2,13.731416666666613,67.19424450826179,6.562000000000012,-5.257000000000005,0.029563325104853332,0.0012278955896189785,0.006456956394466778,0.011297242685643624,0.029563325104853332,2026-02-26 23:00:00,2026-02-26,23,17_24,296.833,0,0,0
335.0,-2.4492935982947064e-16,1.0,2,14.265499999999948,67.0888001823917,7.704000000000008,-5.113999999999976,0.0146340734301873,0.001124498387474008,0.0042894313148366435,0.006126850778496787,0.0146340734301873,2026-02-27 00:00:00,2026-02-26,24,17_24,289.037,0,0,0
371.0,0.25881904510252074,0.9659258262890683,0,14.369791666666613,67.04893910322214,-8.997000000000014,-11.5,0.007892520333682894,0.001080979816736563,0.005667985436278083,0.004500543657682918,0.007892520333682894,2026-02-27 01:00:00,2026-02-27,1,1_8,397.887,0,0,0
376.03,0.49999999999999994,0.8660254037844387,0,15.698249999999947,66.24381771400202,-7.733000000000004,-39.615999999999985,0.011834472376707168,0.0010665293973866107,0.003982791723577069,0.005171790989039915,0.011834472376707168,2026-02-27 02:00:00,2026-02-27,2,1_8,406.224,0,0,0
390.0,0.7071067811865476,0.7071067811865476,0,15.034374999999946,66.42296003367893,-9.754000000000019,6.178999999999974,0.012448590669281124,0.0015506788503588222,0.002378542523615891,0.005068411498012634,0.012448590669281124,2026-02-27 03:00:00,2026-02-27,3,1_8,421.424,0,0,0
369.0,0.8660254037844386,0.5000000000000001,0,13.757499999999945,66.57816602734754,-8.673000000000002,21.97199999999998,0.009894857668506297,0.0018719409971437626,0.0026893858044690676,0.004524049440750115,0.009894857668506297,2026-02-27 04:00:00,2026-02-27,4,1_8,399.074,0,0,0
350.375,0.9659258262890683,0.25881904510252074,0,11.559499999999948,66.58786277380017,-13.999000000000024,38.752999999999986,0.0075706975329890985,0.002425435793914388,0.003374309788878398,0.0042536765141260036,0.0075706975329890985,2026-02-27 05:00:00,2026-02-27,5,1_8,391.445,0,0,0
347.0,1.0,6.123233995736766e-17,0,10.25474999999995,66.87282963125709,-18.716999999999985,12.59699999999998,0.008139336006550502,0.0026896769870204886,0.005279615242984991,0.005101556169668843,0.008139336006550502,2026-02-27 06:00:00,2026-02-27,6,1_8,376.083,0,0,0
320.0,0.9659258262890683,-0.25881904510252063,0,10.62862499999995,66.66271083388867,-21.031999999999982,-30.004999999999995,0.006212589388365896,0.0021432071193965225,0.00537710227354586,0.004334190346332136,0.006212589388365896,2026-02-27 07:00:00,2026-02-27,7,1_8,350.668,0,0,0
308.265,0.8660254037844387,-0.4999999999999998,0,9.461124999999948,67.4892251099392,-49.47199999999998,-21.451999999999998,0.004136198551556698,0.0019977978100713637,0.0045428967019305105,0.003402847700074708,0.0045428967019305105,2026-02-27 08:00:00,2026-02-27,8,1_8,405.511,0,0,0
350.0,0.7071067811865476,-0.7071067811865475,1,9.182374999999949,67.20098957333664,72.71199999999999,79.40199999999999,0.055953725614508724,0.01285437439892608,0.02189659995412261,0.02849684743015983,0.055953725614508724,2026-02-27 09:00:00,2026-02-27,9,9_16,458.434,0,0,0
204.4,0.49999999999999994,-0.8660254037844387,1,-3.3990000000000506,60.957597800151426,-117.61099999999999,184.342,0.002382106761163403,0.0005263834917781722,0.00999441497334463,0.003923509917063679,0.00999441497334463,2026-02-27 10:00:00,2026-02-27,10,9_16,400.57,0,0,0
45.0,0.258819045102521,-0.9659258262890682,1,-4.970791666666718,64.37765202910559,-153.723,-116.0,0.0022712496005620098,0.00018955115905884573,0.12170972283585786,0.0372701121945495,0.12170972283585786,2026-02-27 11:00:00,2026-02-27,11,9_16,370.791,0,0,1
0.0,1.2246467991473532e-16,-1.0,1,-8.303291666666718,70.10033028296371,-157.281,-77.301,0.0019936253991950713,0.00018955196121138456,0.062291640258959086,0.019361400481930798,0.062291640258959086,2026-02-27 12:00:00,2026-02-27,12,9_16,180.721,0,0,0
-63.75,-0.2588190451025208,-0.9659258262890683,1,-10.14716666666672,71.04010879267543,-65.82100000000003,-21.567999999999998,0.0007012633881018762,0.00018954053505536864,0.07323163216912776,0.022255684881191038,0.07323163216912776,2026-02-27 13:00:00,2026-02-27,13,9_16,-25.155,0,0,0
-60.0,-0.4999999999999997,-0.8660254037844388,1,-11.896750000000054,72.06004994522618,-71.99000000000001,-30.0,0.0007390234061612739,0.00018954053505536864,0.07552598060268419,0.022955317416675784,0.07552598060268419,2026-02-27 14:00:00,2026-02-27,14,9_16,-80.0,0,0,0
0.0,-0.7071067811865471,-0.7071067811865479,1,-13.828333333333388,72.65383831607085,-57.358000000000004,-11.0,0.002987863426348103,0.0001991721679346626,0.10222510210872977,0.03164355852769723,0.10222510210872977,2026-02-27 15:00:00,2026-02-27,15,9_16,-80.0,0,0,0
107.0,-0.8660254037844385,-0.5000000000000004,1,-14.392916666666721,72.96029699650785,-58.759000000000015,-45.209,0.0032355701383780895,0.0008164693525570876,0.09853963165592054,0.030859148279312423,0.09853963165592054,2026-02-27 16:00:00,2026-02-27,16,9_16,61.323,0,0,0
314.25,-0.9659258262890683,-0.25881904510252063,2,-23.748500000000053,61.246237952254056,-50.81900000000002,173.715,0.021070196583932953,0.001611507158781573,0.0408720399674295,0.019227273828921365,0.0408720399674295,2026-02-27 17:00:00,2026-02-27,17,17_24,383.697,0,0,0
400.0,-1.0,-1.8369701987210297e-16,2,-27.57325000000006,60.35595758227753,-57.995000000000005,33.79899999999998,0.032156584460790075,0.0025733256571620943,0.017823772119395436,0.01602343723692049,0.032156584460790075,2026-02-27 18:00:00,2026-02-27,18,17_24,418.877,0,0,0
405.5,-0.9659258262890684,0.2588190451025203,2,-31.312333333333385,58.928625843446135,-52.492999999999995,37.245000000000005,0.025692554334053184,0.0018584633493410282,0.006953931409971515,0.01053733106294382,0.025692554334053184,2026-02-27 19:00:00,2026-02-27,19,17_24,424.029,0,0,0
404.0,-0.8660254037844386,0.5000000000000001,2,-35.30629166666672,57.12460517338688,-56.11900000000003,39.73599999999999,0.025149486039130458,0.00150811803934193,0.005059772389129189,0.009666024744214666,0.025149486039130458,2026-02-27 20:00:00,2026-02-27,20,17_24,428.721,0,0,0
405.0,-0.7071067811865477,0.7071067811865474,2,-40.00620833333338,53.500876447088565,-53.185,59.613,0.02145438597496485,0.0012659536009091824,0.0056430781612908775,0.00863562068124039,0.02145438597496485,2026-02-27 21:00:00,2026-02-27,21,17_24,428.282,0,0,0
400.5,-0.5000000000000004,0.8660254037844384,2,-43.908375000000056,50.40220349031472,-49.24799999999999,44.403999999999996,0.020369658849858616,0.0008839586215183872,0.005731288773383286,0.008183867735579924,0.020369658849858616,2026-02-27 22:00:00,2026-02-27,22,17_24,450.879,0,0,0
423.35,-0.25881904510252157,0.9659258262890681,2,-46.39708333333338,49.26353444919759,-53.16699999999997,6.562000000000012,0.027994009185681217,0.0011678785437087074,0.005175149780992599,0.010417899107485626,0.027994009185681217,2026-02-27 23:00:00,2026-02-27,23,17_24,458.853,0,0,0
400.0,-2.4492935982947064e-16,1.0,2,-48.63320833333339,47.90019474316059,-45.96300000000002,7.704000000000008,0.009124698815148937,0.0007476913766447684,0.003917375931189765,0.004211698974559518,0.009124698815148937,2026-02-28 00:00:00,2026-02-27,24,17_24,440.081,0,0,0
350.0,0.25881904510252074,0.9659258262890683,0,-47.138041666666716,49.71679770064264,26.887,-8.997000000000014,0.006979081798759967,0.0011730534379268197,0.002922395386851545,0.003439664530854181,0.006979081798759967,2026-02-28 01:00:00,2026-02-28,1,1_8,317.452,0,0,0
350.0,0.49999999999999994,0.8660254037844387,0,-45.557750000000055,51.591215561032875,30.194000000000017,-7.733000000000004,0.004212103294703717,0.0006423188028106386,0.002280708629600565,0.00220477109841554,0.004212103294703717,2026-02-28 02:00:00,2026-02-28,2,1_8,306.014,0,0,0
340.0,0.7071067811865476,0.7071067811865476,0,-43.84200000000005,53.48370787932981,31.423999999999978,-9.754000000000019,0.0038328235858511132,0.0006423188028106386,0.002280708629600565,0.002090987185759759,0.0038328235858511132,2026-02-28 03:00:00,2026-02-28,3,1_8,308.252,0,0,0
323.0,0.8660254037844386,0.5000000000000001,0,-42.22754166666672,55.15031722639363,30.074000000000012,-8.673000000000002,0.0038939156428986683,0.000832955886902679,0.0025419740228554127,0.0022639492544872957,0.0038939156428986683,2026-02-28 04:00:00,2026-02-28,4,1_8,293.499,0,0,0
297.0,0.9659258262890683,0.25881904510252074,0,-39.93300000000005,57.472524264243866,41.06999999999999,-13.999000000000024,0.0030842674597761797,0.0005818762854143105,0.0030807473888828725,0.0020822549687634397,0.0030842674597761797,2026-02-28 05:00:00,2026-02-28,5,1_8,285.136,0,0,0
294.5,1.0,6.123233995736766e-17,0,-37.94133333333338,59.046401051953715,29.083000000000027,-18.716999999999985,0.0031695507660397947,0.0007841860033010477,0.0035713279384580825,0.002335938012669782,0.0035713279384580825,2026-02-28 06:00:00,2026-02-28,6,1_8,272.298,0,0,0
240.0,0.9659258262890683,-0.25881904510252063,0,-35.787166666666714,60.61242756245827,30.668000000000006,-21.031999999999982,0.0014860804351471046,0.00031396805224428206,0.0022283252665210064,0.0012399089313981462,0.0022283252665210064,2026-02-28 07:00:00,2026-02-28,7,1_8,225.211,0,0,0
295.0,0.8660254037844387,-0.4999999999999998,0,-29.673916666666717,66.30383016735976,97.24600000000004,-49.47199999999998,0.004658881087879048,0.0016145680323860928,0.009987816106725236,0.005039836371335722,0.009987816106725236,2026-02-28 08:00:00,2026-02-28,8,1_8,284.387,0,0,0
307.258,0.7071067811865476,-0.7071067811865475,1,-28.185500000000047,69.0463936897865,108.43400000000003,72.71199999999999,0.012401734771034751,0.012578958682891309,0.02651362070611481,0.01670619011630139,0.02651362070611481,2026-02-28 09:00:00,2026-02-28,9,9_16,305.49,0,0,0
300.5,0.49999999999999994,-0.8660254037844387,1,-15.111291666666716,80.18628724819571,196.17,-117.61099999999999,0.015658710419142366,0.007965289894253423,0.016221186966703806,0.01275008517345522,0.016221186966703806,2026-02-28 10:00:00,2026-02-28,10,9_16,216.062,0,0,0
250.0,0.258819045102521,-0.9659258262890682,1,4.868458333333282,101.14710169630779,325.791,-153.723,0.021171007581406092,0.001006717939655577,0.03639033594837924,0.017671090234797827,0.03639033594837924,2026-02-28 11:00:00,2026-02-28,11,9_16,-12.455,0,0,0
207.5,1.2246467991473532e-16,-1.0,1,18.951874999999948,101.11946846237858,180.721,-157.281,0.00544002681185519,0.0006002976132040466,0.05058172343668859,0.017046644119844752,0.05058172343668859,2026-02-28 12:00:00,2026-02-28,12,9_16,31.867,0,0,0
200.0,-0.2588190451025208,-0.9659258262890683,1,23.302541666666617,99.547565987311,38.595,-65.82100000000003,0.015426746973869494,0.0008459888779497221,0.1004956352335571,0.035115110213407866,0.1004956352335571,2026-02-28 13:00:00,2026-02-28,13,9_16,-80.0,0,0,0
250.0,-0.4999999999999997,-0.8660254037844388,1,25.46879166666662,97.93638792647499,-20.0,-71.99000000000001,0.012307586197834848,0.0007473108655046336,0.03721839966970626,0.015156720106464187,0.03721839966970626,2026-02-28 14:00:00,2026-02-28,14,9_16,20.816,0,0,0
300.138,-0.7071067811865471,-0.7071067811865479,1,24.52537499999995,98.87351551122659,-80.0,-57.358000000000004,0.023150953484007072,0.041826180856826094,0.09635687933784741,0.05258282218928678,0.09635687933784741,2026-02-28 15:00:00,2026-02-28,15,9_16,290.152,0,0,0
341.5,-0.8660254037844385,-0.5000000000000004,1,25.07045833333328,98.42947445538485,-45.677,-58.759000000000015,0.040411146371154914,0.014642679654138352,0.09436463331025179,0.04628980576607735,0.09436463331025179,2026-02-28 16:00:00,2026-02-28,16,9_16,311.522,0,0,0
355.978,-0.9659258262890683,-0.25881904510252063,2,30.08154166666662,97.45449724647531,69.447,-50.81900000000002,0.11042419800611442,0.01686595492417023,0.03968016181058571,0.05177768991467813,0.11042419800611442,2026-02-28 17:00:00,2026-02-28,17,17_24,317.803,0,0,0
399.27,-1.0,-1.8369701987210297e-16,2,33.28454166666662,95.6809829176363,18.87700000000001,-57.995000000000005,0.07840677992541631,0.02282835106369139,0.07405887029163456,0.054871035490591816,0.07840677992541631,2026-02-28 18:00:00,2026-02-28,18,17_24,329.436,0,0,0
389.375,-0.9659258262890684,0.2588190451025203,2,36.24379166666662,93.99614442138048,18.528999999999996,-52.492999999999995,0.036069184784306645,0.020890003582629654,0.02329554544179925,0.026165420500883628,0.036069184784306645,2026-02-28 19:00:00,2026-02-28,19,17_24,330.776,0,0,0
400.0,-0.8660254037844386,0.5000000000000001,2,39.612124999999956,91.96902176858535,24.721000000000004,-56.11900000000003,0.06266899777295863,0.009183278947555185,0.0913564966547535,0.04988095990733571,0.0913564966547535,2026-02-28 20:00:00,2026-02-28,20,17_24,335.954,0,0,0
375.0,-0.7071067811865477,0.7071067811865474,2,42.79824999999996,89.91606118329068,23.281999999999982,-53.185,0.029982923079771438,0.0189619444141177,0.018178589425441066,0.02203323151721083,0.029982923079771438,2026-02-28 21:00:00,2026-02-28,21,17_24,348.237,0,0,0
380.0,-0.5000000000000004,0.8660254037844384,2,46.949374999999954,87.75560104795551,50.37900000000002,-49.24799999999999,0.05893050153010406,0.00942469465451065,0.02622226771484776,0.029315708635289806,0.05893050153010406,2026-02-28 22:00:00,2026-02-28,22,17_24,355.985,0,0,0
361.625,-0.25881904510252157,0.9659258262890681,2,50.64395833333328,85.18628668597962,35.502999999999986,-53.16699999999997,0.03535644649732856,0.003048346130967442,0.016682985538890086,0.01683116806325257,0.03535644649732856,2026-02-28 23:00:00,2026-02-28,23,17_24,340.654,0,0,0
