da_anchor,hour_sin,hour_cos,month_sin,month_cos,previous_day_price_delta_mean,previous_day_price_delta_std,negative_prob,deep_negative_prob,relative_down_prob,negative_risk_score,confidence,ds,business_day,hour_business,period,rt_actual,negative_label,deep_negative_label,relative_down_label
368.05,-2.4492935982947064e-16,1.0,0.0,1.0,-124.39058333333338,173.42212399879426,0.008706798242434286,9.659195985950267e-05,0.04070539453706255,0.014862294617792853,0.04070539453706255,2026-02-01 00:00:00,2026-01-31,24,17_24,328.082,0,0,0
377.2,0.25881904510252074,0.9659258262890683,0.49999999999999994,0.8660254037844387,-127.02850000000005,171.69909303348487,0.018318290865557182,0.00010484804220463269,0.1246859676903861,0.042943216783664834,0.1246859676903861,2026-02-01 01:00:00,2026-02-01,1,1_8,376.978,0,0,0
358.46,0.49999999999999994,0.8660254037844387,0.49999999999999994,0.8660254037844387,-130.0529166666667,169.53447714740645,0.11853144585894734,0.00010484794839080657,0.34184021856790126,0.1381534385074109,0.34184021856790126,2026-02-01 02:00:00,2026-02-01,2,1_8,353.014,0,0,0
375.25,0.7071067811865476,0.7071067811865476,0.49999999999999994,0.8660254037844387,-130.85129166666673,168.95468122636342,0.01722185649741374,0.00010484794839080657,0.23260480717536497,0.07498993828118994,0.23260480717536497,2026-02-01 03:00:00,2026-02-01,3,1_8,364.613,0,0,0
347.5,0.8660254037844386,0.5000000000000001,0.49999999999999994,0.8660254037844387,-132.55275000000006,167.60147681388491,0.1215736793355721,0.00010484794839080657,0.3374428470139206,0.13774689708420412,0.3374428470139206,2026-02-01 04:00:00,2026-02-01,4,1_8,347.423,0,0,0
346.0,0.9659258262890683,0.25881904510252074,0.49999999999999994,0.8660254037844387,-133.40820833333336,166.99417743480808,0.06863169039772486,0.00010484794839080657,0.25859378297061797,0.09820958118985916,0.25859378297061797,2026-02-01 05:00:00,2026-02-01,5,1_8,340.032,0,0,0
318.89,1.0,6.123233995736766e-17,0.49999999999999994,0.8660254037844387,-134.24950000000004,166.3042400366673,0.118819247379757,0.00010484794839080657,0.219446807763751,0.10152175572240871,0.219446807763751,2026-02-01 06:00:00,2026-02-01,6,1_8,307.932,0,0,0
294.95,0.9659258262890683,-0.25881904510252063,0.49999999999999994,0.8660254037844387,-135.65891666666673,165.51286920985706,0.1533952006766148,0.00010484794839080657,0.5402330582580387,0.20813041685975237,0.5402330582580387,2026-02-01 07:00:00,2026-02-01,7,1_8,196.874,0,0,0
333.8,0.8660254037844387,-0.4999999999999998,0.49999999999999994,0.8660254037844387,-136.06166666666672,165.25462404019504,0.05909122857758981,0.00010484794839080657,0.1804889958053651,0.07191600649424279,0.1804889958053651,2026-02-01 08:00:00,2026-02-01,8,1_8,356.643,0,0,0
316.8,0.7071067811865476,-0.7071067811865475,0.49999999999999994,0.8660254037844387,-125.71937500000006,163.10444456472013,0.06275206693470005,0.00010484794839080657,0.15846949825264625,0.06640840873556021,0.15846949825264625,2026-02-01 09:00:00,2026-02-01,9,9_16,400.267,0,0,0
171.0,0.49999999999999994,-0.8660254037844387,0.49999999999999994,0.8660254037844387,-118.20154166666673,164.1565911235431,0.5529495502595712,9.574603200558852e-05,0.10564746459903367,0.19761740287038365,0.5529495502595712,2026-02-01 10:00:00,2026-02-01,10,9_16,432.641,0,0,0
-10.0,0.258819045102521,-0.9659258262890682,0.49999999999999994,0.8660254037844387,-99.13754166666672,145.47549103094119,0.7104829626597818,9.573196540855409e-05,4.7580502957017e-06,0.2131846089991867,0.7104829626597818,2026-02-01 11:00:00,2026-02-01,11,9_16,456.179,0,0,0
-20.0,1.2246467991473532e-16,-1.0,0.49999999999999994,0.8660254037844387,-73.74687500000005,106.92141809934364,0.7568865771458094,0.0015214238087230025,1.2218750195805275e-05,0.22767820829229077,0.7568865771458094,2026-02-01 12:00:00,2026-02-01,12,9_16,469.704,0,0,0
-51.0,-0.2588190451025208,-0.9659258262890683,0.49999999999999994,0.8660254037844387,-47.74025000000005,60.1308090483077,0.8268254080089785,9.147800360793037e-05,1.1768060662957926e-05,0.2480877440223356,0.8268254080089785,2026-02-01 13:00:00,2026-02-01,13,9_16,435.397,0,0,0
-51.0,-0.4999999999999997,-0.8660254037844388,0.49999999999999994,0.8660254037844387,-32.99920833333339,50.29514188137332,0.652172993988952,6.36548644367682e-05,1.3248836449193733e-05,0.19568133479339508,0.652172993988952,2026-02-01 14:00:00,2026-02-01,14,9_16,382.755,0,0,0
0.0,-0.7071067811865471,-0.7071067811865479,0.49999999999999994,0.8660254037844387,-25.985041666666717,55.600009224644275,0.5083733235160882,0.00010465545637842657,1.0973938109379854e-05,0.15255715141881063,0.5083733235160882,2026-02-01 15:00:00,2026-02-01,15,9_16,350.422,0,0,0
151.0,-0.8660254037844385,-0.5000000000000004,0.49999999999999994,0.8660254037844387,-21.263625000000054,57.23202326442737,0.07406881862927976,9.870831016703773e-05,0.19172881513596185,0.07977877345363929,0.19172881513596185,2026-02-01 16:00:00,2026-02-01,16,9_16,376.177,0,0,0
392.643,-0.9659258262890683,-0.25881904510252063,0.49999999999999994,0.8660254037844387,-20.082166666666723,56.46857278604174,0.0021020032324258575,9.870831016703773e-05,0.017799058469335775,0.006009801834595305,0.017799058469335775,2026-02-01 17:00:00,2026-02-01,17,17_24,429.143,0,0,0
380.8,-1.0,-1.8369701987210297e-16,0.49999999999999994,0.8660254037844387,-18.585375000000056,54.89184986847718,0.0028744549806805388,9.870831016703773e-05,0.0349975758483034,0.011401092572761997,0.0349975758483034,2026-02-01 18:00:00,2026-02-01,18,17_24,437.715,0,0,0
380.0,-0.9659258262890684,0.2588190451025203,0.49999999999999994,0.8660254037844387,-17.698000000000054,54.1171718998187,0.004223211863684112,9.870831016703773e-05,0.015840509155271344,0.006058599629753451,0.015840509155271344,2026-02-01 19:00:00,2026-02-01,19,17_24,441.233,0,0,0
387.5,-0.8660254037844386,0.5000000000000001,0.49999999999999994,0.8660254037844387,-16.748083333333387,53.31132555577884,0.002716164210536654,9.870831016703773e-05,0.029658940491991803,0.009752014734825351,0.029658940491991803,2026-02-01 20:00:00,2026-02-01,20,17_24,437.852,0,0,0
419.0,-0.7071067811865477,0.7071067811865474,0.49999999999999994,0.8660254037844387,-16.32462500000005,52.94469944221915,0.0020005272325222343,9.870831016703773e-05,0.024687380188261453,0.008045855550301921,0.024687380188261453,2026-02-01 21:00:00,2026-02-01,21,17_24,445.232,0,0,0
406.47,-0.5000000000000004,0.8660254037844384,0.49999999999999994,0.8660254037844387,-16.39754166666672,52.99286776701038,0.0015364838727595738,6.0037476105252345e-05,0.019563272321336853,0.0063539418486710285,0.019563272321336853,2026-02-01 22:00:00,2026-02-01,22,17_24,444.737,0,0,0
380.44,-0.25881904510252157,0.9659258262890681,0.49999999999999994,0.8660254037844387,-16.09766666666672,52.77826031011316,0.009878918318413891,9.147800360793037e-05,0.030984264021037725,0.012295545903278656,0.030984264021037725,2026-02-01 23:00:00,2026-02-01,23,17_24,430.964,0,0,0
347.55,-2.4492935982947064e-16,1.0,0.49999999999999994,0.8660254037844387,-15.459458333333385,52.37486112628783,0.021955633277559956,9.147800360793037e-05,0.036967953992537494,0.017713667382472407,0.036967953992537494,2026-02-02 00:00:00,2026-02-01,24,17_24,425.109,0,0,0
361.5,0.25881904510252074,0.9659258262890683,0.49999999999999994,0.8660254037844387,-13.412541666666717,51.95110152657042,0.009581492602478568,9.147800360793037e-05,0.03718417412362517,0.014066291219274295,0.03718417412362517,2026-02-02 01:00:00,2026-02-02,1,1_8,367.178,0,0,0
361.01,0.49999999999999994,0.8660254037844387,0.49999999999999994,0.8660254037844387,-11.647416666666713,51.44886160731023,0.006678673278050935,9.147800360793037e-05,0.04202129308386983,0.0146465811100194,0.04202129308386983,2026-02-02 02:00:00,2026-02-02,2,1_8,364.117,0,0,0
350.0,0.7071067811865476,0.7071067811865476,0.49999999999999994,0.8660254037844387,-11.163750000000048,51.39944216517393,0.012859495629284304,9.147800360793037e-05,0.04888096435217616,0.01855872919588131,0.04888096435217616,2026-02-02 03:00:00,2026-02-02,3,1_8,379.83,0,0,0
347.5,0.8660254037844386,0.5000000000000001,0.49999999999999994,0.8660254037844387,-10.172750000000047,51.37326617681292,0.011386483745200147,9.147800360793037e-05,0.012560814239148663,0.007220780596747816,0.012560814239148663,2026-02-02 04:00:00,2026-02-02,4,1_8,361.868,0,0,0
317.325,0.9659258262890683,0.25881904510252074,0.49999999999999994,0.8660254037844387,-9.195250000000048,51.213903558249406,0.015804969513606684,9.147800360793037e-05,0.015986458040385777,0.00957401946764091,0.015986458040385777,2026-02-02 05:00:00,2026-02-02,5,1_8,365.181,0,0,0
345.0,1.0,6.123233995736766e-17,0.49999999999999994,0.8660254037844387,-9.11220833333338,51.20916453049191,0.010678294946484307,9.147800360793037e-05,0.011213176163476788,0.006604032534431501,0.011213176163476788,2026-02-02 06:00:00,2026-02-02,6,1_8,359.0,0,0,0
319.33,0.9659258262890683,-0.25881904510252063,0.49999999999999994,0.8660254037844387,-10.590666666666712,53.290266362763184,0.011063550587396876,9.147800360793037e-05,0.017506978556444532,0.008607749944595594,0.017506978556444532,2026-02-02 07:00:00,2026-02-02,7,1_8,343.835,0,0,0
362.125,0.8660254037844387,-0.4999999999999998,0.49999999999999994,0.8660254037844387,-8.01108333333338,53.3502837080708,0.004331380572829692,9.147800360793037e-05,0.024667646853405435,0.008736299429313709,0.024667646853405435,2026-02-02 08:00:00,2026-02-02,8,1_8,391.734,0,0,0
370.125,0.7071067811865476,-0.7071067811865475,0.49999999999999994,0.8660254037844387,-2.8877083333333786,56.032174035743694,0.0036138544826235155,9.147800360793037e-05,0.036245322213728726,0.011994344210348843,0.036245322213728726,2026-02-02 09:00:00,2026-02-02,9,9_16,427.545,0,0,0
250.0,0.49999999999999994,-0.8660254037844387,0.49999999999999994,0.8660254037844387,8.422333333333286,77.75897903173471,0.13401542869798078,9.147800360793037e-05,0.14597488922986518,0.08403368657979696,0.14597488922986518,2026-02-02 10:00:00,2026-02-02,10,9_16,383.066,0,0,0
150.0,0.258819045102521,-0.9659258262890682,0.49999999999999994,0.8660254037844387,28.900083333333285,121.11964650597237,0.26609498050127756,9.147800360793037e-05,0.29144584407816776,0.16729883857527678,0.29144584407816776,2026-02-02 11:00:00,2026-02-02,11,9_16,308.314,0,0,0
107.8,1.2246467991473532e-16,-1.0,0.49999999999999994,0.8660254037844387,47.862499999999955,153.38034791838578,0.30530273553932746,9.370672201917337e-05,2.2572409492586897e-05,0.09163507507345367,0.30530273553932746,2026-02-02 12:00:00,2026-02-02,12,9_16,-37.501,1,0,0
50.5,-0.2588190451025208,-0.9659258262890683,0.49999999999999994,0.8660254037844387,63.65741666666662,177.40608572619,0.5041995922660414,8.557168349397482e-05,4.3437685264650496e-05,0.1513071376587894,0.5041995922660414,2026-02-02 13:00:00,2026-02-02,13,9_16,-80.0,1,0,0
51.625,-0.4999999999999997,-0.8660254037844388,0.49999999999999994,0.8660254037844387,77.51312499999995,192.78632358341628,0.43642196461892785,0.00010484791946583689,0.00014007383934899794,0.1310105507052694,0.43642196461892785,2026-02-02 14:00:00,2026-02-02,14,9_16,-80.0,1,0,0
133.95,-0.7071067811865471,-0.7071067811865479,0.49999999999999994,0.8660254037844387,88.23679166666663,200.6845716123078,0.26463636271098906,9.87114523005161e-05,0.12471143549584301,0.11684382404296983,0.26463636271098906,2026-02-02 15:00:00,2026-02-02,15,9_16,-80.0,1,0,1
326.0,-0.8660254037844385,-0.5000000000000004,0.49999999999999994,0.8660254037844387,95.46412499999997,202.42813333438733,0.035636867389799785,9.87114523005161e-05,0.07403231134690587,0.032940238201931905,0.07403231134690587,2026-02-02 16:00:00,2026-02-02,16,9_16,19.208,0,0,1
360.913,-0.9659258262890683,-0.25881904510252063,0.49999999999999994,0.8660254037844387,98.72249999999997,200.7466626652043,0.01187554382216905,9.87114523005161e-05,0.022579297618629014,0.010375937013159624,0.022579297618629014,2026-02-02 17:00:00,2026-02-02,17,17_24,378.111,0,0,0
402.87,-1.0,-1.8369701987210297e-16,0.49999999999999994,0.8660254037844387,103.49320833333327,198.2151507483019,0.010218890576188303,9.87114523005161e-05,0.009085896283244516,0.005830920638750052,0.010218890576188303,2026-02-02 18:00:00,2026-02-02,18,17_24,407.284,0,0,0
445.0,-0.9659258262890684,0.2588190451025203,0.49999999999999994,0.8660254037844387,108.25679166666662,195.6455024896635,0.009376982842664952,9.87114523005161e-05,0.01271733512174351,0.006667779970242744,0.01271733512174351,2026-02-02 19:00:00,2026-02-02,19,17_24,419.902,0,0,0
460.0,-0.8660254037844386,0.5000000000000001,0.49999999999999994,0.8660254037844387,112.41699999999996,193.1914271376404,7.279700883085623e-05,9.87114523005161e-05,0.021997097407240724,0.00666045290574168,0.021997097407240724,2026-02-02 20:00:00,2026-02-02,20,17_24,421.851,0,0,0
449.45,-0.7071067811865477,0.7071067811865474,0.49999999999999994,0.8660254037844387,115.82399999999996,190.80702673552707,0.00019508203493441025,9.87114523005161e-05,0.05334667161307,0.01610201067532153,0.05334667161307,2026-02-02 21:00:00,2026-02-02,21,17_24,425.65,0,0,0
458.54,-0.5000000000000004,0.8660254037844384,0.49999999999999994,0.8660254037844387,119.53383333333329,188.2759243962842,6.688312471659464e-05,9.871139435510704e-05,0.03711738242877845,0.011194764223790557,0.03711738242877845,2026-02-02 22:00:00,2026-02-02,22,17_24,427.313,0,0,0
416.11,-0.25881904510252157,0.9659258262890681,0.49999999999999994,0.8660254037844387,123.6773333333333,185.48099189912705,0.02289868331008759,0.00010484783429293281,0.022883288675746433,0.013776530729467381,0.02289868331008759,2026-02-02 23:00:00,2026-02-02,23,17_24,414.733,0,0,0
397.37,-2.4492935982947064e-16,1.0,0.49999999999999994,0.8660254037844387,128.57429166666662,182.5001659214205,0.08915321268722615,0.00010484783429293281,0.00940539089284384,0.029609520207738167,0.08915321268722615,2026-02-03 00:00:00,2026-02-02,24,17_24,393.158,0,0,0
376.307,0.25881904510252074,0.9659258262890683,0.49999999999999994,0.8660254037844387,128.82012499999996,182.32301796687358,0.08476241511179733,0.00010484783429293281,0.008527611465964135,0.028028947107045614,0.08476241511179733,2026-02-03 01:00:00,2026-02-03,1,1_8,409.851,0,0,0
347.0,0.49999999999999994,0.8660254037844387,0.49999999999999994,0.8660254037844387,129.17649999999995,182.05733158779836,0.03630312175125395,0.00010484783429293281,0.03234336335207732,0.020635884664716553,0.03630312175125395,2026-02-03 02:00:00,2026-02-03,2,1_8,379.931,0,0,0
377.625,0.7071067811865476,0.7071067811865476,0.49999999999999994,0.8660254037844387,130.86262499999995,180.8897977645175,0.08599578165297128,0.00010484783429293281,0.011117615575693527,0.029175958302316615,0.08599578165297128,2026-02-03 03:00:00,2026-02-03,3,1_8,382.286,0,0,0
355.75,0.8660254037844386,0.5000000000000001,0.49999999999999994,0.8660254037844387,131.46449999999996,180.45869739252996,0.01714147185214521,0.00010484783429293281,0.01293884023608215,0.009066032760185382,0.01714147185214521,2026-02-03 04:00:00,2026-02-03,4,1_8,335.13,0,0,0
359.03,0.9659258262890683,0.25881904510252074,0.49999999999999994,0.8660254037844387,133.7071666666666,179.00508052194124,0.01808242002530702,0.00010484783429293281,0.005831904053384591,0.007216236357324655,0.01808242002530702,2026-02-03 05:00:00,2026-02-03,5,1_8,309.745,0,0,0
328.4,1.0,6.123233995736766e-17,0.49999999999999994,0.8660254037844387,134.74708333333328,178.19879893654598,0.10213790950878558,0.00010484783429293281,0.027558618222240875,0.03895089745302511,0.10213790950878558,2026-02-03 06:00:00,2026-02-03,6,1_8,272.095,0,0,0
327.9,0.9659258262890683,-0.25881904510252063,0.49999999999999994,0.8660254037844387,139.85462499999994,172.9138156669543,0.05239960789955299,0.00010484783429293281,0.02455453294261692,0.023128181386368143,0.05239960789955299,2026-02-03 07:00:00,2026-02-03,7,1_8,219.361,0,0,0
334.83,0.8660254037844387,-0.4999999999999998,0.49999999999999994,0.8660254037844387,140.13654166666663,172.7201538948957,0.04105514291739455,0.00010484783429293281,0.02531588440612796,0.019953247330773926,0.04105514291739455,2026-02-03 08:00:00,2026-02-03,8,1_8,348.262,0,0,0
363.995,0.7071067811865476,-0.7071067811865475,0.49999999999999994,0.8660254037844387,139.05124999999995,173.17296036477524,0.004748087629814237,0.00010484783429293281,0.00741169890009839,0.0036898750926909613,0.00741169890009839,2026-02-03 09:00:00,2026-02-03,9,9_16,238.652,0,0,0
245.0,0.49999999999999994,-0.8660254037844387,0.49999999999999994,0.8660254037844387,133.69395833333328,171.1931110548855,0.18044956603842743,0.00010484783429293281,0.11163775666951765,0.0876681359461007,0.18044956603842743,2026-02-03 10:00:00,2026-02-03,10,9_16,-80.0,1,0,1
150.0,0.258819045102521,-0.9659258262890682,0.49999999999999994,0.8660254037844387,120.86624999999994,156.06207103536659,0.15951981001746038,0.00010484783429293281,0.14756416053193558,0.09216713029853596,0.15951981001746038,2026-02-03 11:00:00,2026-02-03,11,9_16,-70.323,1,0,1
13.0,1.2246467991473532e-16,-1.0,0.49999999999999994,0.8660254037844387,94.40770833333329,144.18827113564086,0.6067088231677442,0.00010484783429293281,6.928666938767626e-05,0.18207537208485675,0.6067088231677442,2026-02-03 12:00:00,2026-02-03,12,9_16,41.35,0,0,0
39.75,-0.2588190451025208,-0.9659258262890683,0.49999999999999994,0.8660254037844387,68.70366666666662,124.9777457677498,0.4729702752584367,8.557168349397482e-05,3.057551868979759e-05,0.1419344839065355,0.4729702752584367,2026-02-03 13:00:00,2026-02-03,13,9_16,-21.193,1,0,0
6.363,-0.4999999999999997,-0.8660254037844388,0.49999999999999994,0.8660254037844387,45.14616666666662,104.83884297698769,0.4608573798921021,6.36548644367682e-05,2.0375149319652672e-05,0.13828878845820125,0.4608573798921021,2026-02-03 14:00:00,2026-02-03,14,9_16,-39.912,1,0,0
130.0,-0.7071067811865471,-0.7071067811865479,0.49999999999999994,0.8660254037844387,21.630666666666617,96.33799384218072,0.17234725182522634,9.871145407924817e-05,0.036850716412721016,0.0627988750530159,0.17234725182522634,2026-02-03 15:00:00,2026-02-03,15,9_16,-74.641,1,0,1
270.25,-0.8660254037844385,-0.5000000000000004,0.49999999999999994,0.8660254037844387,-0.5347083333333842,107.96582674261039,0.05142761453075203,9.870831016703773e-05,0.0742715320027207,0.037749227284108636,0.0742715320027207,2026-02-03 16:00:00,2026-02-03,16,9_16,126.929,0,0,0
300.0,-0.9659258262890683,-0.25881904510252063,0.49999999999999994,0.8660254037844387,-1.338958333333385,107.74963125266338,0.0177577701903239,9.870831016703773e-05,0.02297851271191935,0.012260368194739791,0.02297851271191935,2026-02-03 17:00:00,2026-02-03,17,17_24,326.403,0,0,0
374.5,-1.0,-1.8369701987210297e-16,0.49999999999999994,0.8660254037844387,-3.5265000000000506,107.0461774696759,0.004894368366731724,9.870831016703773e-05,0.012975987078394546,0.005400589957604696,0.012975987078394546,2026-02-03 18:00:00,2026-02-03,18,17_24,344.043,0,0,0
325.0,-0.9659258262890684,0.2588190451025203,0.49999999999999994,0.8660254037844387,-7.123625000000051,106.22276181268263,0.016971039930547688,9.870831016703773e-05,0.020932261661041153,0.011410473801543468,0.020932261661041153,2026-02-03 19:00:00,2026-02-03,19,17_24,340.306,0,0,0
324.163,-0.8660254037844386,0.5000000000000001,0.49999999999999994,0.8660254037844387,-10.811166666666717,105.675488339524,0.03592253011402519,9.870831016703773e-05,0.03545414966985139,0.02145248725922979,0.03592253011402519,2026-02-03 20:00:00,2026-02-03,20,17_24,302.926,0,0,0
315.5,-0.7071067811865477,0.7071067811865474,0.49999999999999994,0.8660254037844387,-12.895833333333385,105.40611251464045,0.07179109488467676,9.870831016703773e-05,0.1170201161495619,0.05668284663433841,0.1170201161495619,2026-02-03 21:00:00,2026-02-03,21,17_24,334.888,0,0,0
300.0,-0.5000000000000004,0.8660254037844384,0.49999999999999994,0.8660254037844387,-15.79141666666672,104.89279978269903,0.07795197594469934,6.0037476105252345e-05,0.12696258340186498,0.061498382794411395,0.12696258340186498,2026-02-03 22:00:00,2026-02-03,22,17_24,366.828,0,0,0
222.75,-0.25881904510252157,0.9659258262890681,0.49999999999999994,0.8660254037844387,-17.953958333333386,103.99734321626406,0.09711844386895546,9.147800360793037e-05,0.1156860952376983,0.0638779529334393,0.1156860952376983,2026-02-03 23:00:00,2026-02-03,23,17_24,298.828,0,0,0
216.0,-2.4492935982947064e-16,1.0,0.49999999999999994,0.8660254037844387,-21.361083333333386,102.0534391768283,0.11738875410989219,9.147800360793037e-05,0.14146551811851638,0.07769287286996573,0.14146551811851638,2026-02-04 00:00:00,2026-02-03,24,17_24,103.542,0,0,0
65.0,0.25881904510252074,0.9659258262890683,0.49999999999999994,0.8660254037844387,-20.200000000000053,102.53184101409126,0.27469277519462043,9.147800360793037e-05,7.858553034670539e-06,0.0824467813257397,0.27469277519462043,2026-02-04 01:00:00,2026-02-04,1,1_8,-85.069,1,0,0
71.2,0.49999999999999994,0.8660254037844387,0.49999999999999994,0.8660254037844387,-18.957333333333388,103.00623225580085,0.3216521311012825,9.147800360793037e-05,9.639724860537459e-06,0.09653512244928607,0.3216521311012825,2026-02-04 02:00:00,2026-02-04,2,1_8,97.306,0,0,0
69.5,0.7071067811865476,0.7071067811865476,0.49999999999999994,0.8660254037844387,-20.00604166666672,102.61531290020335,0.26704498113322306,9.147800360793037e-05,1.158916062416223e-05,0.08015356228959733,0.26704498113322306,2026-02-04 03:00:00,2026-02-04,3,1_8,129.48,0,0,0
69.5,0.8660254037844386,0.5000000000000001,0.49999999999999994,0.8660254037844387,-21.463875000000055,102.35393658422618,0.2507554106745223,9.147800360793037e-05,1.8530429307722984e-05,0.07526877353259216,0.2507554106745223,2026-02-04 04:00:00,2026-02-04,4,1_8,-54.358,1,0,0
87.098,0.9659258262890683,0.25881904510252074,0.49999999999999994,0.8660254037844387,-25.51141666666672,101.40987418046058,0.12671069439562746,9.147800360793037e-05,8.613424765137235e-06,0.03805238354756094,0.12671069439562746,2026-02-04 05:00:00,2026-02-04,5,1_8,123.694,0,0,0
75.27,1.0,6.123233995736766e-17,0.49999999999999994,0.8660254037844387,-28.440791666666716,101.23418446268047,0.1571575592189253,9.147800360793037e-05,4.940450104012505e-06,0.047185341102151966,0.1571575592189253,2026-02-04 06:00:00,2026-02-04,6,1_8,9.236,0,0,0
133.75,0.9659258262890683,-0.25881904510252063,0.49999999999999994,0.8660254037844387,-33.984291666666714,101.84968017643156,0.10130937049077937,9.147800360793037e-05,0.04596642514038412,0.04421932989079222,0.10130937049077937,2026-02-04 07:00:00,2026-02-04,7,1_8,-80.0,1,0,1
283.0,0.8660254037844387,-0.4999999999999998,0.49999999999999994,0.8660254037844387,-34.65833333333338,101.46331808682454,0.04635898908905204,9.147800360793037e-05,0.056408484744705625,0.03086683335157047,0.056408484744705625,2026-02-04 08:00:00,2026-02-04,8,1_8,47.06,0,0,1
300.0,0.7071067811865476,-0.7071067811865475,0.49999999999999994,0.8660254037844387,-42.27345833333339,101.1099357144085,0.045248301250765295,9.147800360793037e-05,0.07509089276754241,0.036138349406935485,0.07509089276754241,2026-02-04 09:00:00,2026-02-04,9,9_16,404.122,0,0,0
148.0,0.49999999999999994,-0.8660254037844387,0.49999999999999994,0.8660254037844387,-61.35954166666672,109.46147330373351,0.3017129887802365,9.57376531239845e-05,0.20342603323103492,0.151580001664631,0.3017129887802365,2026-02-04 10:00:00,2026-02-04,10,9_16,392.015,0,0,0
50.0,0.258819045102521,-0.9659258262890682,0.49999999999999994,0.8660254037844387,-77.13608333333337,103.55025222815324,0.5451826256301018,9.573196540855409e-05,9.348826081304633e-06,0.16359588512301837,0.5451826256301018,2026-02-04 11:00:00,2026-02-04,11,9_16,59.325,0,0,0
0.0,1.2246467991473532e-16,-1.0,0.49999999999999994,0.8660254037844387,-69.90062500000005,104.64130705655921,0.661773840531105,0.0015214238087230025,1.008910035516896e-05,0.19914374841292723,0.661773840531105,2026-02-04 12:00:00,2026-02-04,12,9_16,15.56,0,0,0
-7.84,-0.2588190451025208,-0.9659258262890683,0.49999999999999994,0.8660254037844387,-67.00241666666672,103.85019235414266,0.6742930516086161,0.0013895158143336758,9.645041442127524e-06,0.2028466153207509,0.6742930516086161,2026-02-04 13:00:00,2026-02-04,13,9_16,108.832,0,0,0
-0.5,-0.4999999999999997,-0.8660254037844388,0.49999999999999994,0.8660254037844387,-63.446166666666706,102.99891472271761,0.5418767832131646,8.357869030986585e-05,7.905243629119164e-06,0.16259883801316205,0.5418767832131646,2026-02-04 14:00:00,2026-02-04,14,9_16,252.339,0,0,0
50.0,-0.7071067811865471,-0.7071067811865479,0.49999999999999994,0.8660254037844387,-63.05829166666672,102.42342301042173,0.44312042774363286,8.357869030986601e-05,7.909468956961785e-06,0.13297193263990087,0.44312042774363286,2026-02-04 15:00:00,2026-02-04,15,9_16,355.701,0,0,0
290.75,-0.8660254037844385,-0.5000000000000004,0.49999999999999994,0.8660254037844387,-56.24700000000005,90.21842033979752,0.030147567587747035,9.093064675621836e-05,0.08063867795732296,0.033272245922223484,0.08063867795732296,2026-02-04 16:00:00,2026-02-04,16,9_16,511.258,0,0,0
362.5,-0.9659258262890683,-0.25881904510252063,0.49999999999999994,0.8660254037844387,-55.86345833333338,90.56313710477765,0.00870804065685482,9.093064675621836e-05,0.026444615942728726,0.01058216923857755,0.026444615942728726,2026-02-04 17:00:00,2026-02-04,17,17_24,597.318,0,0,0
500.0,-1.0,-1.8369701987210297e-16,0.49999999999999994,0.8660254037844387,-57.316416666666704,89.83079056804189,9.97383793754607e-05,9.093064675621836e-05,0.030036725966351267,0.009077311562420505,0.030036725966351267,2026-02-04 18:00:00,2026-02-04,18,17_24,566.111,0,0,0
500.0,-0.9659258262890684,0.2588190451025203,0.49999999999999994,0.8660254037844387,-55.63291666666671,90.83384266360159,0.00012221600219785762,9.093064675621836e-05,0.030281446885417958,0.009157471124987233,0.030281446885417958,2026-02-04 19:00:00,2026-02-04,19,17_24,552.129,0,0,0
500.0,-0.8660254037844386,0.5000000000000001,0.49999999999999994,0.8660254037844387,-54.92825000000005,91.04073975746601,0.00013928603875814317,9.093064675621836e-05,0.0672399288502109,0.020250136725393202,0.0672399288502109,2026-02-04 20:00:00,2026-02-04,20,17_24,561.596,0,0,0
487.5,-0.7071067811865477,0.7071067811865474,0.49999999999999994,0.8660254037844387,-53.128750000000046,92.10339064204189,0.00013361472775069345,9.870831016703773e-05,0.036348629524003945,0.010984156599593207,0.036348629524003945,2026-02-04 21:00:00,2026-02-04,21,17_24,563.703,0,0,0
490.5,-0.5000000000000004,0.8660254037844384,0.49999999999999994,0.8660254037844387,-49.04312500000005,95.23862805939392,0.00013009770022136472,6.0037476105252345e-05,0.03372121999267471,0.010179410298310923,0.03372121999267471,2026-02-04 22:00:00,2026-02-04,22,17_24,564.937,0,0,0
443.175,-0.25881904510252157,0.9659258262890681,0.49999999999999994,0.8660254037844387,-45.81583333333339,98.1906709660003,0.0015614869873371952,9.147800360793037e-05,0.02666961963464923,0.0085059231880391,0.02666961963464923,2026-02-04 23:00:00,2026-02-04,23,17_24,583.393,0,0,0
453.875,-2.4492935982947064e-16,1.0,0.49999999999999994,0.8660254037844387,-50.32608333333339,98.68140739330227,0.000713181670881214,9.147800360793037e-05,0.038388319447082334,0.011767041536832236,0.038388319447082334,2026-02-05 00:00:00,2026-02-04,24,17_24,548.425,0,0,0
435.5,0.25881904510252074,0.9659258262890683,0.49999999999999994,0.8660254037844387,-57.97662500000005,99.01343418678925,0.0009314705548170025,9.574603398560342e-05,0.023610767179804083,0.007400969733980567,0.023610767179804083,2026-02-05 01:00:00,2026-02-05,1,1_8,529.654,0,0,0
447.875,0.49999999999999994,0.8660254037844387,0.49999999999999994,0.8660254037844387,-58.26100000000005,98.75043954156287,0.00036438678947029585,9.57376531239845e-05,0.014747799113665349,0.004571950832190287,0.014747799113665349,2026-02-05 02:00:00,2026-02-05,2,1_8,514.808,0,0,0
520.16,0.7071067811865476,0.7071067811865476,0.49999999999999994,0.8660254037844387,-55.956041666666714,100.90507423121286,0.00017800390471542718,9.57376531239845e-05,0.017869119996641297,0.005452432231656611,0.017869119996641297,2026-02-05 03:00:00,2026-02-05,3,1_8,542.683,0,0,0
469.5,0.8660254037844386,0.5000000000000001,0.49999999999999994,0.8660254037844387,-60.25762500000005,101.53177600132572,0.00013616648532677279,9.57376531239845e-05,0.0062879681043647466,0.0019655354381570497,0.0062879681043647466,2026-02-05 04:00:00,2026-02-05,4,1_8,523.626,0,0,0
497.0,0.9659258262890683,0.25881904510252074,0.49999999999999994,0.8660254037844387,-56.679250000000046,103.43093623629771,0.00017800390471542718,9.57376531239845e-05,0.012869200823719817,0.003952456479780167,0.012869200823719817,2026-02-05 05:00:00,2026-02-05,5,1_8,518.266,0,0,0
435.5,1.0,6.123233995736766e-17,0.49999999999999994,0.8660254037844387,-57.08462500000005,103.4484695323816,0.0006445094959411744,9.57376531239845e-05,0.012298470528179027,0.003921189068485654,0.012298470528179027,2026-02-05 06:00:00,2026-02-05,6,1_8,458.473,0,0,0
400.908,0.9659258262890683,-0.25881904510252063,0.49999999999999994,0.8660254037844387,-61.46841666666672,107.85895347524492,0.0019682081400436936,9.57376531239845e-05,0.006791840248493221,0.0026663095778106678,0.006791840248493221,2026-02-05 07:00:00,2026-02-05,7,1_8,433.025,0,0,0
394.75,0.8660254037844387,-0.4999999999999998,0.49999999999999994,0.8660254037844387,-71.85891666666672,112.2518324897049,0.003591106411683582,9.574603200558852e-05,0.013353799739673627,0.005121770258209398,0.013353799739673627,2026-02-05 08:00:00,2026-02-05,8,1_8,542.76,0,0,0
345.958,0.7071067811865476,-0.7071067811865475,0.49999999999999994,0.8660254037844387,-62.297875000000055,117.16315474262481,0.012185343820647196,9.57376531239845e-05,0.06972755933463519,0.024612166007834307,0.06972755933463519,2026-02-05 09:00:00,2026-02-05,9,9_16,258.098,0,0,0
154.558,0.49999999999999994,-0.8660254037844387,0.49999999999999994,0.8660254037844387,-38.58891666666671,119.24584197615098,0.24874738645008282,9.147800360793037e-05,0.24265942884310163,0.1474586357893985,0.24874738645008282,2026-02-05 10:00:00,2026-02-05,10,9_16,-80.0,1,0,1
3.395,0.258819045102521,-0.9659258262890682,0.49999999999999994,0.8660254037844387,-29.020250000000058,113.08349555902296,0.6698963297688275,9.147800360793037e-05,1.2504440285556903e-05,0.2010092414641771,0.6698963297688275,2026-02-05 11:00:00,2026-02-05,11,9_16,-75.602,1,0,0
-50.0,1.2246467991473532e-16,-1.0,0.49999999999999994,0.8660254037844387,-29.553166666666716,112.83123360390708,0.8086618683405348,0.00010017448168997685,1.039942155869702e-05,0.242641750121304,0.8086618683405348,2026-02-05 12:00:00,2026-02-05,12,9_16,100.388,0,0,0
-50.0,-0.2588190451025208,-0.9659258262890683,0.49999999999999994,0.8660254037844387,-22.152541666666718,116.44973221952011,0.8301051480501945,9.147800360793037e-05,1.3962340536688948e-05,0.24907232431866252,0.8301051480501945,2026-02-05 13:00:00,2026-02-05,13,9_16,-58.771,1,0,0
-50.0,-0.4999999999999997,-0.8660254037844388,0.49999999999999994,0.8660254037844387,-9.689458333333386,129.07749532168535,0.681256757325498,6.36548644367682e-05,1.2451462796865422e-05,0.20440622458226315,0.681256757325498,2026-02-05 14:00:00,2026-02-05,14,9_16,-80.0,1,0,0
-50.0,-0.7071067811865471,-0.7071067811865479,0.49999999999999994,0.8660254037844387,11.574791666666615,137.33741266485347,0.6271890108110877,0.00010070533591942501,1.0576502041038521e-05,0.1882001583283064,0.6271890108110877,2026-02-05 15:00:00,2026-02-05,15,9_16,-80.0,1,0,0
29.375,-0.8660254037844385,-0.5000000000000004,0.49999999999999994,0.8660254037844387,26.73433333333328,139.55844832672133,0.27850661704004304,0.00010465878969058246,9.382897386889214e-06,0.0835966634971052,0.27850661704004304,2026-02-05 16:00:00,2026-02-05,16,9_16,-80.0,1,0,0
193.0,-0.9659258262890683,-0.25881904510252063,0.49999999999999994,0.8660254037844387,35.41829166666661,145.87810975947704,0.08209422908134337,9.871145407924817e-05,0.059959803573738125,0.042655694378156146,0.08209422908134337,2026-02-05 17:00:00,2026-02-05,17,17_24,-80.0,1,0,1
225.0,-1.0,-1.8369701987210297e-16,0.49999999999999994,0.8660254037844387,39.441958333333275,145.3128046829464,0.10354874025193563,9.871145407924817e-05,0.09961143874603871,0.060987538281024004,0.10354874025193563,2026-02-05 18:00:00,2026-02-05,18,17_24,104.184,0,0,0
205.0,-0.9659258262890684,0.2588190451025203,0.49999999999999994,0.8660254037844387,40.97624999999994,145.24126510149404,0.1354613095986133,9.871145407924817e-05,0.0727308932005362,0.06249714542137655,0.1354613095986133,2026-02-05 19:00:00,2026-02-05,19,17_24,275.46,0,0,0
190.0,-0.8660254037844386,0.5000000000000001,0.49999999999999994,0.8660254037844387,44.42762499999995,144.68171587550106,0.2198033138142223,9.871145407924817e-05,0.13513385883114834,0.10652063637524288,0.2198033138142223,2026-02-05 20:00:00,2026-02-05,20,17_24,291.964,0,0,0
150.0,-0.7071067811865477,0.7071067811865474,0.49999999999999994,0.8660254037844387,46.794916666666616,144.7190034184433,0.21809452761580586,9.871145407924817e-05,0.1683770987404124,0.11598097248849716,0.21809452761580586,2026-02-05 21:00:00,2026-02-05,21,17_24,317.765,0,0,0
237.47,-0.5000000000000004,0.8660254037844384,0.49999999999999994,0.8660254037844387,47.111958333333284,144.77312338140234,0.22264398927486517,6.0037476105252345e-05,0.36533395449432626,0.17641739812119955,0.36533395449432626,2026-02-05 22:00:00,2026-02-05,22,17_24,335.145,0,0,0
150.0,-0.25881904510252157,0.9659258262890681,0.49999999999999994,0.8660254037844387,49.78445833333328,145.91856068547207,0.16577501616384202,8.557168349397482e-05,0.14653004392659633,0.09372574670052909,0.16577501616384202,2026-02-05 23:00:00,2026-02-05,23,17_24,352.038,0,0,0
107.5,-2.4492935982947064e-16,1.0,0.49999999999999994,0.8660254037844387,58.40979166666662,141.97627351380805,0.20666696887855374,8.557168349397482e-05,1.59780909555355e-05,0.06203911276425037,0.20666696887855374,2026-02-06 00:00:00,2026-02-05,24,17_24,335.166,0,0,0
0.0,0.25881904510252074,0.9659258262890683,0.49999999999999994,0.8660254037844387,68.58574999999995,134.9631302829064,0.6766659964929932,8.557168349397482e-05,2.063393853814124e-05,0.203040217802857,0.6766659964929932,2026-02-06 01:00:00,2026-02-06,1,1_8,306.237,0,0,0
0.125,0.49999999999999994,0.8660254037844387,0.49999999999999994,0.8660254037844387,70.28687499999995,134.6613822365312,0.5772660228909127,8.557168349397482e-05,0.0001204634860967729,0.1732501745865004,0.5772660228909127,2026-02-06 02:00:00,2026-02-06,2,1_8,215.634,0,0,0
100.0,0.7071067811865476,0.7071067811865476,0.49999999999999994,0.8660254037844387,68.72616666666663,135.00265980396395,0.20436531007187864,8.557168349397482e-05,2.156427642557821e-05,0.061350290977888855,0.20436531007187864,2026-02-06 03:00:00,2026-02-06,3,1_8,-7.566,1,0,0
62.5,0.8660254037844386,0.5000000000000001,0.49999999999999994,0.8660254037844387,76.14216666666663,128.705273669414,0.24812371349688683,0.0,7.282434722566156e-05,0.07445896135323374,0.24812371349688683,2026-02-06 04:00:00,2026-02-06,4,1_8,224.084,0,0,0
17.5,0.9659258262890683,0.25881904510252074,0.49999999999999994,0.8660254037844387,75.50341666666661,128.9478819809925,0.18222056071913406,0.0,6.206642864950699e-05,0.05468478814433507,0.18222056071913406,2026-02-06 05:00:00,2026-02-06,5,1_8,235.456,0,0,0
21.875,1.0,6.123233995736766e-17,0.49999999999999994,0.8660254037844387,79.21204166666662,125.94517525718611,0.18600257130764536,0.00010484783429293281,6.206642864950699e-05,0.05586133045460563,0.18600257130764536,2026-02-06 06:00:00,2026-02-06,6,1_8,81.135,0,0,0
20.705,0.9659258262890683,-0.25881904510252063,0.49999999999999994,0.8660254037844387,89.45649999999995,110.07955932711627,0.17504153695890548,0.00010484783429293281,5.5495764686989975e-05,0.05257104895079492,0.17504153695890548,2026-02-06 07:00:00,2026-02-06,7,1_8,-43.791,1,0,0
153.358,0.8660254037844387,-0.4999999999999998,0.49999999999999994,0.8660254037844387,105.4544166666666,85.99948074257611,0.047016218845001755,0.00010484783429293281,0.03931697862351448,0.025941898374272042,0.047016218845001755,2026-02-06 08:00:00,2026-02-06,8,1_8,313.907,0,0,0
321.25,0.7071067811865476,-0.7071067811865475,0.49999999999999994,0.8660254037844387,97.45516666666661,94.62487083842365,0.01100668095512168,0.00010484783429293281,0.02738252906073724,0.01155870213847485,0.02738252906073724,2026-02-06 09:00:00,2026-02-06,9,9_16,238.346,0,0,0
275.5,0.49999999999999994,-0.8660254037844387,0.49999999999999994,0.8660254037844387,77.51462499999995,111.34530610625964,0.20855570412193544,0.00010484783429293281,0.12005502349321427,0.09862515741826208,0.20855570412193544,2026-02-06 10:00:00,2026-02-06,10,9_16,6.56,0,0,1
200.0,0.258819045102521,-0.9659258262890682,0.49999999999999994,0.8660254037844387,73.83454166666661,115.09351715508801,0.19596175349307304,9.147800360793037e-05,0.08103658941749281,0.08313609407461292,0.19596175349307304,2026-02-06 11:00:00,2026-02-06,11,9_16,-35.989,1,0,1
200.0,1.2246467991473532e-16,-1.0,0.49999999999999994,0.8660254037844387,79.45237499999995,115.41550182966027,0.191436664515427,0.00010484783429293281,0.10442029354874115,0.08879902655296762,0.191436664515427,2026-02-06 12:00:00,2026-02-06,12,9_16,33.697,0,0,0
200.0,-0.2588190451025208,-0.9659258262890683,0.49999999999999994,0.8660254037844387,74.22558333333328,116.4920923652968,0.22495246522549914,0.0,0.12752579152056678,0.10574347702381977,0.22495246522549914,2026-02-06 13:00:00,2026-02-06,13,9_16,-22.416,1,0,1
207.56,-0.4999999999999997,-0.8660254037844388,0.49999999999999994,0.8660254037844387,62.44062499999995,111.85128873363459,0.20559466598768225,6.0037476105252345e-05,0.11630535205914432,0.09659402040449006,0.20559466598768225,2026-02-06 14:00:00,2026-02-06,14,9_16,318.202,0,0,0
329.513,-0.7071067811865471,-0.7071067811865479,0.49999999999999994,0.8660254037844387,48.453083333333275,100.52479157376625,0.04129238298865307,9.871145407924817e-05,0.0888289635304491,0.03907588853736235,0.0888289635304491,2026-02-06 15:00:00,2026-02-06,15,9_16,393.672,0,0,0
408.0,-0.8660254037844385,-0.5000000000000004,0.49999999999999994,0.8660254037844387,34.70795833333328,98.50908191434296,0.004739111372634142,9.871145407924817e-05,0.01886008479571488,0.007119243432136406,0.01886008479571488,2026-02-06 16:00:00,2026-02-06,16,9_16,449.486,0,0,0
450.25,-0.9659258262890683,-0.25881904510252063,0.49999999999999994,0.8660254037844387,13.548874999999951,107.76143085066896,0.00022740221993254034,9.870831016703773e-05,0.009503152209445368,0.0029586496528801872,0.009503152209445368,2026-02-06 17:00:00,2026-02-06,17,17_24,484.098,0,0,0
500.0,-1.0,-1.8369701987210297e-16,0.49999999999999994,0.8660254037844387,5.760249999999949,110.51722979197,0.00011214969036038072,9.870831016703773e-05,0.006994934137390503,0.00217160847239208,0.006994934137390503,2026-02-06 18:00:00,2026-02-06,18,17_24,557.422,0,0,0
488.0,-0.9659258262890684,0.2588190451025203,0.49999999999999994,0.8660254037844387,6.524041666666613,110.91425036230812,0.0001374240141805861,9.870831016703773e-05,0.008575284244251377,0.002653295801596404,0.008575284244251377,2026-02-06 19:00:00,2026-02-06,19,17_24,607.192,0,0,0
491.375,-0.8660254037844386,0.5000000000000001,0.49999999999999994,0.8660254037844387,8.206041666666612,112.08562285048248,0.00014650576276553203,9.870831016703773e-05,0.11276324341431604,0.03391240807719128,0.11276324341431604,2026-02-06 20:00:00,2026-02-06,20,17_24,700.547,0,0,0
501.0,-0.7071067811865477,0.7071067811865474,0.49999999999999994,0.8660254037844387,12.021124999999946,115.99090214072088,0.00010500159989907125,9.870831016703773e-05,0.07772863905557492,0.02338957552070901,0.07772863905557492,2026-02-06 21:00:00,2026-02-06,21,17_24,470.133,0,0,0
476.5,-0.5000000000000004,0.8660254037844384,0.49999999999999994,0.8660254037844387,12.989374999999946,116.62981205574079,0.00010961122634532705,6.0037476105252345e-05,0.029106152563938233,0.008788744127527167,0.029106152563938233,2026-02-06 22:00:00,2026-02-06,22,17_24,459.784,0,0,0
460.0,-0.25881904510252157,0.9659258262890681,0.49999999999999994,0.8660254037844387,15.56520833333328,120.1902155393246,0.00013148195513506186,9.147800360793037e-05,0.026233789809808263,0.00794617273092617,0.026233789809808263,2026-02-06 23:00:00,2026-02-06,23,17_24,449.819,0,0,0
460.0,-2.4492935982947064e-16,1.0,0.49999999999999994,0.8660254037844387,21.11170833333328,126.87903218333838,0.0008877254184336322,8.557168349397482e-05,0.02709019547059884,0.00842760494010733,0.02709019547059884,2026-02-07 00:00:00,2026-02-06,24,17_24,439.867,0,0,0
430.5,0.25881904510252074,0.9659258262890683,0.49999999999999994,0.8660254037844387,29.94849999999995,138.99448923514547,0.0020242177865474023,8.557168349397482e-05,0.0756703131272977,0.02334258794755112,0.0756703131272977,2026-02-07 01:00:00,2026-02-07,1,1_8,426.331,0,0,0
431.0,0.49999999999999994,0.8660254037844387,0.49999999999999994,0.8660254037844387,36.13916666666662,143.9342884938531,0.0014883881025192045,8.557168349397482e-05,0.034581892394401695,0.01085531282247386,0.034581892394401695,2026-02-07 02:00:00,2026-02-07,2,1_8,413.804,0,0,0
433.13,0.7071067811865476,0.7071067811865476,0.49999999999999994,0.8660254037844387,30.718791666666615,146.88852177401253,0.001057537008138905,8.557168349397482e-05,0.05172233151303785,0.015868189229750616,0.05172233151303785,2026-02-07 03:00:00,2026-02-07,3,1_8,425.447,0,0,0
435.0,0.8660254037844386,0.5000000000000001,0.49999999999999994,0.8660254037844387,35.19620833333328,149.25177752578605,0.0011652948670584258,8.557168349397482e-05,0.032519100860103255,0.010139547391546093,0.032519100860103255,2026-02-07 04:00:00,2026-02-07,4,1_8,406.976,0,0,0
430.0,0.9659258262890683,0.25881904510252074,0.49999999999999994,0.8660254037844387,43.39162499999995,153.7848971237906,0.0008921485169279626,8.557168349397482e-05,0.019918104390238247,0.006277304545547453,0.019918104390238247,2026-02-07 05:00:00,2026-02-07,5,1_8,403.547,0,0,0
430.0,1.0,6.123233995736766e-17,0.49999999999999994,0.8660254037844387,44.90358333333328,153.7537975584499,0.0009226643961813084,8.557168349397482e-05,0.019918104390238247,0.006286459309323456,0.019918104390238247,2026-02-07 06:00:00,2026-02-07,6,1_8,399.842,0,0,0
399.5,0.9659258262890683,-0.25881904510252063,0.49999999999999994,0.8660254037844387,40.87804166666662,155.3594917444216,0.0020827599071425035,8.557168349397482e-05,0.010852051961719705,0.003914672234056253,0.010852051961719705,2026-02-07 07:00:00,2026-02-07,7,1_8,379.188,0,0,0
412.625,0.8660254037844387,-0.4999999999999998,0.49999999999999994,0.8660254037844387,41.400499999999944,155.7560075181688,0.0022672778802542617,8.557168349397482e-05,0.013275670977757639,0.00469711333080116,0.013275670977757639,2026-02-07 08:00:00,2026-02-07,8,1_8,411.675,0,0,0
366.875,0.7071067811865476,-0.7071067811865475,0.49999999999999994,0.8660254037844387,41.60699999999995,155.58037034446727,0.004940502640124867,8.557168349397482e-05,0.05594803368548485,0.018300789571080504,0.05594803368548485,2026-02-07 09:00:00,2026-02-07,9,9_16,418.944,0,0,0
203.5,0.49999999999999994,-0.8660254037844387,0.49999999999999994,0.8660254037844387,40.17441666666662,158.36719364705803,0.18966687834550844,8.557168349397482e-05,0.18561878159760234,0.11261992665633083,0.18966687834550844,2026-02-07 10:00:00,2026-02-07,10,9_16,354.292,0,0,0
28.9,0.258819045102521,-0.9659258262890682,0.49999999999999994,0.8660254037844387,33.63308333333328,166.5351945693566,0.5498399910254151,8.557168349397482e-05,5.487156353012164e-05,0.16500268745008115,0.5498399910254151,2026-02-07 11:00:00,2026-02-07,11,9_16,27.867,0,0,0
-10.0,1.2246467991473532e-16,-1.0,0.49999999999999994,0.8660254037844387,20.43762499999995,169.40370840014882,0.6530743212871178,9.370672201917337e-05,9.275185913882803e-06,0.19596256163071718,0.6530743212871178,2026-02-07 12:00:00,2026-02-07,12,9_16,-74.921,1,0,0
0.0,-0.2588190451025208,-0.9659258262890683,0.49999999999999994,0.8660254037844387,11.53574999999995,176.4712165186911,0.60121291039991,8.557168349397482e-05,1.553290954988398e-05,0.18040276166623553,0.60121291039991,2026-02-07 13:00:00,2026-02-07,13,9_16,-78.023,1,0,0
-10.0,-0.4999999999999997,-0.8660254037844388,0.49999999999999994,0.8660254037844387,17.395833333333286,177.3648576033778,0.5221482170370723,6.36548644367682e-05,8.10252731125859e-06,0.15667235781508976,0.5221482170370723,2026-02-07 14:00:00,2026-02-07,14,9_16,-77.593,1,0,0
-0.5,-0.7071067811865471,-0.7071067811865479,0.49999999999999994,0.8660254037844387,21.319124999999953,177.31227034107158,0.5475409712411244,0.00010070533591942501,6.950315325513944e-06,0.16430465860130275,0.5475409712411244,2026-02-07 15:00:00,2026-02-07,15,9_16,-80.0,1,0,0
48.0,-0.8660254037844385,-0.5000000000000004,0.49999999999999994,0.8660254037844387,27.60499999999995,175.1383556257857,0.35544907366111866,0.00010465878969058265,5.658881024053302e-06,0.10667828327851904,0.35544907366111866,2026-02-07 16:00:00,2026-02-07,16,9_16,-80.0,1,0,0
345.0,-0.9659258262890683,-0.25881904510252063,0.49999999999999994,0.8660254037844387,40.39033333333329,163.02062527835176,0.010418140608137606,9.871145407924817e-05,0.02190503339266823,0.009736436781873449,0.02190503339266823,2026-02-07 17:00:00,2026-02-07,17,17_24,27.206,0,0,1
421.25,-1.0,-1.8369701987210297e-16,0.49999999999999994,0.8660254037844387,47.81691666666662,159.37657818810496,0.0014553550031442366,9.871145407924817e-05,0.012475371873656745,0.004218702644671993,0.012475371873656745,2026-02-07 18:00:00,2026-02-07,18,17_24,381.896,0,0,0
420.0,-0.9659258262890684,0.2588190451025203,0.49999999999999994,0.8660254037844387,49.847416666666625,159.98686053328555,0.0026832501330191685,9.871145407924817e-05,0.009742769240882986,0.0037672903938023453,0.009742769240882986,2026-02-07 19:00:00,2026-02-07,19,17_24,388.2,0,0,0
444.5,-0.8660254037844386,0.5000000000000001,0.49999999999999994,0.8660254037844387,54.314416666666624,162.97406888371648,0.0015692968347688636,9.871145407924817e-05,0.024969169624667487,0.008001024519462604,0.024969169624667487,2026-02-07 20:00:00,2026-02-07,20,17_24,379.826,0,0,0
438.283,-0.7071067811865477,0.7071067811865474,0.49999999999999994,0.8660254037844387,46.0380833333333,162.0028821804576,0.0011519878866858404,9.871145407924817e-05,0.0638896602888272,0.01955197903428561,0.0638896602888272,2026-02-07 21:00:00,2026-02-07,21,17_24,379.108,0,0,0
460.0,-0.5000000000000004,0.8660254037844384,0.49999999999999994,0.8660254037844387,41.27179166666662,162.10033944952187,0.00011846428463500996,6.0037476105252345e-05,0.047002166182767154,0.014160204130662749,0.047002166182767154,2026-02-07 22:00:00,2026-02-07,22,17_24,393.655,0,0,0
440.0,-0.25881904510252157,0.9659258262890681,0.49999999999999994,0.8660254037844387,32.4293333333333,158.7019409630806,0.0018878189694140003,8.557168349397482e-05,0.07534624739112158,0.023204448581558266,0.07534624739112158,2026-02-07 23:00:00,2026-02-07,23,17_24,415.187,0,0,0
449.0,-2.4492935982947064e-16,1.0,0.49999999999999994,0.8660254037844387,22.10437499999996,153.4207015153489,0.028194520505230487,8.557168349397482e-05,0.07618959881102443,0.031349464468274066,0.07618959881102443,2026-02-08 00:00:00,2026-02-07,24,17_24,403.629,0,0,0
425.6,0.25881904510252074,0.9659258262890683,0.49999999999999994,0.8660254037844387,9.170791666666625,141.00820941348766,0.0054563875193642105,8.557168349397482e-05,0.04896785120818233,0.01636150029166155,0.04896785120818233,2026-02-08 01:00:00,2026-02-08,1,1_8,441.664,0,0,0
413.6,0.49999999999999994,0.8660254037844387,0.49999999999999994,0.8660254037844387,-0.5252500000000424,134.0310933935943,0.0021014644940653016,8.557168349397482e-05,0.036327042545526156,0.011562780785275027,0.036327042545526156,2026-02-08 02:00:00,2026-02-08,2,1_8,413.101,0,0,0
414.75,0.7071067811865476,0.7071067811865476,0.49999999999999994,0.8660254037844387,3.636541666666625,132.09968253622677,0.0027679755027615015,8.557168349397482e-05,0.029100332647393867,0.0095947211184442,0.029100332647393867,2026-02-08 03:00:00,2026-02-08,3,1_8,422.227,0,0,0
414.6,0.8660254037844386,0.5000000000000001,0.49999999999999994,0.8660254037844387,-4.263791666666709,127.84408384467748,0.0014319804153787939,8.557168349397482e-05,0.01979467699300275,0.006402225895912053,0.01979467699300275,2026-02-08 04:00:00,2026-02-08,4,1_8,405.165,0,0,0
400.5,0.9659258262890683,0.25881904510252074,0.49999999999999994,0.8660254037844387,-14.44750000000004,118.78666664893406,0.0015618384655501773,9.147800360793037e-05,0.023030568702394647,0.0074143133518266196,0.023030568702394647,2026-02-08 05:00:00,2026-02-08,5,1_8,389.006,0,0,0
423.54,1.0,6.123233995736766e-17,0.49999999999999994,0.8660254037844387,-18.173250000000042,117.77228121740673,0.0016125247985511162,9.147800360793037e-05,0.017034880823461704,0.005630812888047018,0.017034880823461704,2026-02-08 06:00:00,2026-02-08,6,1_8,375.349,0,0,0
349.5,0.9659258262890683,-0.25881904510252063,0.49999999999999994,0.8660254037844387,-16.33225000000004,117.3613093552842,0.011728435711826255,9.147800360793037e-05,0.11066313623707998,0.03675406278611504,0.11066313623707998,2026-02-08 07:00:00,2026-02-08,7,1_8,351.596,0,0,0
361.5,0.8660254037844387,-0.4999999999999998,0.49999999999999994,0.8660254037844387,-23.061375000000044,111.24932037459617,0.008431017431819286,9.147800360793037e-05,0.038798209832721565,0.014205359380805428,0.038798209832721565,2026-02-08 08:00:00,2026-02-08,8,1_8,380.299,0,0,0
314.3,0.7071067811865476,-0.7071067811865475,0.49999999999999994,0.8660254037844387,-17.43750000000004,111.5039133117123,0.03889615834565251,9.147800360793037e-05,0.18168213466976627,0.0662100791060688,0.18168213466976627,2026-02-08 09:00:00,2026-02-08,9,9_16,147.389,0,0,0
85.0,0.49999999999999994,-0.8660254037844387,0.49999999999999994,0.8660254037844387,0.051333333333291854,102.92860672611626,0.35974570124150257,9.147800360793037e-05,1.0252869202271083e-05,0.10796337743465462,0.35974570124150257,2026-02-08 10:00:00,2026-02-08,10,9_16,-80.0,1,0,0
-33.875,0.258819045102521,-0.9659258262890682,0.49999999999999994,0.8660254037844387,9.841166666666625,89.84402248083086,0.761577593173779,9.147800360793037e-05,1.4441422395219312e-05,0.22851420158029545,0.761577593173779,2026-02-08 11:00:00,2026-02-08,11,9_16,-80.0,1,0,0
-50.5,1.2246467991473532e-16,-1.0,0.49999999999999994,0.8660254037844387,14.065416666666627,83.35079453413044,0.8024349322208083,0.00010017448168997685,9.43556703070815e-06,0.24077338012902766,0.8024349322208083,2026-02-08 12:00:00,2026-02-08,12,9_16,-80.0,1,0,0
-42.0,-0.2588190451025208,-0.9659258262890683,0.49999999999999994,0.8660254037844387,20.08179166666662,69.61923068219457,0.8008704482302991,9.147800360793037e-05,1.5802915107523008e-05,0.24030246654506512,0.8008704482302991,2026-02-08 13:00:00,2026-02-08,13,9_16,-80.0,1,0,0
-43.0,-0.4999999999999997,-0.8660254037844388,0.49999999999999994,0.8660254037844387,12.65533333333329,69.04293573325572,0.6223488353817561,6.36548644367682e-05,1.0499777296877587e-05,0.1867332624934906,0.6223488353817561,2026-02-08 14:00:00,2026-02-08,14,9_16,-80.0,1,0,0
-44.0,-0.7071067811865471,-0.7071067811865479,0.49999999999999994,0.8660254037844387,6.669541666666622,70.59356583378137,0.5954244179789754,0.00010465545637842657,8.068158360845834e-06,0.17867160802375223,0.5954244179789754,2026-02-08 15:00:00,2026-02-08,15,9_16,-80.0,1,0,0
29.0,-0.8660254037844385,-0.5000000000000004,0.49999999999999994,0.8660254037844387,-0.3923750000000433,75.28097774269759,0.2038831098981,0.00010465545637842657,8.819471669140307e-06,0.061209440993482106,0.2038831098981,2026-02-08 16:00:00,2026-02-08,16,9_16,-80.0,1,0,0
366.753,-0.9659258262890683,-0.25881904510252063,0.49999999999999994,0.8660254037844387,-15.044125000000044,98.85549546568501,0.006145131475426007,9.870831016703773e-05,0.03302414595365008,0.011790266552789641,0.03302414595365008,2026-02-08 17:00:00,2026-02-08,17,17_24,147.723,0,0,1
430.0,-1.0,-1.8369701987210297e-16,0.49999999999999994,0.8660254037844387,-19.076458333333377,97.73851634667942,0.0005514789337691114,9.870831016703773e-05,0.016575056589574345,0.0051774439810698515,0.016575056589574345,2026-02-08 18:00:00,2026-02-08,18,17_24,366.209,0,0,0
480.0,-0.9659258262890684,0.2588190451025203,0.49999999999999994,0.8660254037844387,-25.367791666666715,93.205846342559,0.000123917456760626,9.870831016703773e-05,0.07067819056609079,0.021280115730922238,0.07067819056609079,2026-02-08 19:00:00,2026-02-08,19,17_24,388.549,0,0,0
446.395,-0.8660254037844386,0.5000000000000001,0.49999999999999994,0.8660254037844387,-36.77804166666672,78.91106662978325,0.0003293300058267773,9.870831016703773e-05,0.014977955058518655,0.004631668843370444,0.014977955058518655,2026-02-08 20:00:00,2026-02-08,20,17_24,401.532,0,0,0
462.5,-0.7071067811865477,0.7071067811865474,0.49999999999999994,0.8660254037844387,-37.957541666666714,79.03034422349982,0.00011807319109175264,9.870831016703773e-05,0.011460230262423864,0.0035129743601214998,0.011460230262423864,2026-02-08 21:00:00,2026-02-08,21,17_24,397.792,0,0,0
400.0,-0.5000000000000004,0.8660254037844384,0.49999999999999994,0.8660254037844387,-40.02541666666671,79.0996372815921,0.010632672002385041,6.0037476105252345e-05,0.03856775099385048,0.014784141889312758,0.03856775099385048,2026-02-08 22:00:00,2026-02-08,22,17_24,396.451,0,0,0
341.45,-0.25881904510252157,0.9659258262890681,0.49999999999999994,0.8660254037844387,-40.63508333333338,78.91578284525494,0.03865106463943271,9.147800360793037e-05,0.08222785047309052,0.036300265735200135,0.08222785047309052,2026-02-08 23:00:00,2026-02-08,23,17_24,380.985,0,0,0
288.0,-2.4492935982947064e-16,1.0,0.49999999999999994,0.8660254037844387,-41.68666666666671,78.79877278158447,0.04315272555879629,9.147800360793037e-05,0.07269654025428729,0.034791370945368244,0.07269654025428729,2026-02-09 00:00:00,2026-02-08,24,17_24,179.661,0,0,0
177.5,0.25881904510252074,0.9659258262890683,0.49999999999999994,0.8660254037844387,-40.843625000000046,79.32409539615438,0.06614756642306766,9.147800360793037e-05,0.08213628302178598,0.044521746034899265,0.08213628302178598,2026-02-09 01:00:00,2026-02-09,1,1_8,-59.776,1,0,1
200.2,0.49999999999999994,0.8660254037844387,0.49999999999999994,0.8660254037844387,-40.14791666666671,79.61320649015873,0.07939820983199336,9.147800360793037e-05,0.10620059520748146,0.055716232713285616,0.10620059520748146,2026-02-09 02:00:00,2026-02-09,2,1_8,-80.0,1,0,1
165.0,0.7071067811865476,0.7071067811865476,0.49999999999999994,0.8660254037844387,-39.51625000000005,79.94145322413573,0.08201308378389069,9.147800360793037e-05,0.11318135381226999,0.05859492248029138,0.11318135381226999,2026-02-09 03:00:00,2026-02-09,3,1_8,-80.0,1,0,1
179.0,0.8660254037844386,0.5000000000000001,0.49999999999999994,0.8660254037844387,-38.74170833333338,80.14742897472621,0.0688228755675519,9.147800360793037e-05,0.07452910089245504,0.04304218413944526,0.07452910089245504,2026-02-09 04:00:00,2026-02-09,4,1_8,-80.0,1,0,1
155.0,0.9659258262890683,0.25881904510252074,0.49999999999999994,0.8660254037844387,-38.11841666666672,80.30516253257808,0.09232843930875617,9.147800360793037e-05,0.10448959001615031,0.05908199999891511,0.10448959001615031,2026-02-09 05:00:00,2026-02-09,5,1_8,-80.0,1,0,1
153.5,1.0,6.123233995736766e-17,0.49999999999999994,0.8660254037844387,-38.86979166666672,80.31180516720629,0.09518855238801445,9.147800360793037e-05,0.0758996102955734,0.051363040006519534,0.09518855238801445,2026-02-09 06:00:00,2026-02-09,6,1_8,-80.0,1,0,1
150.0,0.9659258262890683,-0.25881904510252063,0.49999999999999994,0.8660254037844387,-37.936125000000054,80.66639890545954,0.0867911908562042,9.147800360793037e-05,0.08168985180103375,0.050580903998614556,0.0867911908562042,2026-02-09 07:00:00,2026-02-09,7,1_8,-80.0,1,0,1
165.5,0.8660254037844387,-0.4999999999999998,0.49999999999999994,0.8660254037844387,-37.11325000000005,81.15932049999843,0.07781890663098397,9.147800360793037e-05,0.10292561443657185,0.054259947521709914,0.10292561443657185,2026-02-09 08:00:00,2026-02-09,8,1_8,60.058,0,0,0
105.0,0.7071067811865476,-0.7071067811865475,0.49999999999999994,0.8660254037844387,-46.23741666666672,82.98590350850498,0.2887647052653928,9.147800360793037e-05,1.82087156961861e-05,0.08667146539576985,0.2887647052653928,2026-02-09 09:00:00,2026-02-09,9,9_16,-71.802,1,0,0
50.0,0.49999999999999994,-0.8660254037844387,0.49999999999999994,0.8660254037844387,-59.39541666666671,75.04258304103547,0.6029332922192289,9.57376531239845e-05,1.470906129283695e-05,0.1809226954454061,0.6029332922192289,2026-02-09 10:00:00,2026-02-09,10,9_16,-80.0,1,0,0
0.0,0.258819045102521,-0.9659258262890682,0.49999999999999994,0.8660254037844387,-61.27425000000005,74.0760963394467,0.6859175430131982,9.57376531239845e-05,1.120644711572203e-05,0.20581691989934375,0.6859175430131982,2026-02-09 11:00:00,2026-02-09,11,9_16,-70.395,1,0,0
-2.0,1.2246467991473532e-16,-1.0,0.49999999999999994,0.8660254037844387,-59.79837500000005,74.3526240973195,0.6827150988611805,0.0015215140720598588,1.2624665035189634e-05,0.20542692268668866,0.6827150988611805,2026-02-09 12:00:00,2026-02-09,12,9_16,-66.315,1,0,0
0.0,-0.2588190451025208,-0.9659258262890683,0.49999999999999994,0.8660254037844387,-58.130750000000056,74.37492599177695,0.6723895480047091,0.0013895982626979638,1.3420682681299348e-05,0.20227672991129628,0.6723895480047091,2026-02-09 13:00:00,2026-02-09,13,9_16,-66.425,1,0,0
31.5,-0.4999999999999997,-0.8660254037844388,0.49999999999999994,0.8660254037844387,-56.85604166666672,74.46780992422784,0.4797776910781224,9.658351078236861e-05,2.1267204046505852e-05,0.14397832088896362,0.4797776910781224,2026-02-09 14:00:00,2026-02-09,14,9_16,-76.885,1,0,0
100.0,-0.7071067811865471,-0.7071067811865479,0.49999999999999994,0.8660254037844387,-55.04354166666672,74.422074891898,0.276256677982138,9.093064675621836e-05,2.1279675048963892e-05,0.08291975955585856,0.276256677982138,2026-02-09 15:00:00,2026-02-09,15,9_16,-80.0,1,0,0
240.48,-0.8660254037844385,-0.5000000000000004,0.49999999999999994,0.8660254037844387,-54.25187500000005,73.70990530882241,0.051945102850613135,0.0,0.07407343478604128,0.037805561290996326,0.07407343478604128,2026-02-09 16:00:00,2026-02-09,16,9_16,-80.0,1,0,1
357.5,-0.9659258262890683,-0.25881904510252063,0.49999999999999994,0.8660254037844387,-50.13670833333339,59.80162922855193,0.004243703610734139,9.870831016703773e-05,0.014155766861057137,0.005559324465604198,0.014155766861057137,2026-02-09 17:00:00,2026-02-09,17,17_24,319.345,0,0,0
365.65,-1.0,-1.8369701987210297e-16,0.49999999999999994,0.8660254037844387,-51.154916666666715,59.81809115172378,0.004103785636089236,9.870831016703773e-05,0.01077780725843487,0.004503961192424046,0.01077780725843487,2026-02-09 18:00:00,2026-02-09,18,17_24,225.839,0,0,0
360.375,-0.9659258262890684,0.2588190451025203,0.49999999999999994,0.8660254037844387,-53.640375000000056,60.21685237381211,0.013369369955481757,9.871146255961215e-05,0.017943014836123636,0.009433200022505462,0.017943014836123636,2026-02-09 19:00:00,2026-02-09,19,17_24,324.929,0,0,0
379.0,-0.8660254037844386,0.5000000000000001,0.49999999999999994,0.8660254037844387,-52.814916666666726,60.19480780794912,0.01179194688292194,9.870831016703773e-05,0.029442800758216488,0.012409907616408342,0.029442800758216488,2026-02-09 20:00:00,2026-02-09,20,17_24,330.077,0,0,0
385.4,-0.7071067811865477,0.7071067811865474,0.49999999999999994,0.8660254037844387,-53.045458333333386,60.23081025303427,0.006412624224414644,9.870831016703773e-05,0.0342314964121812,0.012232719515045568,0.0342314964121812,2026-02-09 21:00:00,2026-02-09,21,17_24,333.974,0,0,0
338.6,-0.5000000000000004,0.8660254037844384,0.49999999999999994,0.8660254037844387,-50.42895833333339,60.98716095495607,0.024205826807130803,6.0037476105252345e-05,0.06502911158221138,0.026794496507244754,0.06502911158221138,2026-02-09 22:00:00,2026-02-09,22,17_24,348.382,0,0,0
292.9,-0.25881904510252157,0.9659258262890681,0.49999999999999994,0.8660254037844387,-47.74779166666672,63.52397226242938,0.04961647802514897,9.147800360793037e-05,0.14897762008781618,0.05961482063533271,0.14897762008781618,2026-02-09 23:00:00,2026-02-09,23,17_24,300.297,0,0,0
219.36,-2.4492935982947064e-16,1.0,0.49999999999999994,0.8660254037844387,-50.371458333333386,64.71080298963312,0.17462607965218002,9.147800360793037e-05,0.13042503433720415,0.09155192539825842,0.17462607965218002,2026-02-10 00:00:00,2026-02-09,24,17_24,296.693,0,0,0
200.0,0.25881904510252074,0.9659258262890683,0.49999999999999994,0.8660254037844387,-60.92729166666672,73.4721619263263,0.07926867761541241,2.5030363013635846e-27,0.04651023749484386,0.03773367453307688,0.07926867761541241,2026-02-10 01:00:00,2026-02-10,1,1_8,310.877,0,0,0
208.08,0.49999999999999994,0.8660254037844387,0.49999999999999994,0.8660254037844387,-72.58150000000005,84.782816080391,0.08585683192272311,9.574603200558852e-05,0.05671970697928338,0.04281126008340418,0.08585683192272311,2026-02-10 02:00:00,2026-02-10,2,1_8,304.586,0,0,0
253.5,0.7071067811865476,0.7071067811865476,0.49999999999999994,0.8660254037844387,-83.10137500000006,89.92500377672617,0.08744696936245985,9.574603200558852e-05,0.04887941836532812,0.04093621473113863,0.08744696936245985,2026-02-10 03:00:00,2026-02-10,3,1_8,310.798,0,0,0
256.0,0.8660254037844386,0.5000000000000001,0.49999999999999994,0.8660254037844387,-93.4999166666667,95.30457455552582,0.05016983817310374,9.574603200558852e-05,0.009392511859089913,0.017907003422460332,0.05016983817310374,2026-02-10 04:00:00,2026-02-10,4,1_8,295.511,0,0,0
282.0,0.9659258262890683,0.25881904510252074,0.49999999999999994,0.8660254037844387,-102.8126666666667,97.82948167076545,0.025001872673742844,9.574603200558852e-05,0.012587249483108532,0.011315035059857648,0.025001872673742844,2026-02-10 05:00:00,2026-02-10,5,1_8,290.403,0,0,0
288.5,1.0,6.123233995736766e-17,0.49999999999999994,0.8660254037844387,-110.53387500000004,100.60443748546041,0.022841246976724086,9.574603200558852e-05,0.015840740190140853,0.011642894562861716,0.022841246976724086,2026-02-10 06:00:00,2026-02-10,6,1_8,291.345,0,0,0
283.75,0.9659258262890683,-0.25881904510252063,0.49999999999999994,0.8660254037844387,-120.20454166666671,100.46218379806423,0.036756314274843625,9.574603200558852e-05,0.03925397590258409,0.02284138546603055,0.03925397590258409,2026-02-10 07:00:00,2026-02-10,7,1_8,288.443,0,0,0
378.45,0.8660254037844387,-0.4999999999999998,0.49999999999999994,0.8660254037844387,-125.38125000000004,96.094099536202,0.003638644127142546,0.00010484794839080657,0.013069678450091665,0.005054435952526587,0.013069678450091665,2026-02-10 08:00:00,2026-02-10,8,1_8,322.753,0,0,0
385.3,0.7071067811865476,-0.7071067811865475,0.49999999999999994,0.8660254037844387,-125.79337500000004,96.30094231278893,0.0038868621986724084,0.00010484794839080657,0.01887479562451136,0.0068704365263114525,0.01887479562451136,2026-02-10 09:00:00,2026-02-10,9,9_16,332.343,0,0,0
388.125,0.49999999999999994,-0.8660254037844387,0.49999999999999994,0.8660254037844387,-124.33504166666671,95.94575887514885,0.022664048572684413,0.00010484794839080657,0.10368841949732002,0.03794767960035765,0.10368841949732002,2026-02-10 10:00:00,2026-02-10,10,9_16,338.452,0,0,0
336.44,0.258819045102521,-0.9659258262890682,0.49999999999999994,0.8660254037844387,-125.34629166666672,95.21068475410517,0.1084210120811517,0.00010483254471938859,0.1839545905225821,0.08775461379900788,0.1839545905225821,2026-02-10 11:00:00,2026-02-10,11,9_16,310.249,0,0,0
180.5,1.2246467991473532e-16,-1.0,0.49999999999999994,0.8660254037844387,-126.79691666666672,93.94367339408728,0.34620309957918755,0.0015214220625402062,0.16114875584494887,0.152814125452257,0.34620309957918755,2026-02-10 12:00:00,2026-02-10,12,9_16,328.916,0,0,0
122.5,-0.2588190451025208,-0.9659258262890683,0.49999999999999994,0.8660254037844387,-127.98129166666672,92.9494315020968,0.40822909552863884,0.0015214220625402036,0.035973089080213766,0.13386922420767186,0.40822909552863884,2026-02-10 13:00:00,2026-02-10,13,9_16,361.628,0,0,0
130.82,-0.4999999999999997,-0.8660254037844388,0.49999999999999994,0.8660254037844387,-130.9556666666667,91.03387335046213,0.39115524950121106,9.093860136861391e-05,0.37571670387242573,0.2300979614526385,0.39115524950121106,2026-02-10 14:00:00,2026-02-10,14,9_16,357.882,0,0,0
220.5,-0.7071067811865471,-0.7071067811865479,0.49999999999999994,0.8660254037844387,-136.9556666666667,89.23091398294342,0.31117420951744784,9.093860136861391e-05,0.24511053236736835,0.1669217980059923,0.31117420951744784,2026-02-10 15:00:00,2026-02-10,15,9_16,335.111,0,0,0
350.75,-0.8660254037844385,-0.5000000000000004,0.49999999999999994,0.8660254037844387,-145.76733333333337,96.4963974536655,0.015795766737739924,9.093860136861391e-05,0.09531224135417282,0.03336877786812127,0.09531224135417282,2026-02-10 16:00:00,2026-02-10,16,9_16,337.587,0,0,0
412.45,-0.9659258262890683,-0.25881904510252063,0.49999999999999994,0.8660254037844387,-138.23087500000005,97.58287395462447,0.0019245702220996718,9.093860136861391e-05,0.027091464468330637,0.008741185847676539,0.027091464468330637,2026-02-10 17:00:00,2026-02-10,17,17_24,366.053,0,0,0
439.0,-1.0,-1.8369701987210297e-16,0.49999999999999994,0.8660254037844387,-141.39837500000004,96.28671092280118,0.0006457812930429265,9.093860136861391e-05,0.01003201915013685,0.0032397155735013785,0.01003201915013685,2026-02-10 18:00:00,2026-02-10,18,17_24,369.373,0,0,0
443.025,-0.9659258262890684,0.2588190451025203,0.49999999999999994,0.8660254037844387,-139.06483333333338,98.20928885610948,0.000794079354624472,9.093860136861391e-05,0.015399261304072783,0.004894377638156622,0.015399261304072783,2026-02-10 19:00:00,2026-02-10,19,17_24,376.847,0,0,0
440.5,-0.8660254037844386,0.5000000000000001,0.49999999999999994,0.8660254037844387,-139.23400000000004,98.04332660304253,0.0015114008047078808,9.093860136861391e-05,0.01996527683008715,0.006479378730985955,0.01996527683008715,2026-02-10 20:00:00,2026-02-10,20,17_24,379.195,0,0,0
428.5,-0.7071067811865477,0.7071067811865474,0.49999999999999994,0.8660254037844387,-138.68058333333337,98.51862088608765,0.0016579628294694987,9.093860136861391e-05,0.02731040287119957,0.008726885150748166,0.02731040287119957,2026-02-10 21:00:00,2026-02-10,21,17_24,412.253,0,0,0
402.5,-0.5000000000000004,0.8660254037844384,0.49999999999999994,0.8660254037844387,-138.12512500000005,99.34772447244488,0.004319676921932322,9.093860136861391e-05,0.04804400675465126,0.015745480543522518,0.04804400675465126,2026-02-10 22:00:00,2026-02-10,22,17_24,456.048,0,0,0
390.0,-0.25881904510252157,0.9659258262890681,0.49999999999999994,0.8660254037844387,-139.46420833333337,97.03873086465957,0.025268088674570692,9.659195985950267e-05,0.08474216057484733,0.033041711558769206,0.08474216057484733,2026-02-10 23:00:00,2026-02-10,23,17_24,399.99,0,0,0
364.5,-2.4492935982947064e-16,1.0,0.49999999999999994,0.8660254037844387,-131.72787500000004,106.56202155768972,0.012508095110623002,9.659195985950267e-05,0.06355568190342764,0.02285776988815899,0.06355568190342764,2026-02-11 00:00:00,2026-02-10,24,17_24,363.112,0,0,0
420.0,0.25881904510252074,0.9659258262890683,0.49999999999999994,0.8660254037844387,-117.22150000000005,114.93702676418468,0.00174951919697426,9.574601187507334e-05,0.008226422735585664,0.0030310809845180064,0.008226422735585664,2026-02-11 01:00:00,2026-02-11,1,1_8,447.197,0,0,0
401.3,0.49999999999999994,0.8660254037844387,0.49999999999999994,0.8660254037844387,-101.52541666666671,117.40798558460945,0.0010132990084084836,9.574603200558852e-05,0.008053589714400112,0.002758365029644814,0.008053589714400112,2026-02-11 02:00:00,2026-02-11,2,1_8,412.086,0,0,0
423.74,0.7071067811865476,0.7071067811865476,0.49999999999999994,0.8660254037844387,-88.92966666666672,117.56198335592744,0.001226236406414244,9.574603200558852e-05,0.009863326416952001,0.003365167259812109,0.009863326416952001,2026-02-11 03:00:00,2026-02-11,3,1_8,439.527,0,0,0
399.25,0.8660254037844386,0.5000000000000001,0.49999999999999994,0.8660254037844387,-76.49170833333338,114.53859755690308,0.0014062487412146406,9.574603200558852e-05,0.00945722509571604,0.00329734056388144,0.00945722509571604,2026-02-11 04:00:00,2026-02-11,4,1_8,417.724,0,0,0
413.92,0.9659258262890683,0.25881904510252074,0.49999999999999994,0.8660254037844387,-66.34991666666672,110.60166836854444,0.001256557162385026,9.574603200558852e-05,0.00695293777888142,0.002501146895182169,0.00695293777888142,2026-02-11 05:00:00,2026-02-11,5,1_8,411.158,0,0,0
401.17,1.0,6.123233995736766e-17,0.49999999999999994,0.8660254037844387,-56.50220833333338,105.47492955034417,0.00206145322728692,9.57376531239845e-05,0.011199493766464485,0.004016579159375015,0.011199493766464485,2026-02-11 06:00:00,2026-02-11,6,1_8,398.553,0,0,0
408.5,0.9659258262890683,-0.25881904510252063,0.49999999999999994,0.8660254037844387,-46.72333333333338,99.39434719805375,0.0016350896427508132,9.147800360793037e-05,0.009459757899504772,0.0033650454641198477,0.009459757899504772,2026-02-11 07:00:00,2026-02-11,7,1_8,393.287,0,0,0
393.855,0.8660254037844387,-0.4999999999999998,0.49999999999999994,0.8660254037844387,-44.65062500000004,98.6323811070836,0.003497758886671424,9.147800360793037e-05,0.010051092327771485,0.004101246565776044,0.010051092327771485,2026-02-11 08:00:00,2026-02-11,8,1_8,437.587,0,0,0
287.605,0.7071067811865476,-0.7071067811865475,0.49999999999999994,0.8660254037844387,-39.49041666666671,94.57408318024441,0.03529976289452012,9.147800360793037e-05,0.08310533857713713,0.03555812164294035,0.08310533857713713,2026-02-11 09:00:00,2026-02-11,9,9_16,277.376,0,0,0
33.575,0.49999999999999994,-0.8660254037844387,0.49999999999999994,0.8660254037844387,-36.14345833333338,92.63316267428962,0.47639912078242413,9.147800360793037e-05,1.1157257022566008e-05,0.14295967461327716,0.47639912078242413,2026-02-11 10:00:00,2026-02-11,10,9_16,-80.0,1,0,0
-5.5,0.258819045102521,-0.9659258262890682,0.49999999999999994,0.8660254037844387,-34.30162500000004,92.3615843212494,0.5848001854765168,9.147800360793037e-05,1.2420158379604419e-05,0.1754803728919121,0.5848001854765168,2026-02-11 11:00:00,2026-02-11,11,9_16,-79.066,1,0,0
-50.0,1.2246467991473532e-16,-1.0,0.49999999999999994,0.8660254037844387,-25.437833333333376,99.30290868442958,0.7792198627405849,0.00010017448168997685,7.741557271308273e-06,0.23380835108203282,0.7792198627405849,2026-02-11 12:00:00,2026-02-11,12,9_16,-79.007,1,0,0
-50.0,-0.2588190451025208,-0.9659258262890683,0.49999999999999994,0.8660254037844387,-12.706458333333373,112.52624408746942,0.8145523535416789,9.147800360793037e-05,1.572172440636053e-05,0.24440701378126872,0.8145523535416789,2026-02-11 13:00:00,2026-02-11,13,9_16,-78.913,1,0,0
-50.0,-0.4999999999999997,-0.8660254037844388,0.49999999999999994,0.8660254037844387,1.2704999999999569,120.66402881158609,0.6171230349965791,6.36548644367682e-05,8.745916970582133e-06,0.1851649962198396,0.6171230349965791,2026-02-11 14:00:00,2026-02-11,14,9_16,-80.0,1,0,0
-49.75,-0.7071067811865471,-0.7071067811865479,0.49999999999999994,0.8660254037844387,13.545958333333289,116.32902554597571,0.5697324997187415,0.00010070533591942501,8.986890873795371e-06,0.17096272811725235,0.5697324997187415,2026-02-11 15:00:00,2026-02-11,15,9_16,-80.0,1,0,0
7.0,-0.8660254037844385,-0.5000000000000004,0.49999999999999994,0.8660254037844387,26.350833333333288,92.41942250398915,0.21436931013069532,0.00010465878969058246,7.691267219775451e-06,0.06435496393525077,0.21436931013069532,2026-02-11 16:00:00,2026-02-11,16,9_16,-80.0,1,0,0
382.75,-0.9659258262890683,-0.25881904510252063,0.49999999999999994,0.8660254037844387,26.007416666666625,92.6844709022357,0.003398310488863079,9.871145407924817e-05,0.013348188704752203,0.005063434339716283,0.013348188704752203,2026-02-11 17:00:00,2026-02-11,17,17_24,165.555,0,0,1
424.0,-1.0,-1.8369701987210297e-16,0.49999999999999994,0.8660254037844387,28.93174999999995,88.22510963254032,0.0008375480453274393,9.871145407924817e-05,0.007503160894155399,0.002541697263476551,0.007503160894155399,2026-02-11 18:00:00,2026-02-11,18,17_24,361.029,0,0,0
420.0,-0.9659258262890684,0.2588190451025203,0.49999999999999994,0.8660254037844387,27.65124999999995,89.41511078075465,0.0016006374453649253,9.871145407924817e-05,0.012799489478188448,0.004359522658697711,0.012799489478188448,2026-02-11 19:00:00,2026-02-11,19,17_24,376.86,0,0,0
386.5,-0.8660254037844386,0.5000000000000001,0.49999999999999994,0.8660254037844387,27.135333333333293,89.91049592869994,0.0022993569952410595,9.871145407924817e-05,0.03473619877424194,0.011150151312476597,0.03473619877424194,2026-02-11 20:00:00,2026-02-11,20,17_24,371.03,0,0,0
380.0,-0.7071067811865477,0.7071067811865474,0.49999999999999994,0.8660254037844387,28.601124999999954,88.85459936778527,0.01007911023533672,9.871145407924817e-05,0.04064166022289429,0.015255715719101,0.04064166022289429,2026-02-11 21:00:00,2026-02-11,21,17_24,376.743,0,0,0
364.5,-0.5000000000000004,0.8660254037844384,0.49999999999999994,0.8660254037844387,30.424708333333285,88.90067545616992,0.01658939970665572,6.0037476105252345e-05,0.061800501282817166,0.023540985287283968,0.061800501282817166,2026-02-11 22:00:00,2026-02-11,22,17_24,372.627,0,0,0
300.0,-0.25881904510252157,0.9659258262890681,0.49999999999999994,0.8660254037844387,30.532749999999954,88.87304428778228,0.04870193163838922,9.147800360793037e-05,0.09797370999298965,0.04403928369085683,0.09797370999298965,2026-02-11 23:00:00,2026-02-11,23,17_24,341.731,0,0,0
203.0,-2.4492935982947064e-16,1.0,0.49999999999999994,0.8660254037844387,27.25270833333329,88.52267622601241,0.09412903256470093,9.147800360793037e-05,0.1040836993512522,0.059500410776229105,0.1040836993512522,2026-02-12 00:00:00,2026-02-11,24,17_24,236.702,0,0,0
188.55,0.25881904510252074,0.9659258262890683,0.49999999999999994,0.8660254037844387,23.766041666666624,86.7152495046298,0.06227467299372841,9.147800360793037e-05,0.09929661022365846,0.048507976166659236,0.09929661022365846,2026-02-12 01:00:00,2026-02-12,1,1_8,160.769,0,0,0
167.25,0.49999999999999994,0.8660254037844387,0.49999999999999994,0.8660254037844387,20.194374999999955,85.343426455199,0.08293525535018982,9.147800360793037e-05,0.05813691006769506,0.04235824082680864,0.08293525535018982,2026-02-12 02:00:00,2026-02-12,2,1_8,10.237,0,0,0
182.05,0.7071067811865476,0.7071067811865476,0.49999999999999994,0.8660254037844387,18.464749999999956,84.97863097183699,0.06675758406733624,9.147800360793037e-05,0.06788926296806455,0.04043064531206341,0.06788926296806455,2026-02-12 03:00:00,2026-02-12,3,1_8,300.427,0,0,0
199.0,0.8660254037844386,0.5000000000000001,0.49999999999999994,0.8660254037844387,17.588208333333284,84.86051810034442,0.06480421444917367,9.147800360793037e-05,0.04196379813218468,0.03206699497585068,0.06480421444917367,2026-02-12 04:00:00,2026-02-12,4,1_8,-17.135,1,0,1
185.05,0.9659258262890683,0.25881904510252074,0.49999999999999994,0.8660254037844387,17.12299999999995,84.94362378967337,0.06776150777512016,9.147800360793037e-05,0.03766255502358137,0.03166381004105363,0.06776150777512016,2026-02-12 05:00:00,2026-02-12,5,1_8,241.586,0,0,0
200.5,1.0,6.123233995736766e-17,0.49999999999999994,0.8660254037844387,16.895416666666616,84.99084487111315,0.06991921916547737,9.147800360793037e-05,0.045413177721183015,0.03463631026744129,0.06991921916547737,2026-02-12 06:00:00,2026-02-12,6,1_8,9.998,0,0,0
201.213,0.9659258262890683,-0.25881904510252063,0.49999999999999994,0.8660254037844387,16.06599999999995,85.21194712469861,0.05848301902731074,9.147800360793037e-05,0.036859942648657884,0.02863947970423376,0.05848301902731074,2026-02-12 07:00:00,2026-02-12,7,1_8,-80.0,1,0,1
220.25,0.8660254037844387,-0.4999999999999998,0.49999999999999994,0.8660254037844387,20.20887499999995,83.97937218839779,0.08089567005970036,9.147800360793037e-05,0.1198153904298211,0.060249909348299616,0.1198153904298211,2026-02-12 08:00:00,2026-02-12,8,1_8,87.933,0,0,0
14.675,0.7071067811865476,-0.7071067811865475,0.49999999999999994,0.8660254037844387,21.98920833333328,82.80554823092538,0.5081360965861805,9.147800360793037e-05,1.1016352266679481e-05,0.15248072508297733,0.5081360965861805,2026-02-12 09:00:00,2026-02-12,9,9_16,-80.0,1,0,0
-56.6,0.49999999999999994,-0.8660254037844387,0.49999999999999994,0.8660254037844387,19.326624999999947,86.16906811299393,0.8288179668982226,9.147800360793037e-05,9.140133221543772e-06,0.24868472331087643,0.8288179668982226,2026-02-12 10:00:00,2026-02-12,10,9_16,-80.0,1,0,0
-70.0,0.258819045102521,-0.9659258262890682,0.49999999999999994,0.8660254037844387,17.352666666666615,87.78460799155914,0.8463876881531339,9.147800360793037e-05,1.9352433652689486e-05,0.2539587033774791,0.8463876881531339,2026-02-12 11:00:00,2026-02-12,11,9_16,-80.0,1,0,0
-62.625,1.2246467991473532e-16,-1.0,0.49999999999999994,0.8660254037844387,9.960041666666614,83.64031684617434,0.7778984678466669,0.00010017448168997685,9.929008532605872e-06,0.23341258884923582,0.7778984678466669,2026-02-12 12:00:00,2026-02-12,12,9_16,-80.0,1,0,0
-70.0,-0.2588190451025208,-0.9659258262890683,0.49999999999999994,0.8660254037844387,-1.2083333333333866,68.17520194556548,0.8414835792890638,9.147800360793037e-05,1.6184926344733332e-05,0.25248652046606573,0.8414835792890638,2026-02-12 13:00:00,2026-02-12,13,9_16,-80.0,1,0,0
-70.0,-0.4999999999999997,-0.8660254037844388,0.49999999999999994,0.8660254037844387,-11.919250000000053,47.94425341477094,0.7153922187049929,6.36548644367682e-05,1.8317947136191143e-05,0.21464862294141343,0.7153922187049929,2026-02-12 14:00:00,2026-02-12,14,9_16,-80.0,1,0,0
-70.0,-0.7071067811865471,-0.7071067811865479,0.49999999999999994,0.8660254037844387,-17.955125000000052,39.738674820151225,0.6571631374498698,0.00010465545637842657,1.3319694796154408e-05,0.19719479932595116,0.6571631374498698,2026-02-12 15:00:00,2026-02-12,15,9_16,-80.0,1,0,0
-10.5,-0.8660254037844385,-0.5000000000000004,0.49999999999999994,0.8660254037844387,-21.03166666666672,42.13735307370089,0.41777295166943884,0.00010465545637842657,2.4752746428223748e-05,0.12538117350731148,0.41777295166943884,2026-02-12 16:00:00,2026-02-12,16,9_16,-80.0,1,0,0
277.038,-0.9659258262890683,-0.25881904510252063,0.49999999999999994,0.8660254037844387,-28.148250000000058,58.032582700505856,0.012166442257413186,9.870831016703773e-05,0.01646204618081895,0.008628029855536457,0.01646204618081895,2026-02-12 17:00:00,2026-02-12,17,17_24,112.584,0,0,0
423.875,-1.0,-1.8369701987210297e-16,0.49999999999999994,0.8660254037844387,-27.870916666666716,57.841329570016654,0.0011234750193645294,9.870831016703773e-05,0.0037389298553533747,0.0014982047864821862,0.0037389298553533747,2026-02-12 18:00:00,2026-02-12,18,17_24,345.62,0,0,0
423.925,-0.9659258262890684,0.2588190451025203,0.49999999999999994,0.8660254037844387,-26.911000000000048,57.367178944059546,0.0015636657891972936,9.870831016703773e-05,0.013229585005123458,0.00447745856236304,0.013229585005123458,2026-02-12 19:00:00,2026-02-12,19,17_24,397.304,0,0,0
510.0,-0.8660254037844386,0.5000000000000001,0.49999999999999994,0.8660254037844387,-25.00120833333339,56.933698282931296,0.00016503009045047525,9.870831016703773e-05,0.016433894827623176,0.00501916079948891,0.016433894827623176,2026-02-12 20:00:00,2026-02-12,20,17_24,369.852,0,0,0
387.5,-0.7071067811865477,0.7071067811865474,0.49999999999999994,0.8660254037844387,-24.459958333333386,57.0820925239342,0.005426793141065693,9.870831016703773e-05,0.03872740627710247,0.013285743149517266,0.03872740627710247,2026-02-12 21:00:00,2026-02-12,21,17_24,367.872,0,0,0
479.5,-0.5000000000000004,0.8660254037844384,0.49999999999999994,0.8660254037844387,-26.35250000000005,55.10192482789399,8.394471315047255e-05,6.0037476105252345e-05,0.00871928665528528,0.002664984400972827,0.00871928665528528,2026-02-12 22:00:00,2026-02-12,22,17_24,361.318,0,0,0
458.0,-0.25881904510252157,0.9659258262890681,0.49999999999999994,0.8660254037844387,-25.029958333333383,56.37827041509823,0.0015494639863533057,9.147800360793037e-05,0.012080662398105086,0.00412562911678069,0.012080662398105086,2026-02-12 23:00:00,2026-02-12,23,17_24,366.665,0,0,0
440.0,-2.4492935982947064e-16,1.0,0.49999999999999994,0.8660254037844387,-23.567875000000054,57.46261993172808,0.01417073496062748,9.147800360793037e-05,0.016037554899736663,0.009099078159552413,0.016037554899736663,2026-02-13 00:00:00,2026-02-12,24,17_24,381.955,0,0,0
349.0,0.25881904510252074,0.9659258262890683,0.49999999999999994,0.8660254037844387,-25.858625000000057,56.43759496756197,0.02507690390606665,9.147800360793037e-05,0.03617672824232659,0.018412680845961142,0.03617672824232659,2026-02-13 01:00:00,2026-02-13,1,1_8,371.765,0,0,0
334.39,0.49999999999999994,0.8660254037844387,0.49999999999999994,0.8660254037844387,-32.85025000000005,61.83607458029446,0.02224484637758453,9.147800360793037e-05,0.046455615184148126,0.020646729669962966,0.046455615184148126,2026-02-13 02:00:00,2026-02-13,2,1_8,366.429,0,0,0
404.0,0.7071067811865476,0.7071067811865476,0.49999999999999994,0.8660254037844387,-28.57566666666672,68.52821453187937,0.0017446050526104268,9.147800360793037e-05,0.009360914693277137,0.0033682471252094413,0.009360914693277137,2026-02-13 03:00:00,2026-02-13,3,1_8,393.586,0,0,0
378.0,0.8660254037844386,0.5000000000000001,0.49999999999999994,0.8660254037844387,-38.35104166666672,77.65086682596663,0.004816906450954397,9.147800360793037e-05,0.01395728289427483,0.005668848005011939,0.01395728289427483,2026-02-13 04:00:00,2026-02-13,4,1_8,382.468,0,0,0
430.0,0.9659258262890683,0.25881904510252074,0.49999999999999994,0.8660254037844387,-35.88029166666672,79.74758385026121,0.0006470475724877691,9.147800360793037e-05,0.004511084989834121,0.001584030970139739,0.004511084989834121,2026-02-13 05:00:00,2026-02-13,5,1_8,385.01,0,0,0
400.0,1.0,6.123233995736766e-17,0.49999999999999994,0.8660254037844387,-43.70883333333339,85.36447039996433,0.0026228431519270995,9.147800360793037e-05,0.004721416094075051,0.002239868975243817,0.004721416094075051,2026-02-13 06:00:00,2026-02-13,6,1_8,396.033,0,0,0
386.0,0.9659258262890683,-0.25881904510252063,0.49999999999999994,0.8660254037844387,-54.79216666666671,97.8577460339256,0.0030552875657403576,9.57376531239845e-05,0.015710352755378666,0.005667987157585301,0.015710352755378666,2026-02-13 07:00:00,2026-02-13,7,1_8,377.515,0,0,0
338.698,0.8660254037844387,-0.4999999999999998,0.49999999999999994,0.8660254037844387,-62.12754166666671,96.74324771088705,0.011927884437928759,9.57376531239845e-05,0.028627803000963514,0.012205001292917274,0.028627803000963514,2026-02-13 08:00:00,2026-02-13,8,1_8,436.582,0,0,0
148.375,0.7071067811865476,-0.7071067811865475,0.49999999999999994,0.8660254037844387,-65.64612500000005,96.30829925288567,0.11476742639961751,9.574603200558852e-05,0.05267409367288412,0.05027075443455273,0.11476742639961751,2026-02-13 09:00:00,2026-02-13,9,9_16,153.241,0,0,0
-69.0,0.49999999999999994,-0.8660254037844387,0.49999999999999994,0.8660254037844387,-61.88883333333337,96.11595801479137,0.8422150091927001,9.57376531239845e-05,7.149405587849688e-06,0.25270494264073595,0.8422150091927001,2026-02-13 10:00:00,2026-02-13,10,9_16,-80.0,1,0,0
-70.5,0.258819045102521,-0.9659258262890682,0.49999999999999994,0.8660254037844387,-59.24025000000004,96.65449781758352,0.8368116515399614,9.57376531239845e-05,1.0599897853984943e-05,0.25108497049259415,0.8368116515399614,2026-02-13 11:00:00,2026-02-13,11,9_16,-80.0,1,0,0
-70.5,1.2246467991473532e-16,-1.0,0.49999999999999994,0.8660254037844387,-58.75558333333337,96.84167422223948,0.8368116515399614,0.0015215140720598588,9.925236934652473e-06,0.25165507866189274,0.8368116515399614,2026-02-13 12:00:00,2026-02-13,12,9_16,-80.0,1,0,0
-70.5,-0.2588190451025208,-0.9659258262890683,0.49999999999999994,0.8660254037844387,-57.967541666666705,97.17146427968838,0.8431175683821821,0.0013895982626979638,1.1503814448616065e-05,0.2534945609640684,0.8431175683821821,2026-02-13 13:00:00,2026-02-13,13,9_16,-80.0,1,0,0
-70.5,-0.4999999999999997,-0.8660254037844388,0.49999999999999994,0.8660254037844387,-57.13420833333337,97.50691944587302,0.7075904667078959,9.658351078236861e-05,1.7131349946149525e-05,0.21232091282166557,0.7075904667078959,2026-02-13 14:00:00,2026-02-13,14,9_16,-80.0,1,0,0
-70.5,-0.7071067811865471,-0.7071067811865479,0.49999999999999994,0.8660254037844387,-56.29045833333337,97.83672552555662,0.6568820877534889,9.658351078236861e-05,1.824146563897938e-05,0.19710873217005132,0.6568820877534889,2026-02-13 15:00:00,2026-02-13,15,9_16,-80.0,1,0,0
-70.5,-0.8660254037844385,-0.5000000000000004,0.49999999999999994,0.8660254037844387,-55.561291666666705,97.66295800864259,0.49654605888180825,9.658351078236861e-05,3.0325807608360143e-05,0.14901154881113793,0.49654605888180825,2026-02-13 16:00:00,2026-02-13,16,9_16,-80.0,1,0,0
226.25,-0.9659258262890683,-0.25881904510252063,0.49999999999999994,0.8660254037844387,-53.36375000000004,94.40695745236549,0.02719444891164056,9.870831016703773e-05,0.027953606531712236,0.016583899957072653,0.027953606531712236,2026-02-13 17:00:00,2026-02-13,17,17_24,259.29,0,0,0
380.0,-1.0,-1.8369701987210297e-16,0.49999999999999994,0.8660254037844387,-54.000583333333374,94.52605687870373,0.007071016860997402,9.871146255961215e-05,0.017583532477772827,0.0074358493866549125,0.017583532477772827,2026-02-13 18:00:00,2026-02-13,18,17_24,360.848,0,0,0
362.0,-0.9659258262890684,0.2588190451025203,0.49999999999999994,0.8660254037844387,-53.31229166666672,94.66861063064685,0.02007625953138999,9.870831016703773e-05,0.025299054158035076,0.013652077430894334,0.025299054158035076,2026-02-13 19:00:00,2026-02-13,19,17_24,312.262,0,0,0
350.0,-0.8660254037844386,0.5000000000000001,0.49999999999999994,0.8660254037844387,-58.50720833333338,95.91437841024656,0.02727346893302101,9.093064675621836e-05,0.048739078747895744,0.022840136562977516,0.048739078747895744,2026-02-13 20:00:00,2026-02-13,20,17_24,300.753,0,0,0
330.0,-0.7071067811865477,0.7071067811865474,0.49999999999999994,0.8660254037844387,-59.18933333333339,95.56193164310783,0.037369294731790945,9.093064675621836e-05,0.055081248630543866,0.027771535267402933,0.055081248630543866,2026-02-13 21:00:00,2026-02-13,21,17_24,302.133,0,0,0
275.0,-0.5000000000000004,0.8660254037844384,0.49999999999999994,0.8660254037844387,-64.45220833333337,95.17073934546842,0.07506885396522427,9.093860136861391e-05,0.05612293101552253,0.03939391093477148,0.07506885396522427,2026-02-13 22:00:00,2026-02-13,22,17_24,290.779,0,0,0
335.0,-0.25881904510252157,0.9659258262890681,0.49999999999999994,0.8660254037844387,-69.99662500000004,92.55593816047667,0.04758110194810064,8.820659033889282e-05,0.039838812489190224,0.026261256967322816,0.04758110194810064,2026-02-13 23:00:00,2026-02-13,23,17_24,267.26,0,0,0
200.0,-2.4492935982947064e-16,1.0,0.49999999999999994,0.8660254037844387,-73.81941666666671,89.94455917707108,0.09579299121386876,8.820659033889282e-05,0.05362102209701378,0.04485948662940032,0.09579299121386876,2026-02-14 00:00:00,2026-02-13,24,17_24,10.832,0,0,0
119.95,0.25881904510252074,0.9659258262890683,0.49999999999999994,0.8660254037844387,-71.71333333333338,91.64513444076745,0.14972967363158954,9.574601187507334e-05,0.015102178458275179,0.049487854031709445,0.14972967363158954,2026-02-14 01:00:00,2026-02-14,1,1_8,-59.673,1,0,0
100.0,0.49999999999999994,0.8660254037844387,0.49999999999999994,0.8660254037844387,-63.83616666666671,92.11817192189373,0.2969041755704121,1.7689642623597664e-23,1.3206012437442185e-05,0.08907521447485486,0.2969041755704121,2026-02-14 02:00:00,2026-02-14,2,1_8,-80.0,1,0,0
100.0,0.7071067811865476,0.7071067811865476,0.49999999999999994,0.8660254037844387,-69.20245833333338,84.47628544872967,0.2652137211971993,9.574603200558852e-05,1.5072591572889572e-05,0.07960693654943389,0.2652137211971993,2026-02-14 03:00:00,2026-02-14,3,1_8,79.345,0,0,0
100.0,0.8660254037844386,0.5000000000000001,0.49999999999999994,0.8660254037844387,-60.010666666666715,79.65796782858199,0.2618012414514921,9.57376531239845e-05,1.4576445033163979e-05,0.07858304043020717,0.2618012414514921,2026-02-14 04:00:00,2026-02-14,4,1_8,-80.0,1,0,0
100.0,0.9659258262890683,0.25881904510252074,0.49999999999999994,0.8660254037844387,-64.24091666666672,75.80209554342841,0.25810968137948703,9.574603200558852e-05,1.6190112555387498e-05,0.07747605986041495,0.25810968137948703,2026-02-14 05:00:00,2026-02-14,5,1_8,-80.0,1,0,0
100.0,1.0,6.123233995736766e-17,0.49999999999999994,0.8660254037844387,-56.46862500000004,71.74783931957028,0.2365446448058486,9.57376531239845e-05,2.1290168197797898e-05,0.07100807555346351,0.2365446448058486,2026-02-14 06:00:00,2026-02-14,6,1_8,-76.35,1,0,0
33.83,0.9659258262890683,-0.25881904510252063,0.49999999999999994,0.8660254037844387,-45.10495833333338,54.00946389410232,0.30363006677915355,9.147800360793037e-05,2.197069009856744e-05,0.09113220244221881,0.30363006677915355,2026-02-14 07:00:00,2026-02-14,7,1_8,-80.0,1,0,0
101.1,0.8660254037844387,-0.4999999999999998,0.49999999999999994,0.8660254037844387,-35.51325000000005,58.131556765852004,0.19402596742338632,9.147800360793037e-05,1.4759046679580281e-05,0.058248809142462936,0.19402596742338632,2026-02-14 08:00:00,2026-02-14,8,1_8,-41.127,1,0,0
-69.0,0.7071067811865476,-0.7071067811865475,0.49999999999999994,0.8660254037844387,-31.365708333333384,57.271630521255,0.8043242489690609,9.147800360793037e-05,1.510534269697178e-05,0.2413383974949705,0.8043242489690609,2026-02-14 09:00:00,2026-02-14,9,9_16,-80.0,1,0,0
-75.0,0.49999999999999994,-0.8660254037844387,0.49999999999999994,0.8660254037844387,-30.84904166666671,57.402399260170455,0.8750868410196156,9.147800360793037e-05,1.4946136979646297e-05,0.26256712734842175,0.8750868410196156,2026-02-14 10:00:00,2026-02-14,10,9_16,-80.0,1,0,0
-78.875,0.258819045102521,-0.9659258262890682,0.49999999999999994,0.8660254037844387,-30.82820833333338,57.41038527621242,0.8706362749058351,9.147800360793037e-05,1.8932800857302537e-05,0.26123315351345083,0.8706362749058351,2026-02-14 11:00:00,2026-02-14,11,9_16,-80.0,1,0,0
-75.0,1.2246467991473532e-16,-1.0,0.49999999999999994,0.8660254037844387,-30.50008333333338,57.51303195829598,0.8706362749058351,0.00010017448168997685,1.4608442979495668e-05,0.26123533479732036,0.8706362749058351,2026-02-14 12:00:00,2026-02-14,12,9_16,-80.0,1,0,0
-75.0,-0.2588190451025208,-0.9659258262890683,0.49999999999999994,0.8660254037844387,-30.479250000000047,57.520870731184665,0.8758290896788773,9.147800360793037e-05,2.122107920888492e-05,0.262791684428869,0.8758290896788773,2026-02-14 13:00:00,2026-02-14,13,9_16,-80.0,1,0,0
-75.0,-0.4999999999999997,-0.8660254037844388,0.49999999999999994,0.8660254037844387,-30.45841666666671,57.528700563407796,0.8626106466869747,6.36548644367682e-05,1.3370455322592896e-05,0.25881266708846384,0.8626106466869747,2026-02-14 14:00:00,2026-02-14,14,9_16,-80.0,1,0,0
-75.875,-0.7071067811865471,-0.7071067811865479,0.49999999999999994,0.8660254037844387,-30.43758333333338,57.53652145861544,0.8324183933133,0.00010465545637842657,1.3370455322592896e-05,0.24977139131313816,0.8324183933133,2026-02-14 15:00:00,2026-02-14,15,9_16,-80.0,1,0,0
-75.0,-0.8660254037844385,-0.5000000000000004,0.49999999999999994,0.8660254037844387,-27.93758333333338,57.06704292772003,0.719022568324975,0.00010465545637842657,2.075291399281521e-05,0.21575485855424173,0.719022568324975,2026-02-14 16:00:00,2026-02-14,16,9_16,-80.0,1,0,0
100.0,-0.9659258262890683,-0.25881904510252063,0.49999999999999994,0.8660254037844387,-19.708666666666716,50.3722067592523,0.06300094161727392,9.870831016703773e-05,1.2399465386840946e-05,0.01894348564886504,0.06300094161727392,2026-02-14 17:00:00,2026-02-14,17,17_24,115.385,0,0,0
353.875,-1.0,-1.8369701987210297e-16,0.49999999999999994,0.8660254037844387,-17.246041666666713,48.80589331973225,0.004209225863723882,9.870831016703773e-05,0.014818543786173007,0.005747814219035882,0.014818543786173007,2026-02-14 18:00:00,2026-02-14,18,17_24,266.24,0,0,0
340.738,-0.9659258262890684,0.2588190451025203,0.49999999999999994,0.8660254037844387,-18.209250000000043,49.225267967338546,0.009573998300148674,9.870831016703773e-05,0.017988864244988353,0.008308342087607922,0.017988864244988353,2026-02-14 19:00:00,2026-02-14,19,17_24,285.728,0,0,0
330.0,-0.8660254037844386,0.5000000000000001,0.49999999999999994,0.8660254037844387,-14.42170833333338,42.468358040429735,0.011319942242427338,9.870831016703773e-05,0.0368027676518154,0.014476296292339636,0.0368027676518154,2026-02-14 20:00:00,2026-02-14,20,17_24,270.439,0,0,0
295.125,-0.7071067811865477,0.7071067811865474,0.49999999999999994,0.8660254037844387,-14.765000000000049,42.54550250179454,0.043364411601977404,9.870831016703773e-05,0.061028372670403334,0.03135731860578103,0.061028372670403334,2026-02-14 21:00:00,2026-02-14,21,17_24,255.6,0,0,0
265.55,-0.5000000000000004,0.8660254037844384,0.49999999999999994,0.8660254037844387,-9.183291666666713,36.78544361739304,0.054177398024035546,9.8711419131953e-05,0.06390357985138426,0.03546377793027872,0.06390357985138426,2026-02-14 22:00:00,2026-02-14,22,17_24,292.287,0,0,0
160.5,-0.25881904510252157,0.9659258262890681,0.49999999999999994,0.8660254037844387,-8.200166666666714,34.753587180086015,0.08878334939008554,0.00010400297401449441,0.058380489240184484,0.04419075277868681,0.08878334939008554,2026-02-14 23:00:00,2026-02-14,23,17_24,319.402,0,0,0
150.5,-2.4492935982947064e-16,1.0,0.49999999999999994,0.8660254037844387,-13.663625000000048,49.925220666434356,0.10445819300232546,9.147800360793037e-05,0.08100675082045707,0.055676074348277926,0.10445819300232546,2026-02-15 00:00:00,2026-02-14,24,17_24,327.72,0,0,0
-55.0,0.25881904510252074,0.9659258262890683,0.49999999999999994,0.8660254037844387,-22.096458333333377,59.65003054263323,0.7384013814660696,9.147800360793037e-05,1.2885892517886084e-05,0.22156087140901942,0.7384013814660696,2026-02-15 01:00:00,2026-02-15,1,1_8,332.594,0,0,0
-72.0,0.49999999999999994,0.8660254037844387,0.49999999999999994,0.8660254037844387,-30.93141666666671,66.58320267279437,0.8372410312652149,9.147800360793037e-05,1.4487130314542491e-05,0.251213246720102,0.8372410312652149,2026-02-15 02:00:00,2026-02-15,2,1_8,56.53,0,0,0
-75.0,0.7071067811865476,0.7071067811865476,0.49999999999999994,0.8660254037844387,-31.358125000000047,66.4787303777352,0.8112048257412422,9.147800360793037e-05,1.4205071077813084e-05,0.24340230044513916,0.8112048257412422,2026-02-15 03:00:00,2026-02-15,3,1_8,47.284,0,0,0
-79.0,0.8660254037844386,0.5000000000000001,0.49999999999999994,0.8660254037844387,-39.044291666666716,72.54376208731202,0.7474523578059614,9.147800360793037e-05,1.6561034348660438e-05,0.2242772668535362,0.7474523578059614,2026-02-15 04:00:00,2026-02-15,4,1_8,-80.0,1,0,0
-79.5,0.9659258262890683,0.25881904510252074,0.49999999999999994,0.8660254037844387,-44.66970833333338,78.05054476286838,0.7074547022734312,9.147800360793037e-05,1.6588281248515763e-05,0.2122779783678471,0.7074547022734312,2026-02-15 05:00:00,2026-02-15,5,1_8,-80.0,1,0,0
-79.5,1.0,6.123233995736766e-17,0.49999999999999994,0.8660254037844387,-51.85233333333338,81.97513930436914,0.7475235859355255,9.147800360793037e-05,1.8961414106294855e-05,0.2242993554063327,0.7475235859355255,2026-02-15 06:00:00,2026-02-15,6,1_8,-80.0,1,0,0
-79.5,0.9659258262890683,-0.25881904510252063,0.49999999999999994,0.8660254037844387,-56.24170833333338,82.37146681133017,0.6935290715589295,9.57376531239845e-05,2.0536591797647665e-05,0.20810317750646773,0.6935290715589295,2026-02-15 07:00:00,2026-02-15,7,1_8,-80.0,1,0,0
-76.875,0.8660254037844387,-0.4999999999999998,0.49999999999999994,0.8660254037844387,-66.24633333333338,77.26095319205307,0.7238288598111351,9.574603200558852e-05,1.8139402410803986e-05,0.21719239817686598,0.7238288598111351,2026-02-15 08:00:00,2026-02-15,8,1_8,-80.0,1,0,0
-75.0,0.7071067811865476,-0.7071067811865475,0.49999999999999994,0.8660254037844387,-66.90741666666672,76.69180758748563,0.8226164098541583,9.574603200558852e-05,1.2141788552418217e-05,0.24682686390561545,0.8226164098541583,2026-02-15 09:00:00,2026-02-15,9,9_16,-80.0,1,0,0
-79.5,0.49999999999999994,-0.8660254037844387,0.49999999999999994,0.8660254037844387,-66.65741666666672,76.89149782643359,0.8700157929583591,9.574603200558852e-05,1.2837180728201782e-05,0.2610468874545284,0.8700157929583591,2026-02-15 10:00:00,2026-02-15,10,9_16,-80.0,1,0,0
-79.5,0.258819045102521,-0.9659258262890682,0.49999999999999994,0.8660254037844387,-66.30845833333338,77.18063535627235,0.8654123371477035,9.573196540855409e-05,1.2837180728201782e-05,0.2596658450846929,0.8654123371477035,2026-02-15 11:00:00,2026-02-15,11,9_16,-80.0,1,0,0
-75.0,1.2246467991473532e-16,-1.0,0.49999999999999994,0.8660254037844387,-66.12095833333338,77.32996586535523,0.8654123371477035,0.0015214238087230025,1.1018042584300261e-05,0.2602355760805755,0.8654123371477035,2026-02-15 12:00:00,2026-02-15,12,9_16,-80.0,1,0,0
-77.583,-0.2588190451025208,-0.9659258262890683,0.49999999999999994,0.8660254037844387,-65.93345833333338,77.47853507850365,0.8707837249441153,0.0013895158143336758,1.0931168301379707e-05,0.2617942031594585,0.8707837249441153,2026-02-15 13:00:00,2026-02-15,13,9_16,-80.0,1,0,0
-79.5,-0.4999999999999997,-0.8660254037844388,0.49999999999999994,0.8660254037844387,-65.74595833333338,77.62634736685487,0.8045371597452288,9.659195985950267e-05,1.6283590539731177e-05,0.24140466978467434,0.8045371597452288,2026-02-15 14:00:00,2026-02-15,14,9_16,-80.0,1,0,0
-79.5,-0.7071067811865471,-0.7071067811865479,0.49999999999999994,0.8660254037844387,-65.52200000000005,77.80322906789277,0.7650587394830388,9.659195985950267e-05,1.6291281507724504e-05,0.22956114601330777,0.7650587394830388,2026-02-15 15:00:00,2026-02-15,15,9_16,-80.0,1,0,0
-75.0,-0.8660254037844385,-0.5000000000000004,0.49999999999999994,0.8660254037844387,-65.33450000000005,77.94939291338264,0.6265327489858856,9.659195985950267e-05,2.8820050418720565e-05,0.18800710749483512,0.6265327489858856,2026-02-15 16:00:00,2026-02-15,16,9_16,-80.0,1,0,0
101.918,-0.9659258262890683,-0.25881904510252063,0.49999999999999994,0.8660254037844387,-66.07012500000005,77.05886757329773,0.12279343935726901,9.093860136861391e-05,2.0551801845031047e-05,0.036880572788281656,0.12279343935726901,2026-02-15 17:00:00,2026-02-15,17,17_24,250.949,0,0,0
368.975,-1.0,-1.8369701987210297e-16,0.49999999999999994,0.8660254037844387,-68.92358333333338,76.51197935243356,0.004061996185945076,9.093860136861391e-05,0.02803198349644709,0.009664569345265096,0.02803198349644709,2026-02-15 18:00:00,2026-02-15,18,17_24,393.649,0,0,0
385.875,-0.9659258262890684,0.2588190451025203,0.49999999999999994,0.8660254037844387,-69.14325000000005,76.46205417309456,0.003441790739777086,9.093860136861391e-05,0.0171732438728743,0.00622088582434286,0.0171732438728743,2026-02-15 19:00:00,2026-02-15,19,17_24,387.693,0,0,0
425.0,-0.8660254037844386,0.5000000000000001,0.49999999999999994,0.8660254037844387,-69.57300000000005,76.37430083989175,0.002869392325894326,9.093860136861391e-05,0.016010397382461513,0.005700312353054197,0.016010397382461513,2026-02-15 20:00:00,2026-02-15,20,17_24,384.488,0,0,0
430.0,-0.7071067811865477,0.7071067811865474,0.49999999999999994,0.8660254037844387,-70.05875000000005,76.13420846182336,0.0008616921279545677,9.093860136861391e-05,0.010147159206658932,0.0033390308409314952,0.010147159206658932,2026-02-15 21:00:00,2026-02-15,21,17_24,389.241,0,0,0
443.5,-0.5000000000000004,0.8660254037844384,0.49999999999999994,0.8660254037844387,-69.60216666666672,76.7021063452418,0.0010431282244553583,9.093860136861391e-05,0.009023636240694695,0.0030564047800924615,0.009023636240694695,2026-02-15 22:00:00,2026-02-15,22,17_24,405.109,0,0,0
414.5,-0.25881904510252157,0.9659258262890681,0.49999999999999994,0.8660254037844387,-60.158750000000055,89.77854720717043,0.005362140631827533,8.819887118715457e-05,0.0326485495172562,0.011438486593199982,0.0326485495172562,2026-02-15 23:00:00,2026-02-15,23,17_24,410.802,0,0,0
404.5,-2.4492935982947064e-16,1.0,0.49999999999999994,0.8660254037844387,-44.89258333333337,97.68989478286956,0.0027578396661265877,9.147800360793037e-05,0.027355042765932133,0.009070455931060789,0.027355042765932133,2026-02-16 00:00:00,2026-02-15,24,17_24,412.251,0,0,0
301.15,0.25881904510252074,0.9659258262890683,0.49999999999999994,0.8660254037844387,-21.258541666666712,127.68558307130377,0.10908683426277413,8.557168349397482e-05,0.09174705350285733,0.06028439500308702,0.10908683426277413,2026-02-16 01:00:00,2026-02-16,1,1_8,362.31,0,0,0
273.0,0.49999999999999994,0.8660254037844387,0.49999999999999994,0.8660254037844387,-8.403125000000044,126.53483139206475,0.06494324369669438,8.557168349397482e-05,0.1146150968884562,0.05390173084894276,0.1146150968884562,2026-02-16 02:00:00,2026-02-16,2,1_8,339.032,0,0,0
208.1,0.7071067811865476,0.7071067811865476,0.49999999999999994,0.8660254037844387,-2.447333333333379,129.26752897186725,0.1429975901661404,8.557168349397482e-05,0.1853337039324515,0.09853361690297516,0.1853337039324515,2026-02-16 03:00:00,2026-02-16,3,1_8,324.841,0,0,0
100.0,0.8660254037844386,0.5000000000000001,0.49999999999999994,0.8660254037844387,5.010999999999954,123.61832331044924,0.1866255697823835,8.557168349397482e-05,1.2534780880792946e-05,0.056025660042376885,0.1866255697823835,2026-02-16 04:00:00,2026-02-16,4,1_8,299.918,0,0,0
100.0,0.9659258262890683,0.25881904510252074,0.49999999999999994,0.8660254037844387,12.49016666666662,117.20162065197344,0.11771815123567222,9.147800360793037e-05,1.1616199769097686e-05,0.035355521432075564,0.11771815123567222,2026-02-16 05:00:00,2026-02-16,5,1_8,245.005,0,0,0
100.0,1.0,6.123233995736766e-17,0.49999999999999994,0.8660254037844387,19.817249999999955,110.16839395226546,0.1283225617526175,9.147800360793037e-05,1.0324790461256788e-05,0.038536457164366794,0.1283225617526175,2026-02-16 06:00:00,2026-02-16,6,1_8,266.954,0,0,0
287.05,0.9659258262890683,-0.25881904510252063,0.49999999999999994,0.8660254037844387,24.53933333333329,106.56061249443079,0.03009690902850851,9.147800360793037e-05,0.05278434046376722,0.024900966049125887,0.05278434046376722,2026-02-16 07:00:00,2026-02-16,7,1_8,332.077,0,0,0
307.0,0.8660254037844387,-0.4999999999999998,0.49999999999999994,0.8660254037844387,30.335249999999956,100.718474820638,0.015916627353467824,9.147800360793037e-05,0.05659144628932885,0.021789013294282174,0.05659144628932885,2026-02-16 08:00:00,2026-02-16,8,1_8,346.041,0,0,0
48.0,0.7071067811865476,-0.7071067811865475,0.49999999999999994,0.8660254037844387,30.585249999999956,100.61881013411055,0.4268537093997082,9.147800360793037e-05,9.897326885126357e-06,0.12809567321942114,0.4268537093997082,2026-02-16 09:00:00,2026-02-16,9,9_16,-80.0,1,0,0
-78.0,0.49999999999999994,-0.8660254037844387,0.49999999999999994,0.8660254037844387,30.772749999999956,100.5537867997059,0.8777674514072585,9.147800360793037e-05,9.770336618768956e-06,0.26336975772460636,0.8777674514072585,2026-02-16 10:00:00,2026-02-16,10,9_16,-80.0,1,0,0
-78.0,0.258819045102521,-0.9659258262890682,0.49999999999999994,0.8660254037844387,30.79879166666662,100.54524723940368,0.871456880050478,9.147800360793037e-05,1.3302900803910035e-05,0.2614776460868277,0.871456880050478,2026-02-16 11:00:00,2026-02-16,11,9_16,-80.0,1,0,0
-78.0,1.2246467991473532e-16,-1.0,0.49999999999999994,0.8660254037844387,30.79879166666662,100.54524723940368,0.871456880050478,0.00010017448168997685,8.315368245297846e-06,0.261479628418293,0.871456880050478,2026-02-16 12:00:00,2026-02-16,12,9_16,-80.0,1,0,0
-78.0,-0.2588190451025208,-0.9659258262890683,0.49999999999999994,0.8660254037844387,30.90641666666662,100.50663668587083,0.8766214227153573,9.147800360793037e-05,1.4283110965693379e-05,0.26302730294934,0.8766214227153573,2026-02-16 13:00:00,2026-02-16,13,9_16,-80.0,1,0,0
-78.0,-0.4999999999999997,-0.8660254037844388,0.49999999999999994,0.8660254037844387,31.09391666666662,100.44091512401266,0.8167443739444242,6.36548644367682e-05,8.907367346409098e-06,0.2450514463393059,0.8167443739444242,2026-02-16 14:00:00,2026-02-16,14,9_16,-80.0,1,0,0
-78.0,-0.7071067811865471,-0.7071067811865479,0.49999999999999994,0.8660254037844387,31.244958333333287,100.38836258229611,0.8032691988409024,0.00010465878969058246,1.7948634929359887e-05,0.24102800775862576,0.8032691988409024,2026-02-16 15:00:00,2026-02-16,15,9_16,-80.0,1,0,0
-51.875,-0.8660254037844385,-0.5000000000000004,0.49999999999999994,0.8660254037844387,31.244958333333287,100.38836258229611,0.5409991664909579,0.00010465878969058246,1.5316992702862065e-05,0.16234620856097448,0.5409991664909579,2026-02-16 16:00:00,2026-02-16,16,9_16,-80.0,1,0,0
305.925,-0.9659258262890683,-0.25881904510252063,0.49999999999999994,0.8660254037844387,36.81354166666662,103.13935935548032,0.008425836939801661,9.871145407924817e-05,0.02109193808043423,0.008894817087702466,0.02109193808043423,2026-02-16 17:00:00,2026-02-16,17,17_24,228.093,0,0,0
480.5,-1.0,-1.8369701987210297e-16,0.49999999999999994,0.8660254037844387,41.49308333333329,99.7392482194643,8.396782598155532e-05,9.871145407924817e-05,0.01094686487425346,0.003348734391702204,0.01094686487425346,2026-02-16 18:00:00,2026-02-16,18,17_24,371.543,0,0,0
502.625,-0.9659258262890684,0.2588190451025203,0.49999999999999994,0.8660254037844387,43.86091666666662,98.00816592549607,0.00010289167064992248,9.871145407924817e-05,0.018926511563222285,0.005748305551793361,0.018926511563222285,2026-02-16 19:00:00,2026-02-16,19,17_24,392.776,0,0,0
518.0,-0.8660254037844386,0.5000000000000001,0.49999999999999994,0.8660254037844387,44.65462499999995,97.2080669392747,0.00010580794022416958,9.871145407924817e-05,0.017723945582041538,0.005388410638311411,0.017723945582041538,2026-02-16 20:00:00,2026-02-16,20,17_24,396.013,0,0,0
515.0,-0.7071067811865477,0.7071067811865474,0.49999999999999994,0.8660254037844387,44.60320833333329,97.25484340637257,0.00010046802253426288,9.871145407924817e-05,0.01965509566655477,0.005966153688358409,0.01965509566655477,2026-02-16 21:00:00,2026-02-16,21,17_24,393.278,0,0,0
549.875,-0.5000000000000004,0.8660254037844384,0.49999999999999994,0.8660254037844387,41.88954166666662,98.67330958267308,9.531892751602706e-05,6.0037476105252345e-05,0.026963107227884846,0.008141542837062362,0.026963107227884846,2026-02-16 22:00:00,2026-02-16,22,17_24,390.575,0,0,0
527.0,-0.25881904510252157,0.9659258262890681,0.49999999999999994,0.8660254037844387,35.11454166666662,95.83101070701733,0.00011377095147170252,9.147800360793037e-05,0.02055327396265481,0.0062367046756811265,0.02055327396265481,2026-02-16 23:00:00,2026-02-16,23,17_24,386.945,0,0,0
524.0,-2.4492935982947064e-16,1.0,0.49999999999999994,0.8660254037844387,28.053333333333285,91.02807648845625,0.00010621985996103165,9.147800360793037e-05,0.033932339752685406,0.010248159085237102,0.033932339752685406,2026-02-17 00:00:00,2026-02-16,24,17_24,394.282,0,0,0
495.5,0.25881904510252074,0.9659258262890683,0.49999999999999994,0.8660254037844387,14.45191666666662,50.20269430402986,0.0010840633009505747,9.147800360793037e-05,0.014558406931770487,0.004729332271259491,0.014558406931770487,2026-02-17 01:00:00,2026-02-17,1,1_8,497.831,0,0,0
475.5,0.49999999999999994,0.8660254037844387,0.49999999999999994,0.8660254037844387,11.847833333333284,45.42125903014874,8.45740408018416e-05,9.147800360793037e-05,0.010553574957629746,0.0032280359009726487,0.010553574957629746,2026-02-17 02:00:00,2026-02-17,2,1_8,459.644,0,0,0
440.89,0.7071067811865476,0.7071067811865476,0.49999999999999994,0.8660254037844387,11.61687499999995,44.845743851476044,0.0005746247965991111,9.147800360793037e-05,0.018575391384710982,0.005781596055836199,0.018575391384710982,2026-02-17 03:00:00,2026-02-17,3,1_8,444.344,0,0,0
463.5,0.8660254037844386,0.5000000000000001,0.49999999999999994,0.8660254037844387,19.988458333333284,58.9297162130833,0.00012789363028225696,9.147800360793037e-05,0.0026396509306936635,0.0008668545697359483,0.0026396509306936635,2026-02-17 04:00:00,2026-02-17,4,1_8,429.277,0,0,0
401.96,0.9659258262890683,0.25881904510252074,0.49999999999999994,0.8660254037844387,26.051166666666617,63.99713574002644,0.001044857964704162,9.147800360793037e-05,0.0053585729311604,0.0019576204702025407,0.0053585729311604,2026-02-17 05:00:00,2026-02-17,5,1_8,432.099,0,0,0
406.25,1.0,6.123233995736766e-17,0.49999999999999994,0.8660254037844387,33.02841666666662,69.83827385181634,0.0013809027955367988,9.147800360793037e-05,0.0062081086585954424,0.0023132946376828445,0.0062081086585954424,2026-02-17 06:00:00,2026-02-17,6,1_8,455.405,0,0,0
359.25,0.9659258262890683,-0.25881904510252063,0.49999999999999994,0.8660254037844387,34.92537499999995,69.50548674983415,0.006456317599096671,9.147800360793037e-05,0.013975283742094885,0.006166071603800638,0.013975283742094885,2026-02-17 07:00:00,2026-02-17,7,1_8,469.472,0,0,0
339.81,0.8660254037844387,-0.4999999999999998,0.49999999999999994,0.8660254037844387,36.68229166666662,69.03317318978038,0.012520629288904737,9.147800360793037e-05,0.04560036262327367,0.017472888775096694,0.04560036262327367,2026-02-17 08:00:00,2026-02-17,8,1_8,328.042,0,0,0
-36.667,0.7071067811865476,-0.7071067811865475,0.49999999999999994,0.8660254037844387,31.557291666666618,76.43149412466346,0.6723476987528665,9.147800360793037e-05,2.6170122645261136e-05,0.2017487518640967,0.6723476987528665,2026-02-17 09:00:00,2026-02-17,9,9_16,-80.0,1,0,0
-78.0,0.49999999999999994,-0.8660254037844387,0.49999999999999994,0.8660254037844387,31.494791666666618,76.45945611890025,0.872000122632233,9.147800360793037e-05,2.6097657237040322e-05,0.2616444572882842,0.872000122632233,2026-02-17 10:00:00,2026-02-17,10,9_16,-80.0,1,0,0
-78.0,0.258819045102521,-0.9659258262890682,0.49999999999999994,0.8660254037844387,31.432291666666618,76.48735459991856,0.8654374438639012,9.147800360793037e-05,3.553331983317857e-05,0.2596784843565635,0.8654374438639012,2026-02-17 11:00:00,2026-02-17,11,9_16,-80.0,1,0,0
-78.0,1.2246467991473532e-16,-1.0,0.49999999999999994,0.8660254037844387,31.557291666666618,76.42765427256502,0.8832576271934597,0.00010017448168997685,1.9723486063852403e-05,0.26502327499653305,0.8832576271934597,2026-02-17 12:00:00,2026-02-17,12,9_16,-80.0,1,0,0
-78.0,-0.2588190451025208,-0.9659258262890683,0.49999999999999994,0.8660254037844387,31.57466666666662,76.41964175277866,0.8880089750199224,9.147800360793037e-05,3.8151492391576535e-05,0.26645072915513734,0.8880089750199224,2026-02-17 13:00:00,2026-02-17,13,9_16,-80.0,1,0,0
-79.905,-0.4999999999999997,-0.8660254037844388,0.49999999999999994,0.8660254037844387,31.51216666666662,76.44762290481597,0.8326031117124078,6.36548644367682e-05,2.3792604513229312e-05,0.249813533240851,0.8326031117124078,2026-02-17 14:00:00,2026-02-17,14,9_16,-80.0,1,0,0
-78.0,-0.7071067811865471,-0.7071067811865479,0.49999999999999994,0.8660254037844387,31.44966666666662,76.47554051980897,0.7973655671287182,0.00010465878969058246,2.1196742380722368e-05,0.23925789267720587,0.7973655671287182,2026-02-17 15:00:00,2026-02-17,15,9_16,-80.0,1,0,0
-78.0,-0.8660254037844385,-0.5000000000000004,0.49999999999999994,0.8660254037844387,30.486124999999955,77.09789701542401,0.6662050498471977,0.00010465878969058246,9.450192972270468e-06,0.19990621352792723,0.6662050498471977,2026-02-17 16:00:00,2026-02-17,16,9_16,-80.0,1,0,0
116.0,-0.9659258262890683,-0.25881904510252063,0.49999999999999994,0.8660254037844387,21.03349999999995,75.82859664945614,0.05608040195659136,9.870831016703773e-05,0.0012330174054312748,0.017233509132673602,0.05608040195659136,2026-02-17 17:00:00,2026-02-17,17,17_24,-80.0,1,0,0
362.92,-1.0,-1.8369701987210297e-16,0.49999999999999994,0.8660254037844387,15.465541666666619,80.32263058006973,0.0037614430959104794,9.870831016703773e-05,0.015651525905206222,0.005863374024401825,0.015651525905206222,2026-02-17 18:00:00,2026-02-17,18,17_24,326.001,0,0,0
341.6,-0.9659258262890684,0.2588190451025203,0.49999999999999994,0.8660254037844387,10.812749999999953,84.2840926475029,0.017586312502151796,9.870831016703773e-05,0.027117642990921943,0.013450669971988936,0.027117642990921943,2026-02-17 19:00:00,2026-02-17,19,17_24,288.594,0,0,0
360.125,-0.8660254037844386,0.5000000000000001,0.49999999999999994,0.8660254037844387,7.417958333333286,88.00013420813724,0.03491398380443933,9.870831016703773e-05,0.0928380255818476,0.03836508613995289,0.0928380255818476,2026-02-17 20:00:00,2026-02-17,20,17_24,53.633,0,0,1
352.5,-0.7071067811865477,0.7071067811865474,0.49999999999999994,0.8660254037844387,4.044499999999953,91.41294920447906,0.046441383522314944,9.870831016703773e-05,0.0749373130519351,0.036453092296341826,0.0749373130519351,2026-02-17 21:00:00,2026-02-17,21,17_24,101.566,0,0,1
353.0,-0.5000000000000004,0.8660254037844384,0.49999999999999994,0.8660254037844387,-0.9933750000000465,97.0134587443861,0.0529601467555201,6.0037476105252345e-05,0.07745503968826914,0.039148570923578874,0.07745503968826914,2026-02-17 22:00:00,2026-02-17,22,17_24,105.971,0,0,1
272.43,-0.25881904510252157,0.9659258262890681,0.49999999999999994,0.8660254037844387,-6.674916666666714,101.08609323736147,0.09451589463909074,9.147800360793037e-05,0.11659605396909464,0.0633701757838988,0.11659605396909464,2026-02-17 23:00:00,2026-02-17,23,17_24,50.102,0,0,1
230.3,-2.4492935982947064e-16,1.0,0.49999999999999994,0.8660254037844387,-12.402791666666715,104.08342132822723,0.09248530602747586,9.147800360793037e-05,0.08865215129226822,0.05437782839736639,0.09248530602747586,2026-02-18 00:00:00,2026-02-17,24,17_24,124.906,0,0,0
45.43,0.25881904510252074,0.9659258262890683,0.49999999999999994,0.8660254037844387,-14.854000000000047,102.96234977935734,0.5343521614396493,9.147800360793037e-05,7.906535570896412e-06,0.1603446115940092,0.5343521614396493,2026-02-18 01:00:00,2026-02-18,1,1_8,-80.0,1,0,0
17.0,0.49999999999999994,0.8660254037844387,0.49999999999999994,0.8660254037844387,-18.266000000000048,101.51198323136526,0.5514018638813688,9.147800360793037e-05,9.69858272106093e-06,0.16546005994067015,0.5514018638813688,2026-02-18 02:00:00,2026-02-18,2,1_8,-80.0,1,0,0
38.2,0.7071067811865476,0.7071067811865476,0.49999999999999994,0.8660254037844387,-22.986291666666713,97.51651447184254,0.3757739652620394,9.147800360793037e-05,8.110443738732626e-06,0.1127712139131766,0.3757739652620394,2026-02-18 03:00:00,2026-02-18,3,1_8,-80.0,1,0,0
26.32,0.8660254037844386,0.5000000000000001,0.49999999999999994,0.8660254037844387,-32.74216666666671,85.17846066815743,0.3323524855009439,9.147800360793037e-05,1.0376296185221011e-05,0.0997454497405819,0.3323524855009439,2026-02-18 04:00:00,2026-02-18,4,1_8,-80.0,1,0,0
57.5,0.9659258262890683,0.25881904510252074,0.49999999999999994,0.8660254037844387,-37.52825000000005,77.65132248838643,0.21968294966915267,9.147800360793037e-05,1.4283925171686762e-05,0.06594576127974047,0.21968294966915267,2026-02-18 05:00:00,2026-02-18,5,1_8,-80.0,1,0,0
215.0,1.0,6.123233995736766e-17,0.49999999999999994,0.8660254037844387,-42.43654166666672,67.18130716719918,0.12578155197341534,9.147800360793037e-05,0.07598504637589872,0.06056657070623738,0.12578155197341534,2026-02-18 06:00:00,2026-02-18,6,1_8,-59.917,1,0,1
225.5,0.9659258262890683,-0.25881904510252063,0.49999999999999994,0.8660254037844387,-39.720083333333385,72.01576049540556,0.06172105624806866,9.147800360793037e-05,0.07447485242195508,0.04089536380245029,0.07447485242195508,2026-02-18 07:00:00,2026-02-18,7,1_8,238.715,0,0,0
120.108,0.8660254037844387,-0.4999999999999998,0.49999999999999994,0.8660254037844387,-41.83712500000005,70.32676848844189,0.2235711149219115,9.147800360793037e-05,0.028128638943791303,0.075546517361154,0.2235711149219115,2026-02-18 08:00:00,2026-02-18,8,1_8,277.946,0,0,0
-79.0,0.7071067811865476,-0.7071067811865475,0.49999999999999994,0.8660254037844387,-38.309333333333385,67.89831255357473,0.8365354067519637,9.147800360793037e-05,1.6962066152006756e-05,0.2510023018468779,0.8365354067519637,2026-02-18 09:00:00,2026-02-18,9,9_16,-80.0,1,0,0
-78.625,0.49999999999999994,-0.8660254037844387,0.49999999999999994,0.8660254037844387,-38.309333333333385,67.89831255357473,0.8797303127677522,9.147800360793037e-05,1.6744431400608918e-05,0.263960708361189,0.8797303127677522,2026-02-18 10:00:00,2026-02-18,10,9_16,-80.0,1,0,0
-79.75,0.258819045102521,-0.9659258262890682,0.49999999999999994,0.8660254037844387,-38.309333333333385,67.89831255357473,0.875421637481802,9.147800360793037e-05,1.6744431400608918e-05,0.26266810577540395,0.875421637481802,2026-02-18 11:00:00,2026-02-18,11,9_16,-80.0,1,0,0
-78.0,1.2246467991473532e-16,-1.0,0.49999999999999994,0.8660254037844387,-38.309333333333385,67.89831255357473,0.875421637481802,0.00010017448168997685,2.3160546411017454e-05,0.2626735092011399,0.875421637481802,2026-02-18 12:00:00,2026-02-18,12,9_16,-80.0,1,0,0
-78.65,-0.2588190451025208,-0.9659258262890683,0.49999999999999994,0.8660254037844387,-38.309333333333385,67.89831255357473,0.880448738901232,9.147800360793037e-05,2.2977933972639164e-05,0.26417810625200455,0.880448738901232,2026-02-18 13:00:00,2026-02-18,13,9_16,-80.0,1,0,0
-79.0,-0.4999999999999997,-0.8660254037844388,0.49999999999999994,0.8660254037844387,-38.229958333333386,67.94370299739279,0.8676477584586423,6.36548644367682e-05,2.294368708772667e-05,0.2603266725894937,0.8676477584586423,2026-02-18 14:00:00,2026-02-18,14,9_16,-80.0,1,0,0
-79.0,-0.7071067811865471,-0.7071067811865479,0.49999999999999994,0.8660254037844387,-38.229958333333386,67.94370299739279,0.8383550150221093,0.00010465545637842657,2.294368708772667e-05,0.25155524979531046,0.8383550150221093,2026-02-18 15:00:00,2026-02-18,15,9_16,-80.0,1,0,0
-78.0,-0.8660254037844385,-0.5000000000000004,0.49999999999999994,0.8660254037844387,-37.14141666666672,68.32086619252449,0.7030823289974647,0.00010465545637842657,2.103769535734004e-05,0.21097287219039798,0.7030823289974647,2026-02-18 16:00:00,2026-02-18,16,9_16,-80.0,1,0,0
213.5,-0.9659258262890683,-0.25881904510252063,0.49999999999999994,0.8660254037844387,-42.065083333333384,75.2839677781881,0.02442778057446962,9.870831016703773e-05,0.03075919138094735,0.016595574910691906,0.03075919138094735,2026-02-18 17:00:00,2026-02-18,17,17_24,36.58,0,0,0
385.0,-1.0,-1.8369701987210297e-16,0.49999999999999994,0.8660254037844387,-39.06350000000005,73.92483523970225,0.0022941794212333285,9.870831016703773e-05,0.018653702115479984,0.006323847785080808,0.018653702115479984,2026-02-18 18:00:00,2026-02-18,18,17_24,473.25,0,0,0
401.425,-0.9659258262890684,0.2588190451025203,0.49999999999999994,0.8660254037844387,-36.69504166666672,72.45431697732094,0.002674196195460764,9.870831016703773e-05,0.02387701843809905,0.008004847714134759,0.02387701843809905,2026-02-18 19:00:00,2026-02-18,19,17_24,492.758,0,0,0
443.0,-0.8660254037844386,0.5000000000000001,0.49999999999999994,0.8660254037844387,-44.38275000000005,89.64633532665864,0.0011810192050084177,9.870831016703773e-05,0.02473735370911874,0.007814995198304963,0.02473735370911874,2026-02-18 20:00:00,2026-02-18,20,17_24,487.755,0,0,0
412.5,-0.7071067811865477,0.7071067811865474,0.49999999999999994,0.8660254037844387,-49.76658333333339,97.98516047270645,0.003363824499768836,9.870831016703773e-05,0.06761580393462736,0.021333371854385677,0.06761580393462736,2026-02-18 21:00:00,2026-02-18,21,17_24,490.249,0,0,0
429.5,-0.5000000000000004,0.8660254037844384,0.49999999999999994,0.8660254037844387,-53.421958333333386,103.71770167664175,0.0012444926828994417,6.0037476105252345e-05,0.03438032091164962,0.01071145906880682,0.03438032091164962,2026-02-18 22:00:00,2026-02-18,22,17_24,489.547,0,0,0
374.75,-0.25881904510252157,0.9659258262890681,0.49999999999999994,0.8660254037844387,-56.85000000000005,107.97770492016299,0.04840801213622189,8.819887118715457e-05,0.057429283359451085,0.03178646819717675,0.057429283359451085,2026-02-18 23:00:00,2026-02-18,23,17_24,494.807,0,0,0
336.263,-2.4492935982947064e-16,1.0,0.49999999999999994,0.8660254037844387,-55.83650000000005,107.37649560916046,0.060842733568708264,2.3059198872230624e-27,0.07762594674375797,0.04154060409373987,0.07762594674375797,2026-02-19 00:00:00,2026-02-18,24,17_24,452.577,0,0,0
218.948,0.25881904510252074,0.9659258262890683,0.49999999999999994,0.8660254037844387,-61.15987500000005,107.53423096787813,0.08243732430391179,2.5030363013635846e-27,0.06549332745600166,0.044379195527974036,0.08243732430391179,2026-02-19 01:00:00,2026-02-19,1,1_8,433.468,0,0,0
142.85,0.49999999999999994,0.8660254037844387,0.49999999999999994,0.8660254037844387,-64.54087500000004,107.32331783844997,0.21281269156339372,9.574603200558852e-05,0.11291822227376704,0.09775757256395046,0.21281269156339372,2026-02-19 02:00:00,2026-02-19,2,1_8,248.633,0,0,0
33.0,0.7071067811865476,0.7071067811865476,0.49999999999999994,0.8660254037844387,-69.60979166666672,106.84407968663885,0.5109762393316682,9.574603200558852e-05,2.5838976953441026e-05,0.15333892190538873,0.5109762393316682,2026-02-19 03:00:00,2026-02-19,3,1_8,-0.551,1,0,0
45.0,0.8660254037844386,0.5000000000000001,0.49999999999999994,0.8660254037844387,-72.61383333333337,106.81942327720668,0.5056877025522354,9.574603200558852e-05,1.4037493732025397e-05,0.15174882042659246,0.5056877025522354,2026-02-19 04:00:00,2026-02-19,4,1_8,-80.0,1,0,0
-28.0,0.9659258262890683,0.25881904510252074,0.49999999999999994,0.8660254037844387,-79.59879166666671,105.27811403713145,0.3683234985289795,9.574603200558852e-05,1.1260392933559942e-05,0.11053872608937614,0.3683234985289795,2026-02-19 05:00:00,2026-02-19,5,1_8,-80.0,1,0,0
0.0,1.0,6.123233995736766e-17,0.49999999999999994,0.8660254037844387,-93.10179166666671,108.77095784300512,0.4528129486803025,9.574603200558852e-05,3.911833418920762e-06,0.13588335656691866,0.4528129486803025,2026-02-19 06:00:00,2026-02-19,6,1_8,-80.0,1,0,0
-21.263,0.9659258262890683,-0.25881904510252063,0.49999999999999994,0.8660254037844387,-97.14375000000005,102.5090424203369,0.48565722449195714,9.574603200558852e-05,3.8131154685028498e-06,0.1457366096950299,0.48565722449195714,2026-02-19 07:00:00,2026-02-19,7,1_8,-80.0,1,0,0
-9.5,0.8660254037844387,-0.4999999999999998,0.49999999999999994,0.8660254037844387,-90.0768333333334,113.86767101778341,0.5533872537767125,9.574603200558852e-05,5.213192974892202e-06,0.16605603850370845,0.5533872537767125,2026-02-19 08:00:00,2026-02-19,8,1_8,-59.775,1,0,0
-79.958,0.7071067811865476,-0.7071067811865475,0.49999999999999994,0.8660254037844387,-88.31295833333338,114.94601676835475,0.7755307661100036,9.574603200558852e-05,7.627939633710862e-06,0.23269981662769343,0.7755307661100036,2026-02-19 09:00:00,2026-02-19,9,9_16,-80.0,1,0,0
-79.99,0.49999999999999994,-0.8660254037844387,0.49999999999999994,0.8660254037844387,-88.28691666666673,114.96649063358032,0.8504981082177124,9.574603200558852e-05,1.2234902516555729e-05,0.2551914013488709,0.8504981082177124,2026-02-19 10:00:00,2026-02-19,10,9_16,-80.0,1,0,0
-80.0,0.258819045102521,-0.9659258262890682,0.49999999999999994,0.8660254037844387,-88.21400000000006,115.02413742567863,0.9215028181444124,9.5731939527635e-05,1.2234902516555729e-05,0.27649280868988974,0.9215028181444124,2026-02-19 11:00:00,2026-02-19,11,9_16,-80.0,1,0,0
-80.0,1.2246467991473532e-16,-1.0,0.49999999999999994,0.8660254037844387,-88.21400000000006,115.02413742567863,0.9215028181444124,7.976448671051135e-86,8.829584705333853e-06,0.27645349431873534,0.9215028181444124,2026-02-19 12:00:00,2026-02-19,12,9_16,-80.0,1,0,0
-80.0,-0.2588190451025208,-0.9659258262890683,0.49999999999999994,0.8660254037844387,-88.18691666666672,115.04539434460409,0.9248300798766276,0.0,8.759965669160914e-06,0.277451651952689,0.9248300798766276,2026-02-19 13:00:00,2026-02-19,13,9_16,-80.0,1,0,0
-80.0,-0.4999999999999997,-0.8660254037844388,0.49999999999999994,0.8660254037844387,-88.22462500000005,115.0154095550409,0.874193264783445,8.277121936294999e-48,8.811407262401482e-06,0.2622606228572122,0.874193264783445,2026-02-19 14:00:00,2026-02-19,14,9_16,-80.0,1,0,0
-79.99,-0.7071067811865471,-0.7071067811865479,0.49999999999999994,0.8660254037844387,-88.18295833333337,115.04818075597163,0.7028730510013858,9.659195985950267e-05,5.346818546338506e-06,0.21090215612992344,0.7028730510013858,2026-02-19 15:00:00,2026-02-19,15,9_16,-80.0,1,0,0
-79.775,-0.8660254037844385,-0.5000000000000004,0.49999999999999994,0.8660254037844387,-88.18295833333337,115.04818075597163,0.5492820851956068,9.659195985950267e-05,8.717967608379852e-06,0.16482587773290835,0.5492820851956068,2026-02-19 16:00:00,2026-02-19,16,9_16,-80.0,1,0,0
-27.5,-0.9659258262890683,-0.25881904510252063,0.49999999999999994,0.8660254037844387,-87.38795833333337,114.33446532013579,0.3317444766625685,9.659195985950267e-05,1.3692899578753643e-05,0.09956608765258798,0.3317444766625685,2026-02-19 17:00:00,2026-02-19,17,17_24,41.613,0,0,0
312.2,-1.0,-1.8369701987210297e-16,0.49999999999999994,0.8660254037844387,-82.17258333333338,119.47589941796444,0.006561246356498101,9.093860136861391e-05,0.016657037080149924,0.007001860471541853,0.016657037080149924,2026-02-19 18:00:00,2026-02-19,18,17_24,610.695,0,0,0
335.0,-0.9659258262890684,0.2588190451025203,0.49999999999999994,0.8660254037844387,-76.15845833333339,124.53368804498174,0.01614498399092593,9.093860136861391e-05,0.03398213897189136,0.015074512329392633,0.03398213897189136,2026-02-19 19:00:00,2026-02-19,19,17_24,506.776,0,0,0
362.175,-0.8660254037844386,0.5000000000000001,0.49999999999999994,0.8660254037844387,-61.52316666666672,116.67953682841075,0.015210114143657472,9.093064675621836e-05,0.04843953827992607,0.01913126798577755,0.04843953827992607,2026-02-19 20:00:00,2026-02-19,20,17_24,490.774,0,0,0
320.0,-0.7071067811865477,0.7071067811865474,0.49999999999999994,0.8660254037844387,-47.828041666666714,112.70267677214508,0.060714789027449104,9.870831016703773e-05,0.12990876894202766,0.05722655071490984,0.12990876894202766,2026-02-19 21:00:00,2026-02-19,21,17_24,472.773,0,0,0
302.875,-0.5000000000000004,0.8660254037844384,0.49999999999999994,0.8660254037844387,-35.03320833333338,106.35677523030323,0.06512434979281725,6.0037476105252345e-05,0.10129363346076059,0.04994940996651545,0.10129363346076059,2026-02-19 22:00:00,2026-02-19,22,17_24,461.532,0,0,0
249.0,-0.25881904510252157,0.9659258262890681,0.49999999999999994,0.8660254037844387,-20.76716666666671,103.05332488767924,0.11545476711525449,9.147800360793037e-05,0.1976738363959798,0.09397517225481344,0.1976738363959798,2026-02-19 23:00:00,2026-02-19,23,17_24,437.879,0,0,0
90.25,-2.4492935982947064e-16,1.0,0.49999999999999994,0.8660254037844387,-11.529333333333376,105.05509165512376,0.21106304242675447,9.147800360793037e-05,7.021893008456547e-06,0.06335761049737204,0.21106304242675447,2026-02-20 00:00:00,2026-02-19,24,17_24,339.418,0,0,0
80.0,0.25881904510252074,0.9659258262890683,0.49999999999999994,0.8660254037844387,2.635249999999958,111.73548959980667,0.2686742266160905,9.147800360793037e-05,1.0144399006920343e-05,0.08064190250597239,0.2686742266160905,2026-02-20 01:00:00,2026-02-20,1,1_8,132.768,0,0,0
1.5,0.49999999999999994,0.8660254037844387,0.49999999999999994,0.8660254037844387,11.084541666666624,111.54054716168666,0.5900414273793853,9.147800360793037e-05,1.0768354565843892e-05,0.1770522499216285,0.5900414273793853,2026-02-20 02:00:00,2026-02-20,2,1_8,-26.929,1,0,0
8.0,0.7071067811865476,0.7071067811865476,0.49999999999999994,0.8660254037844387,14.611583333333291,108.57356402594938,0.4068919407861913,9.147800360793037e-05,1.1942831213548277e-05,0.12210775628666462,0.4068919407861913,2026-02-20 03:00:00,2026-02-20,3,1_8,262.867,0,0,0
-25.0,0.8660254037844386,0.5000000000000001,0.49999999999999994,0.8660254037844387,13.833249999999957,109.5408281256644,0.3882337304563728,9.147800360793037e-05,1.1587346464081758e-05,0.11651018654229424,0.3882337304563728,2026-02-20 04:00:00,2026-02-20,4,1_8,-59.852,1,0,0
-24.75,0.9659258262890683,0.25881904510252074,0.49999999999999994,0.8660254037844387,17.395749999999957,105.7291679776161,0.3004477292189593,9.147800360793037e-05,1.1002920149515861e-05,0.09017421084317581,0.3004477292189593,2026-02-20 05:00:00,2026-02-20,5,1_8,-80.0,1,0,0
-50.0,1.0,6.123233995736766e-17,0.49999999999999994,0.8660254037844387,25.517291666666626,88.35828050488897,0.5994789685879635,9.147800360793037e-05,1.0169217430373538e-05,0.1798833325430613,0.5994789685879635,2026-02-20 06:00:00,2026-02-20,6,1_8,102.486,0,0,0
-29.0,0.9659258262890683,-0.25881904510252063,0.49999999999999994,0.8660254037844387,22.51929166666663,89.99927513354342,0.41645081744376117,9.147800360793037e-05,8.850756296892566e-06,0.12497449166146059,0.41645081744376117,2026-02-20 07:00:00,2026-02-20,7,1_8,285.795,0,0,0
-49.125,0.8660254037844387,-0.4999999999999998,0.49999999999999994,0.8660254037844387,13.847916666666622,86.34617618829688,0.5937980712925387,9.147800360793037e-05,9.439031949081554e-06,0.1781788442987895,0.5937980712925387,2026-02-20 08:00:00,2026-02-20,8,1_8,83.784,0,0,0
-79.775,0.7071067811865476,-0.7071067811865475,0.49999999999999994,0.8660254037844387,13.887833333333292,86.33923491954617,0.8094582375957783,9.147800360793037e-05,9.439031949081554e-06,0.24287689418976138,0.8094582375957783,2026-02-20 09:00:00,2026-02-20,9,9_16,-80.0,1,0,0
-79.955,0.49999999999999994,-0.8660254037844387,0.49999999999999994,0.8660254037844387,13.94470833333329,86.32919256492012,0.8641297845242591,9.147800360793037e-05,9.317921902138446e-06,0.25927832193529154,0.8641297845242591,2026-02-20 10:00:00,2026-02-20,10,9_16,-80.0,1,0,0
-79.97,0.258819045102521,-0.9659258262890682,0.49999999999999994,0.8660254037844387,13.955124999999958,86.3274203973557,0.8536589693792069,9.147800360793037e-05,1.2686913038474868e-05,0.25613808808911676,0.8536589693792069,2026-02-20 11:00:00,2026-02-20,11,9_16,-80.0,1,0,0
-79.978,1.2246467991473532e-16,-1.0,0.49999999999999994,0.8660254037844387,14.03845833333329,86.31231299635425,0.8536589693792069,0.00010017448168997685,7.930325197617343e-06,0.25614013970399735,0.8536589693792069,2026-02-20 12:00:00,2026-02-20,12,9_16,-80.0,1,0,0
-79.85,-0.2588190451025208,-0.9659258262890683,0.49999999999999994,0.8660254037844387,14.094708333333292,86.30228757735783,0.8731847425083273,9.147800360793037e-05,1.3621735412193406e-05,0.261996100474565,0.8731847425083273,2026-02-20 13:00:00,2026-02-20,13,9_16,-80.0,1,0,0
-79.965,-0.4999999999999997,-0.8660254037844388,0.49999999999999994,0.8660254037844387,14.136374999999958,86.29492409416852,0.7761168282126615,6.36548644367682e-05,8.494912018838899e-06,0.2328630588831788,0.7761168282126615,2026-02-20 14:00:00,2026-02-20,14,9_16,-80.0,1,0,0
-79.97,-0.7071067811865471,-0.7071067811865479,0.49999999999999994,0.8660254037844387,14.177624999999956,86.28761045168525,0.7328046102359673,0.00010465545637842657,7.568072716439642e-06,0.2198855156751565,0.7328046102359673,2026-02-20 15:00:00,2026-02-20,15,9_16,-80.0,1,0,0
-79.908,-0.8660254037844385,-0.5000000000000004,0.49999999999999994,0.8660254037844387,14.251583333333292,86.27390110719145,0.6169799236858341,0.00010465545637842657,7.631531506607813e-06,0.1851381287477536,0.6169799236858341,2026-02-20 16:00:00,2026-02-20,16,9_16,-80.0,1,0,0
-74.75,-0.9659258262890683,-0.25881904510252063,0.49999999999999994,0.8660254037844387,24.502958333333293,76.6511869220774,0.45809243665325133,0.00010465878969058246,7.71067915841154e-06,0.13747190771559914,0.45809243665325133,2026-02-20 17:00:00,2026-02-20,17,17_24,-80.0,1,0,0
189.993,-1.0,-1.8369701987210297e-16,0.49999999999999994,0.8660254037844387,33.26316666666663,94.24770002391018,0.03964145956584852,9.871145407924817e-05,0.012281854391077863,0.015616478768709613,0.03964145956584852,2026-02-20 18:00:00,2026-02-20,18,17_24,266.075,0,0,0
246.875,-0.9659258262890684,0.2588190451025203,0.49999999999999994,0.8660254037844387,36.6149583333333,97.76736748926332,0.058917590301643716,9.871145407924817e-05,0.03217235208185633,0.027366467296681712,0.058917590301643716,2026-02-20 19:00:00,2026-02-20,19,17_24,75.544,0,0,0
166.7,-0.8660254037844386,0.5000000000000001,0.49999999999999994,0.8660254037844387,40.108458333333296,99.55257120736792,0.10137215506425022,9.871145407924817e-05,0.041632186207960546,0.042940786963294925,0.10137215506425022,2026-02-20 20:00:00,2026-02-20,20,17_24,134.402,0,0,0
90.0,-0.7071067811865477,0.7071067811865474,0.49999999999999994,0.8660254037844387,43.23445833333329,101.93527262753672,0.21094590535544416,9.871145407924817e-05,1.5946933780777974e-05,0.06332804026839918,0.21094590535544416,2026-02-20 21:00:00,2026-02-20,21,17_24,-60.153,1,0,0
9.5,-0.5000000000000004,0.8660254037844384,0.49999999999999994,0.8660254037844387,47.3432083333333,104.59506457305501,0.6454580853911727,6.36548644367682e-05,1.913357488285979e-05,0.19366862763559137,0.6454580853911727,2026-02-20 22:00:00,2026-02-20,22,17_24,285.572,0,0,0
-11.0,-0.25881904510252157,0.9659258262890681,0.49999999999999994,0.8660254037844387,50.21079166666663,107.57619448638248,0.591232333536265,9.147800360793037e-05,1.5613465690850605e-05,0.17741097530202993,0.591232333536265,2026-02-20 23:00:00,2026-02-20,23,17_24,-80.0,1,0,0
-25.0,-2.4492935982947064e-16,1.0,0.49999999999999994,0.8660254037844387,55.746374999999965,114.33162624416643,0.7302105561506805,9.147800360793037e-05,1.5328678763551685e-05,0.2191043566502764,0.7302105561506805,2026-02-21 00:00:00,2026-02-20,24,17_24,-80.0,1,0,0
-65.0,0.25881904510252074,0.9659258262890683,0.49999999999999994,0.8660254037844387,49.006708333333286,109.21841492105459,0.8339379974786181,9.147800360793037e-05,1.5481681584889947e-05,0.25022263494950403,0.8339379974786181,2026-02-21 01:00:00,2026-02-21,1,1_8,-80.0,1,0,0
-72.625,0.49999999999999994,0.8660254037844387,0.49999999999999994,0.8660254037844387,43.41454166666663,109.62018129570124,0.826351550484405,9.147800360793037e-05,2.0313240048600843e-05,0.24794815031877926,0.826351550484405,2026-02-21 02:00:00,2026-02-21,2,1_8,-80.0,1,0,0
-75.0,0.7071067811865476,0.7071067811865476,0.49999999999999994,0.8660254037844387,55.43195833333329,116.41452240927973,0.8120202166545164,9.147800360793037e-05,2.1081320326143198e-05,0.24364898059389592,0.8120202166545164,2026-02-21 03:00:00,2026-02-21,3,1_8,-80.0,1,0,0
-77.5,0.8660254037844386,0.5000000000000001,0.49999999999999994,0.8660254037844387,59.18812499999996,111.69849445690895,0.7154164923484172,9.147800360793037e-05,2.1782108886600104e-05,0.2146680735386343,0.7154164923484172,2026-02-21 04:00:00,2026-02-21,4,1_8,-80.0,1,0,0
-78.0,0.9659258262890683,0.25881904510252074,0.49999999999999994,0.8660254037844387,59.05270833333329,111.84103226940033,0.6894239321996869,9.147800360793037e-05,1.8564224246950535e-05,0.20686934012862332,0.6894239321996869,2026-02-21 05:00:00,2026-02-21,5,1_8,-80.0,1,0,0
-70.0,1.0,6.123233995736766e-17,0.49999999999999994,0.8660254037844387,68.73962499999996,109.31319807098022,0.6344045187381286,9.147800360793037e-05,1.6884420936119172e-05,0.1903630121491626,0.6344045187381286,2026-02-21 06:00:00,2026-02-21,6,1_8,-80.0,1,0,0
-65.0,0.9659258262890683,-0.25881904510252063,0.49999999999999994,0.8660254037844387,84.3034583333333,116.71500017600604,0.5599872925067363,0.00010484783429293281,5.933397789947438e-05,0.16805592707910788,0.5599872925067363,2026-02-21 07:00:00,2026-02-21,7,1_8,-80.0,1,0,0
-50.315,0.8660254037844387,-0.4999999999999998,0.49999999999999994,0.8660254037844387,91.93612499999996,113.47628634530997,0.5690531402615873,0.00010484783429293281,6.853272977827758e-05,0.17077844103112683,0.5690531402615873,2026-02-21 08:00:00,2026-02-21,8,1_8,-80.0,1,0,0
-79.838,0.7071067811865476,-0.7071067811865475,0.49999999999999994,0.8660254037844387,91.92849999999997,113.48274146318441,0.8264127632838443,0.00010484783429293281,8.681595377297641e-05,0.24799181290500233,0.8264127632838443,2026-02-21 09:00:00,2026-02-21,9,9_16,-80.0,1,0,0
-79.98,0.49999999999999994,-0.8660254037844387,0.49999999999999994,0.8660254037844387,91.92704166666663,113.48397452445745,0.8793251543770298,0.00010484783429293281,8.657557381260243e-05,0.2638654581189699,0.8793251543770298,2026-02-21 10:00:00,2026-02-21,10,9_16,-80.0,1,0,0
-79.98,0.258819045102521,-0.9659258262890682,0.49999999999999994,0.8660254037844387,91.92579166666661,113.48503126422277,0.8730833754506938,0.00010484783429293281,9.305576508445446e-05,0.26199486849845066,0.8730833754506938,2026-02-21 11:00:00,2026-02-21,11,9_16,-80.0,1,0,0
-79.98,1.2246467991473532e-16,-1.0,0.49999999999999994,0.8660254037844387,91.92487499999994,113.48580615761831,0.8730833754506938,0.00010484783429293281,4.933060915215925e-05,0.261981750951671,0.8730833754506938,2026-02-21 12:00:00,2026-02-21,12,9_16,-80.0,1,0,0
-79.97,-0.2588190451025208,-0.9659258262890683,0.49999999999999994,0.8660254037844387,91.91862499999995,113.49109285249311,0.8845115168482512,0.00010484783429293281,7.98229432833078e-05,0.2654193410711776,0.8845115168482512,2026-02-21 13:00:00,2026-02-21,13,9_16,-80.0,1,0,0
-79.98,-0.4999999999999997,-0.8660254037844388,0.49999999999999994,0.8660254037844387,91.91716666666662,113.49232555654078,0.8012727071751575,4.617808713208699e-22,7.919349367382072e-05,0.2404055702006494,0.8012727071751575,2026-02-21 14:00:00,2026-02-21,14,9_16,-80.0,1,0,0
-79.98,-0.7071067811865471,-0.7071067811865479,0.49999999999999994,0.8660254037844387,91.9163333333333,113.49302996321772,0.7700271306515958,4.617811424215222e-22,6.934217987285839e-05,0.2310289418494406,0.7700271306515958,2026-02-21 15:00:00,2026-02-21,15,9_16,-80.0,1,0,0
-79.935,-0.8660254037844385,-0.5000000000000004,0.49999999999999994,0.8660254037844387,91.92187499999996,113.48833839969102,0.6935411853535127,4.617811424215222e-22,5.140682651416643e-05,0.20807777765400806,0.6935411853535127,2026-02-21 16:00:00,2026-02-21,16,9_16,-80.0,1,0,0
-52.5,-0.9659258262890683,-0.25881904510252063,0.49999999999999994,0.8660254037844387,88.82341666666663,115.14123383495672,0.5006569757557944,4.617811424215222e-22,3.368401568908237e-05,0.15020719793144505,0.5006569757557944,2026-02-21 17:00:00,2026-02-21,17,17_24,-80.0,1,0,0
129.0,-1.0,-1.8369701987210297e-16,0.49999999999999994,0.8660254037844387,79.55620833333329,106.12986487071574,0.06546373461997437,9.87114523005161e-05,0.004793438854501319,0.021116636623262915,0.06546373461997437,2026-02-21 18:00:00,2026-02-21,18,17_24,163.289,0,0,0
234.0,-0.9659258262890684,0.2588190451025203,0.49999999999999994,0.8660254037844387,65.26008333333328,115.83278986310795,0.04862316503969265,9.871145407924817e-05,0.026115868314988237,0.022461194588035964,0.04862316503969265,2026-02-21 19:00:00,2026-02-21,19,17_24,167.212,0,0,0
165.5,-0.8660254037844386,0.5000000000000001,0.49999999999999994,0.8660254037844387,58.55604166666662,116.66069544865273,0.1095963449500208,9.871145407924817e-05,0.03240899619667964,0.04264108692564183,0.1095963449500208,2026-02-21 20:00:00,2026-02-21,20,17_24,186.815,0,0,0
199.8,-0.7071067811865477,0.7071067811865474,0.49999999999999994,0.8660254037844387,45.93412499999996,122.27599447056721,0.1142104187648769,9.871145407924817e-05,0.0770527976120734,0.05741844949471679,0.1142104187648769,2026-02-21 21:00:00,2026-02-21,21,17_24,67.489,0,0,0
153.0,-0.5000000000000004,0.8660254037844384,0.49999999999999994,0.8660254037844387,50.826416666666624,129.13848304652592,0.17546917548402227,6.0037476105252345e-05,0.13681576290153363,0.09370949650610887,0.17546917548402227,2026-02-21 22:00:00,2026-02-21,22,17_24,293.448,0,0,0
15.0,-0.25881904510252157,0.9659258262890681,0.49999999999999994,0.8660254037844387,40.08145833333328,127.87462520459425,0.5662970434719893,8.557168349397482e-05,2.2998717659421723e-05,0.1699302413302922,0.5662970434719893,2026-02-21 23:00:00,2026-02-21,23,17_24,34.186,0,0,0
0.0,-2.4492935982947064e-16,1.0,0.49999999999999994,0.8660254037844387,27.407791666666622,121.14714960273561,0.6447059906165582,9.147800360793037e-05,1.1161545436979588e-05,0.19345173685004172,0.6447059906165582,2026-02-22 00:00:00,2026-02-21,24,17_24,-59.639,1,0,0
-78.5,0.25881904510252074,0.9659258262890683,0.49999999999999994,0.8660254037844387,24.584124999999954,121.3199971137454,0.9101093471085822,9.147800360793037e-05,1.1928200004929475e-05,0.2730729737940193,0.9101093471085822,2026-02-22 01:00:00,2026-02-22,1,1_8,-80.0,1,0,0
-78.0,0.49999999999999994,0.8660254037844387,0.49999999999999994,0.8660254037844387,25.46137499999995,120.99568510445562,0.879796801600134,9.147800360793037e-05,1.3047329464936179e-05,0.26397954588032285,0.879796801600134,2026-02-22 02:00:00,2026-02-22,2,1_8,-80.0,1,0,0
-79.45,0.7071067811865476,0.7071067811865476,0.49999999999999994,0.8660254037844387,14.633583333333284,110.76927696947565,0.8133222549923473,9.147800360793037e-05,1.1902984167533734e-05,0.24403683859439762,0.8133222549923473,2026-02-22 03:00:00,2026-02-22,3,1_8,-80.0,1,0,0
-79.45,0.8660254037844386,0.5000000000000001,0.49999999999999994,0.8660254037844387,15.981583333333283,110.33689098705037,0.7438323258786129,9.147800360793037e-05,1.1548685472975545e-05,0.22318975357066895,0.7438323258786129,2026-02-22 04:00:00,2026-02-22,4,1_8,-80.0,1,0,0
-79.45,0.9659258262890683,0.25881904510252074,0.49999999999999994,0.8660254037844387,18.200333333333283,109.37341884160558,0.7154087243192961,9.147800360793037e-05,1.0359354319049036e-05,0.21466231630352772,0.7154087243192961,2026-02-22 05:00:00,2026-02-22,5,1_8,-80.0,1,0,0
-79.4,1.0,6.123233995736766e-17,0.49999999999999994,0.8660254037844387,11.430083333333286,105.66581383650866,0.69499970084018,9.147800360793037e-05,1.157832684965794e-05,0.20853997495155208,0.69499970084018,2026-02-22 06:00:00,2026-02-22,6,1_8,-47.402,1,0,0
-78.0,0.9659258262890683,-0.25881904510252063,0.49999999999999994,0.8660254037844387,-2.31137500000005,83.64975877862784,0.6368760463617018,9.147800360793037e-05,9.99129033720013e-06,0.19110240249705487,0.6368760463617018,2026-02-22 07:00:00,2026-02-22,7,1_8,-76.982,1,0,0
-78.0,0.8660254037844387,-0.4999999999999998,0.49999999999999994,0.8660254037844387,-9.08612500000005,78.65740826786924,0.6612917471618915,9.147800360793037e-05,8.082806228972616e-06,0.1984265401918793,0.6612917471618915,2026-02-22 08:00:00,2026-02-22,8,1_8,-80.0,1,0,0
-78.0,0.7071067811865476,-0.7071067811865475,0.49999999999999994,0.8660254037844387,-9.08350000000005,78.65771789435296,0.8049662772228607,9.147800360793037e-05,8.082806228972616e-06,0.24152889921017007,0.8049662772228607,2026-02-22 09:00:00,2026-02-22,9,9_16,-80.0,1,0,0
-78.0,0.49999999999999994,-0.8660254037844387,0.49999999999999994,0.8660254037844387,-9.082458333333383,78.65784296115882,0.8504998774242346,9.147800360793037e-05,1.1440368256208841e-05,0.2551899865391904,0.8504998774242346,2026-02-22 10:00:00,2026-02-22,10,9_16,-80.0,1,0,0
-78.0,0.258819045102521,-0.9659258262890682,0.49999999999999994,0.8660254037844387,-9.082041666666717,78.65789302525137,0.8500159520495606,9.147800360793037e-05,1.3877246876752383e-05,0.2550455399903744,0.8500159520495606,2026-02-22 11:00:00,2026-02-22,11,9_16,-80.0,1,0,0
-78.0,1.2246467991473532e-16,-1.0,0.49999999999999994,0.8660254037844387,-9.081958333333382,78.65790304221169,0.8500159520495606,0.00010017448168997685,1.025688205445607e-05,0.2550479324721605,0.8500159520495606,2026-02-22 12:00:00,2026-02-22,12,9_16,-80.0,1,0,0
-78.0,-0.2588190451025208,-0.9659258262890683,0.49999999999999994,0.8660254037844387,-9.076958333333382,78.6584993121624,0.8558994931689177,9.147800360793037e-05,1.6366440179224727e-05,0.25681134908417225,0.8558994931689177,2026-02-22 13:00:00,2026-02-22,13,9_16,-80.0,1,0,0
-78.0,-0.4999999999999997,-0.8660254037844388,0.49999999999999994,0.8660254037844387,-9.076333333333382,78.65857434046939,0.7493981221015016,6.36548644367682e-05,1.0206600613089128e-05,0.22484796055640913,0.7493981221015016,2026-02-22 14:00:00,2026-02-22,14,9_16,-80.0,1,0,0
-78.0,-0.7071067811865471,-0.7071067811865479,0.49999999999999994,0.8660254037844387,-9.075916666666716,78.65862437024072,0.7028956584356932,0.00010465545637842657,6.218564839478583e-06,0.21091242528271117,0.7028956584356932,2026-02-22 15:00:00,2026-02-22,15,9_16,-80.0,1,0,0
-78.0,-0.8660254037844385,-0.5000000000000004,0.49999999999999994,0.8660254037844387,-9.074791666666718,78.65875864051975,0.548018106866169,0.00010465545637842657,6.270707987819936e-06,0.16444917545479842,0.548018106866169,2026-02-22 16:00:00,2026-02-22,16,9_16,-80.0,1,0,0
203.25,-0.9659258262890683,-0.25881904510252063,0.49999999999999994,0.8660254037844387,-10.00187500000005,78.74279506491787,0.031188573577163918,9.870831016703773e-05,0.02247220814703848,0.01613771784132753,0.031188573577163918,2026-02-22 17:00:00,2026-02-22,17,17_24,-58.272,1,0,1
455.0,-1.0,-1.8369701987210297e-16,0.49999999999999994,0.8660254037844387,-11.743250000000051,77.20337613830081,0.00010158174359872222,9.870831016703773e-05,0.01124498236520302,0.0034434525567073374,0.01124498236520302,2026-02-22 18:00:00,2026-02-22,18,17_24,469.615,0,0,0
482.5,-0.9659258262890684,0.2588190451025203,0.49999999999999994,0.8660254037844387,-7.387291666666717,70.46263246663732,0.0001188680931877321,9.870831016703773e-05,0.008519284981910463,0.0026309292465962735,0.008519284981910463,2026-02-22 19:00:00,2026-02-22,19,17_24,454.851,0,0,0
480.05,-0.8660254037844386,0.5000000000000001,0.49999999999999994,0.8660254037844387,-5.1534166666667165,70.48839331587448,0.00011314818654068392,9.870831016703773e-05,0.013171695262417992,0.004024936358754418,0.013171695262417992,2026-02-22 20:00:00,2026-02-22,20,17_24,426.655,0,0,0
482.5,-0.7071067811865477,0.7071067811865474,0.49999999999999994,0.8660254037844387,-4.410000000000051,68.97038444900299,0.00010743786092621746,9.870831016703773e-05,0.015866271871508873,0.004831596243797342,0.015866271871508873,2026-02-22 21:00:00,2026-02-22,21,17_24,386.052,0,0,0
482.5,-0.5000000000000004,0.8660254037844384,0.49999999999999994,0.8660254037844387,-10.061000000000051,47.06900440010577,0.00010507094050209735,6.0037476105252345e-05,0.003968253088266208,0.0012460121990725927,0.003968253088266208,2026-02-22 22:00:00,2026-02-22,22,17_24,362.864,0,0,0
447.9,-0.25881904510252157,0.9659258262890681,0.49999999999999994,0.8660254037844387,-6.386583333333385,45.68980773500924,0.0002628991864070366,9.147800360793037e-05,0.018876520424580802,0.005778417084739524,0.018876520424580802,2026-02-22 23:00:00,2026-02-22,23,17_24,359.18,0,0,0
415.0,-2.4492935982947064e-16,1.0,0.49999999999999994,0.8660254037844387,-6.579875000000052,45.91367378528697,0.0014004907338730347,9.147800360793037e-05,0.0285223307556093,0.009013437648287872,0.0285223307556093,2026-02-23 00:00:00,2026-02-22,24,17_24,367.773,0,0,0
285.0,0.25881904510252074,0.9659258262890683,0.49999999999999994,0.8660254037844387,-6.017375000000052,45.888720791677464,0.054886324801398656,9.147800360793037e-05,0.16800034405310002,0.06690259185779278,0.16800034405310002,2026-02-23 01:00:00,2026-02-23,1,1_8,309.335,0,0,0
262.0,0.49999999999999994,0.8660254037844387,0.49999999999999994,0.8660254037844387,-5.793416666666719,45.89492270195727,0.14101992101463745,9.147800360793037e-05,0.198005085055385,0.10174409302244991,0.198005085055385,2026-02-23 02:00:00,2026-02-23,2,1_8,288.125,0,0,0
249.0,0.7071067811865476,0.7071067811865476,0.49999999999999994,0.8660254037844387,-5.608000000000051,45.907254892216365,0.13280648107575274,9.147800360793037e-05,0.19788897755539045,0.09924522879078612,0.19788897755539045,2026-02-23 03:00:00,2026-02-23,3,1_8,290.621,0,0,0
229.5,0.8660254037844386,0.5000000000000001,0.49999999999999994,0.8660254037844387,-5.526750000000052,45.91471983944338,0.1274992933935893,9.147800360793037e-05,0.33679872349982015,0.139325996269466,0.33679872349982015,2026-02-23 04:00:00,2026-02-23,4,1_8,124.513,0,0,0
191.83,0.9659258262890683,0.25881904510252074,0.49999999999999994,0.8660254037844387,-5.4663333333333854,45.92051588642222,0.15034342269305934,9.147800360793037e-05,0.08709730208880793,0.07126880863600335,0.15034342269305934,2026-02-23 05:00:00,2026-02-23,5,1_8,39.447,0,0,0
196.5,1.0,6.123233995736766e-17,0.49999999999999994,0.8660254037844387,-3.7164166666667184,46.5363280542756,0.15276517931705247,9.147800360793037e-05,0.06662123900263993,0.06585251669735089,0.15276517931705247,2026-02-23 06:00:00,2026-02-23,6,1_8,-47.944,1,0,1
248.5,0.9659258262890683,-0.25881904510252063,0.49999999999999994,0.8660254037844387,-3.0490000000000514,46.48229715849069,0.11871563783717141,9.147800360793037e-05,0.13395491911031854,0.07583775828569016,0.13395491911031854,2026-02-23 07:00:00,2026-02-23,7,1_8,-59.599,1,0,1
287.5,0.8660254037844387,-0.4999999999999998,0.49999999999999994,0.8660254037844387,-1.8954583333333848,46.134764282364024,0.07496276165796514,9.147800360793037e-05,0.12073410210892595,0.058745650331510496,0.12073410210892595,2026-02-23 08:00:00,2026-02-23,8,1_8,74.059,0,0,1
277.0,0.7071067811865476,-0.7071067811865475,0.49999999999999994,0.8660254037844387,-1.972041666666718,46.13328715465265,0.09116724059817972,9.147800360793037e-05,0.10720828428768976,0.05954924866720401,0.10720828428768976,2026-02-23 09:00:00,2026-02-23,9,9_16,309.532,0,0,0
240.0,0.49999999999999994,-0.8660254037844387,0.49999999999999994,0.8660254037844387,-2.0545416666667182,46.131414925638964,0.5880817072427694,9.147800360793037e-05,0.6275806362427726,0.36473529424710577,0.6275806362427726,2026-02-23 10:00:00,2026-02-23,10,9_16,336.951,0,0,0
215.15,0.258819045102521,-0.9659258262890682,0.49999999999999994,0.8660254037844387,-2.1370416666667182,46.12938865887413,0.5322392839874832,9.147800360793037e-05,0.7467685153656486,0.38373893100738266,0.7467685153656486,2026-02-23 11:00:00,2026-02-23,11,9_16,356.038,0,0,0
212.75,1.2246467991473532e-16,-1.0,0.49999999999999994,0.8660254037844387,-2.2195416666667183,46.12720833405853,0.5498585089077149,0.00010017448168997685,0.7864687311719036,0.4009382418165615,0.7864687311719036,2026-02-23 12:00:00,2026-02-23,12,9_16,384.235,0,0,0
222.15,-0.2588190451025208,-0.9659258262890683,0.49999999999999994,0.8660254037844387,-2.3016250000000515,46.124895391242454,0.6647174037525335,9.147800360793037e-05,0.8410748712283311,0.45177427369570256,0.8410748712283311,2026-02-23 13:00:00,2026-02-23,13,9_16,366.088,0,0,0
245.75,-0.4999999999999997,-0.8660254037844388,0.49999999999999994,0.8660254037844387,-2.384125000000052,46.122407662097515,0.5977082805187445,6.0037476105252345e-05,0.6817985528514248,0.38387606500149285,0.6817985528514248,2026-02-23 14:00:00,2026-02-23,14,9_16,355.462,0,0,0
280.5,-0.7071067811865471,-0.7071067811865479,0.49999999999999994,0.8660254037844387,-2.466625000000052,46.119765804875215,0.32008169597198827,9.870831016703773e-05,0.3503230286177154,0.20116090070097792,0.3503230286177154,2026-02-23 15:00:00,2026-02-23,15,9_16,377.481,0,0,0
310.5,-0.8660254037844385,-0.5000000000000004,0.49999999999999994,0.8660254037844387,-2.547250000000052,46.11707609726214,0.020688357945310442,9.870831016703773e-05,0.05359963317866961,0.02232588066126083,0.05359963317866961,2026-02-23 16:00:00,2026-02-23,16,9_16,439.174,0,0,0
337.3,-0.9659258262890683,-0.25881904510252063,0.49999999999999994,0.8660254037844387,-12.298166666666718,70.11772729498779,0.007856015681755894,9.870831016703773e-05,0.04599921130907632,0.016196051421316478,0.04599921130907632,2026-02-23 17:00:00,2026-02-23,17,17_24,472.294,0,0,0
418.65,-1.0,-1.8369701987210297e-16,0.49999999999999994,0.8660254037844387,-13.117916666666718,69.66292362507141,0.001239558380395619,9.870831016703773e-05,0.01866474505756641,0.006010774355455424,0.01866474505756641,2026-02-23 18:00:00,2026-02-23,18,17_24,583.255,0,0,0
425.0,-0.9659258262890684,0.2588190451025203,0.49999999999999994,0.8660254037844387,-11.48712500000005,68.80472504206315,0.0026836791577875773,9.870831016703773e-05,0.03698449019491402,0.011939934129877292,0.03698449019491402,2026-02-23 19:00:00,2026-02-23,19,17_24,458.374,0,0,0
340.5,-0.8660254037844386,0.5000000000000001,0.49999999999999994,0.8660254037844387,-14.60004166666672,68.94604030782625,0.030728101538951513,9.870831016703773e-05,0.07705547072000486,0.03237455500175372,0.07705547072000486,2026-02-23 20:00:00,2026-02-23,20,17_24,428.525,0,0,0
399.5,-0.7071067811865477,0.7071067811865474,0.49999999999999994,0.8660254037844387,-13.105750000000052,66.63379077970646,0.0033443204001214434,9.870831016703773e-05,0.0886544513154088,0.02763911483872589,0.0886544513154088,2026-02-23 21:00:00,2026-02-23,21,17_24,428.016,0,0,0
398.5,-0.5000000000000004,0.8660254037844384,0.49999999999999994,0.8660254037844387,-23.942583333333385,61.52867156326669,0.008701593707828154,6.0037476105252345e-05,0.023615949547751574,0.00971927796711602,0.023615949547751574,2026-02-23 22:00:00,2026-02-23,22,17_24,412.723,0,0,0
394.5,-0.25881904510252157,0.9659258262890681,0.49999999999999994,0.8660254037844387,-28.43866666666672,62.17918196328208,0.00594953543239266,9.147800360793037e-05,0.015820027635418434,0.0065674601217865,0.015820027635418434,2026-02-23 23:00:00,2026-02-23,23,17_24,397.58,0,0,0
373.75,-2.4492935982947064e-16,1.0,0.49999999999999994,0.8660254037844387,-27.92150000000005,61.95962465081048,0.008470399810477355,9.147800360793037e-05,0.012802001726402112,0.006418311662507012,0.012802001726402112,2026-02-24 00:00:00,2026-02-23,24,17_24,350.262,0,0,0
338.07,0.25881904510252074,0.9659258262890683,0.49999999999999994,0.8660254037844387,-26.845041666666717,62.65909241316399,0.018961344720780572,9.147800360793037e-05,0.0386555100186331,0.017321647623267274,0.0386555100186331,2026-02-24 01:00:00,2026-02-24,1,1_8,337.395,0,0,0
353.0,0.49999999999999994,0.8660254037844387,0.49999999999999994,0.8660254037844387,-25.673166666666717,63.4025486599669,0.02522292572434884,9.147800360793037e-05,0.0766818313671616,0.030608018328896303,0.0766818313671616,2026-02-24 02:00:00,2026-02-24,2,1_8,354.311,0,0,0
353.0,0.7071067811865476,0.7071067811865476,0.49999999999999994,0.8660254037844387,-23.916041666666715,64.70015950082916,0.014837207525779423,9.147800360793037e-05,0.05172610661503174,0.02000558544368652,0.05172610661503174,2026-02-24 03:00:00,2026-02-24,3,1_8,359.001,0,0,0
352.5,0.8660254037844386,0.5000000000000001,0.49999999999999994,0.8660254037844387,-28.26758333333338,66.54603216598258,0.02025767572019418,9.147800360793037e-05,0.02638063472790261,0.014028084335872208,0.02638063472790261,2026-02-24 04:00:00,2026-02-24,4,1_8,351.47,0,0,0
352.51,0.9659258262890683,0.25881904510252074,0.49999999999999994,0.8660254037844387,-34.59395833333338,70.8729515047732,0.020544031557423695,9.147800360793037e-05,0.03130063110206177,0.01558998999928881,0.03130063110206177,2026-02-24 05:00:00,2026-02-24,5,1_8,352.822,0,0,0
354.37,1.0,6.123233995736766e-17,0.49999999999999994,0.8660254037844387,-46.11237500000005,81.27965888045146,0.010501667503990703,9.147800360793037e-05,0.03388810806856346,0.01335352387320942,0.03388810806856346,2026-02-24 06:00:00,2026-02-24,6,1_8,356.215,0,0,0
350.5,0.9659258262890683,-0.25881904510252063,0.49999999999999994,0.8660254037844387,-58.99225000000005,96.54490707944136,0.009440804817812213,9.57376531239845e-05,0.05459748572507302,0.01924978222411516,0.05459748572507302,2026-02-24 07:00:00,2026-02-24,7,1_8,344.967,0,0,0
360.5,0.8660254037844387,-0.4999999999999998,0.49999999999999994,0.8660254037844387,-67.80229166666672,100.67697692533265,0.007601057495264813,9.574603200558852e-05,0.013389604325949264,0.0063354969591664576,0.013389604325949264,2026-02-24 08:00:00,2026-02-24,8,1_8,381.721,0,0,0
385.58,0.7071067811865476,-0.7071067811865475,0.49999999999999994,0.8660254037844387,-66.36345833333338,101.897642036112,0.003207204661006823,9.574603200558852e-05,0.024305875663232304,0.008292222510073973,0.024305875663232304,2026-02-24 09:00:00,2026-02-24,9,9_16,403.517,0,0,0
230.17,0.49999999999999994,-0.8660254037844387,0.49999999999999994,0.8660254037844387,-62.240500000000054,106.51249448855103,0.2637651390979985,9.57376531239845e-05,0.2448565965027366,0.15262481574147013,0.2637651390979985,2026-02-24 10:00:00,2026-02-24,10,9_16,294.437,0,0,0
110.0,0.258819045102521,-0.9659258262890682,0.49999999999999994,0.8660254037844387,-56.286833333333384,113.77218393127761,0.33914145173156895,9.57376531239845e-05,0.00634430425200738,0.10368402185632249,0.33914145173156895,2026-02-24 11:00:00,2026-02-24,11,9_16,-22.413,1,0,0
8.5,1.2246467991473532e-16,-1.0,0.49999999999999994,0.8660254037844387,-49.05829166666672,122.54430085819575,0.6166207778561043,9.370672201917337e-05,1.0061509616230084e-05,0.1850267344985238,0.6166207778561043,2026-02-24 12:00:00,2026-02-24,12,9_16,256.29,0,0,0
-23.5,-0.2588190451025208,-0.9659258262890683,0.49999999999999994,0.8660254037844387,-42.97754166666672,128.45894349421567,0.7444471263314205,8.557168349397482e-05,1.0233276612117272e-05,0.22337143655580738,0.7444471263314205,2026-02-24 13:00:00,2026-02-24,13,9_16,295.465,0,0,0
-62.5,-0.4999999999999997,-0.8660254037844388,0.49999999999999994,0.8660254037844387,-38.322875000000046,131.983869049711,0.7298387395752154,6.36548644367682e-05,1.6499154254046706e-05,0.21898203356461554,0.7298387395752154,2026-02-24 14:00:00,2026-02-24,14,9_16,315.865,0,0,0
5.0,-0.7071067811865471,-0.7071067811865479,0.49999999999999994,0.8660254037844387,-34.19866666666672,134.68701689009737,0.5802877607119769,0.00010070533591942501,9.061323859530233e-06,0.17412932874511866,0.5802877607119769,2026-02-24 15:00:00,2026-02-24,15,9_16,321.606,0,0,0
81.578,-0.8660254037844385,-0.5000000000000004,0.49999999999999994,0.8660254037844387,-28.753916666666715,138.62882755633723,0.25331981477348564,2.0904051979565797e-15,9.507761060353072e-06,0.07599879676036463,0.25331981477348564,2026-02-24 16:00:00,2026-02-24,16,9_16,355.63,0,0,0
317.25,-0.9659258262890683,-0.25881904510252063,0.49999999999999994,0.8660254037844387,-12.232416666666717,133.20371005765182,0.018372673602633567,9.498263775092654e-05,0.038353781582418846,0.017055929610616093,0.038353781582418846,2026-02-24 17:00:00,2026-02-24,17,17_24,397.189,0,0,0
425.5,-1.0,-1.8369701987210297e-16,0.49999999999999994,0.8660254037844387,-5.982833333333385,137.95203415449194,0.001908170184865147,9.498263775092654e-05,0.07260819259645265,0.02239290188949571,0.07260819259645265,2026-02-24 18:00:00,2026-02-24,18,17_24,393.498,0,0,0
420.0,-0.9659258262890684,0.2588190451025203,0.49999999999999994,0.8660254037844387,-3.440208333333384,138.0976253103065,0.003198975868881215,9.498263775092654e-05,0.15611566406325122,0.047832385034740105,0.15611566406325122,2026-02-24 19:00:00,2026-02-24,19,17_24,374.691,0,0,0
403.788,-0.8660254037844386,0.5000000000000001,0.49999999999999994,0.8660254037844387,2.4522916666666164,138.88829268766193,0.005531723988805719,9.498263775092654e-05,0.18535222880239388,0.05730317889246025,0.18535222880239388,2026-02-24 20:00:00,2026-02-24,20,17_24,364.501,0,0,0
400.0,-0.7071067811865477,0.7071067811865474,0.49999999999999994,0.8660254037844387,7.65912499999995,137.3533071934692,0.007358154718700137,9.498263775092654e-05,0.12935055993769926,0.04105060745202019,0.12935055993769926,2026-02-24 21:00:00,2026-02-24,21,17_24,358.905,0,0,0
307.91,-0.5000000000000004,0.8660254037844384,0.49999999999999994,0.8660254037844387,13.236583333333284,134.65073266108317,0.07839570839895088,6.0037476105252345e-05,0.17865159725959895,0.07713820668800705,0.17865159725959895,2026-02-24 22:00:00,2026-02-24,22,17_24,355.667,0,0,0
350.0,-0.25881904510252157,0.9659258262890681,0.49999999999999994,0.8660254037844387,17.06158333333328,132.9213124275819,0.04993971196781866,8.557168349397482e-05,0.10910978736261626,0.047749078472528066,0.10910978736261626,2026-02-24 23:00:00,2026-02-24,23,17_24,344.743,0,0,0
330.5,-2.4492935982947064e-16,1.0,0.49999999999999994,0.8660254037844387,18.050708333333283,132.50980238801606,0.06051462172230129,8.557168349397482e-05,0.15035687460928343,0.06329567757287301,0.15035687460928343,2026-02-25 00:00:00,2026-02-24,24,17_24,325.386,0,0,0
311.5,0.25881904510252074,0.9659258262890683,0.49999999999999994,0.8660254037844387,17.00862499999995,132.55656628342894,0.04590937472808165,8.557168349397482e-05,0.09894711190004266,0.04349117466183488,0.09894711190004266,2026-02-25 01:00:00,2026-02-25,1,1_8,300.0,0,0,0
329.8,0.49999999999999994,0.8660254037844387,0.49999999999999994,0.8660254037844387,15.97470833333328,132.57913906024032,0.03802387070066787,8.557168349397482e-05,0.08968111318273893,0.03834572383841963,0.08968111318273893,2026-02-25 02:00:00,2026-02-25,2,1_8,290.184,0,0,0
344.62,0.7071067811865476,0.7071067811865476,0.49999999999999994,0.8660254037844387,14.490541666666616,132.47889465807035,0.020681383623521295,8.557168349397482e-05,0.06051856821201887,0.02439421422405964,0.06051856821201887,2026-02-25 03:00:00,2026-02-25,3,1_8,350.799,0,0,0
315.5,0.8660254037844386,0.5000000000000001,0.49999999999999994,0.8660254037844387,18.822083333333282,130.0803820652963,0.022458701714648453,8.557168349397482e-05,0.09573184663163493,0.0354913931772826,0.09573184663163493,2026-02-25 04:00:00,2026-02-25,4,1_8,337.472,0,0,0
300.5,0.9659258262890683,0.25881904510252074,0.49999999999999994,0.8660254037844387,25.18437499999995,124.97665623064267,0.028850197796433597,8.557168349397482e-05,0.07572307514269525,0.03140621055513624,0.07572307514269525,2026-02-25 05:00:00,2026-02-25,5,1_8,339.253,0,0,0
305.5,1.0,6.123233995736766e-17,0.49999999999999994,0.8660254037844387,35.446416666666615,111.23000527692902,0.014809976250179874,9.147800360793037e-05,0.04259717108943021,0.017258735403326196,0.04259717108943021,2026-02-25 06:00:00,2026-02-25,6,1_8,318.097,0,0,0
300.5,0.9659258262890683,-0.25881904510252063,0.49999999999999994,0.8660254037844387,48.05333333333328,84.54483210733731,0.017502946928082058,9.147800360793037e-05,0.0207195201761106,0.01150333133270097,0.0207195201761106,2026-02-25 07:00:00,2026-02-25,7,1_8,270.495,0,0,0
348.0,0.8660254037844387,-0.4999999999999998,0.49999999999999994,0.8660254037844387,57.83091666666661,64.08089965573443,0.008035315789326088,9.147800360793037e-05,0.06889426882239813,0.02311546658496044,0.06889426882239813,2026-02-25 08:00:00,2026-02-25,8,1_8,326.548,0,0,0
254.5,0.7071067811865476,-0.7071067811865475,0.49999999999999994,0.8660254037844387,57.222791666666616,64.39988284284374,0.04763703608791793,9.147800360793037e-05,0.052197998503664994,0.029987101578918048,0.052197998503664994,2026-02-25 09:00:00,2026-02-25,9,9_16,333.902,0,0,0
10.0,0.49999999999999994,-0.8660254037844387,0.49999999999999994,0.8660254037844387,55.860958333333286,63.86661137189384,0.5911689567617594,9.147800360793037e-05,4.7000230027492446e-05,0.17740137829897926,0.5911689567617594,2026-02-25 10:00:00,2026-02-25,10,9_16,194.342,0,0,0
36.0,0.258819045102521,-0.9659258262890682,0.49999999999999994,0.8660254037844387,44.47341666666662,71.90602930329656,0.48436812345902974,9.147800360793037e-05,5.918383578991392e-05,0.14536478338988906,0.48436812345902974,2026-02-25 11:00:00,2026-02-25,11,9_16,-80.0,1,0,0
0.0,1.2246467991473532e-16,-1.0,0.49999999999999994,0.8660254037844387,47.652791666666616,79.09379701450668,0.6057396400573424,0.00010017448168997685,2.8520382732031118e-05,0.1817705179246983,0.6057396400573424,2026-02-25 12:00:00,2026-02-25,12,9_16,-77.301,1,0,0
-50.0,-0.2588190451025208,-0.9659258262890683,0.49999999999999994,0.8660254037844387,54.945583333333275,94.85620657693707,0.7771074617850132,9.147800360793037e-05,2.3505708080144532e-05,0.23317588144937118,0.7771074617850132,2026-02-25 13:00:00,2026-02-25,13,9_16,-71.568,1,0,0
-50.0,-0.4999999999999997,-0.8660254037844388,0.49999999999999994,0.8660254037844387,66.13945833333328,115.25785626037485,0.676615553184101,6.36548644367682e-05,1.6689018883065737e-05,0.20301513460666995,0.676615553184101,2026-02-25 14:00:00,2026-02-25,14,9_16,-80.0,1,0,0
-69.0,-0.7071067811865471,-0.7071067811865479,0.49999999999999994,0.8660254037844387,75.29049999999995,126.02847834827863,0.6298957227601256,0.0,7.01444439064016e-05,0.1889897601612096,0.6298957227601256,2026-02-25 15:00:00,2026-02-25,15,9_16,-80.0,1,0,0
49.84,-0.8660254037844385,-0.5000000000000004,0.49999999999999994,0.8660254037844387,81.34791666666662,132.05545604681325,0.3097937347929325,0.00010484798101312164,7.103415486414895e-05,0.09300136987674423,0.3097937347929325,2026-02-25 16:00:00,2026-02-25,16,9_16,4.631,0,0,0
226.35,-0.9659258262890683,-0.25881904510252063,0.49999999999999994,0.8660254037844387,79.05395833333328,131.56030007153058,0.06386195832071055,9.87114523005161e-05,0.04733399847313473,0.03339827161907379,0.06386195832071055,2026-02-25 17:00:00,2026-02-25,17,17_24,400.065,0,0,0
420.0,-1.0,-1.8369701987210297e-16,0.49999999999999994,0.8660254037844387,70.86199999999995,132.12155759359047,0.0014237876847318178,9.871145407924817e-05,0.005165265894870112,0.0020162006555122782,0.005165265894870112,2026-02-25 18:00:00,2026-02-25,18,17_24,453.799,0,0,0
400.613,-0.9659258262890684,0.2588190451025203,0.49999999999999994,0.8660254037844387,67.58354166666662,134.0543091959304,0.003089331685159114,9.871145407924817e-05,0.010787757632513202,0.004202611376933394,0.010787757632513202,2026-02-25 19:00:00,2026-02-25,19,17_24,437.858,0,0,0
390.0,-0.8660254037844386,0.5000000000000001,0.49999999999999994,0.8660254037844387,62.27887499999994,135.7188496498845,0.0039482386996252715,9.871145407924817e-05,0.021544564719665784,0.007687325607419015,0.021544564719665784,2026-02-25 20:00:00,2026-02-25,20,17_24,429.736,0,0,0
380.0,-0.7071067811865477,0.7071067811865474,0.49999999999999994,0.8660254037844387,59.37841666666662,137.20743799647988,0.010731702022209015,9.871145407924817e-05,0.03282132250883806,0.013105391940945822,0.03282132250883806,2026-02-25 21:00:00,2026-02-25,21,17_24,439.613,0,0,0
400.0,-0.5000000000000004,0.8660254037844384,0.49999999999999994,0.8660254037844387,60.77566666666661,136.8980030097513,0.003209800827338685,6.0037476105252345e-05,0.030595092947791638,0.010165483122981198,0.030595092947791638,2026-02-25 22:00:00,2026-02-25,22,17_24,444.404,0,0,0
425.5,-0.25881904510252157,0.9659258262890681,0.49999999999999994,0.8660254037844387,60.42829166666661,137.06124960490826,0.006077995888126819,8.557168349397482e-05,0.030017983205649693,0.010863022401530543,0.030017983205649693,2026-02-25 23:00:00,2026-02-25,23,17_24,432.062,0,0,0
422.0,-2.4492935982947064e-16,1.0,0.49999999999999994,0.8660254037844387,61.19387499999994,136.62275296797682,0.0025637346165580657,8.557168349397482e-05,0.03193624145351755,0.010384221494420273,0.03193624145351755,2026-02-26 00:00:00,2026-02-25,24,17_24,429.704,0,0,0
350.0,0.25881904510252074,0.9659258262890683,0.49999999999999994,0.8660254037844387,60.74283333333327,136.85355894394232,0.02903113298882272,8.557168349397482e-05,0.0370188769902841,0.019849231667129635,0.0370188769902841,2026-02-26 01:00:00,2026-02-26,1,1_8,341.003,0,0,0
350.0,0.49999999999999994,0.8660254037844387,0.49999999999999994,0.8660254037844387,59.03754166666661,137.87747898231905,0.024484699749656846,8.557168349397482e-05,0.03419731353305842,0.01763883265821217,0.03419731353305842,2026-02-26 02:00:00,2026-02-26,2,1_8,342.267,0,0,0
350.0,0.7071067811865476,0.7071067811865476,0.49999999999999994,0.8660254037844387,59.044958333333284,137.87450677068244,0.02711648303246451,8.557168349397482e-05,0.03386937296244543,0.01832998547187057,0.03386937296244543,2026-02-26 03:00:00,2026-02-26,3,1_8,340.246,0,0,0
350.0,0.8660254037844386,0.5000000000000001,0.49999999999999994,0.8660254037844387,60.00337499999995,137.51823425618917,0.02459080686675592,8.557168349397482e-05,0.03336567357368712,0.017421172805530502,0.03336567357368712,2026-02-26 04:00:00,2026-02-26,4,1_8,341.327,0,0,0
345.0,0.9659258262890683,0.25881904510252074,0.49999999999999994,0.8660254037844387,61.605083333333276,137.0157141473087,0.02377219861791458,8.557168349397482e-05,0.024074387205298524,0.014388204420361522,0.024074387205298524,2026-02-26 05:00:00,2026-02-26,5,1_8,331.001,0,0,0
350.0,1.0,6.123233995736766e-17,0.49999999999999994,0.8660254037844387,62.053083333333284,136.8292722323876,0.0235306043236613,8.557168349397482e-05,0.03195054893846316,0.016678574652034928,0.03195054893846316,2026-02-26 06:00:00,2026-02-26,6,1_8,331.283,0,0,0
340.0,0.9659258262890683,-0.25881904510252063,0.49999999999999994,0.8660254037844387,61.03341666666662,137.44462960641582,0.026255264959007256,8.557168349397482e-05,0.033494823551351534,0.017959255226505225,0.033494823551351534,2026-02-26 07:00:00,2026-02-26,7,1_8,318.968,0,0,0
360.0,0.8660254037844387,-0.4999999999999998,0.49999999999999994,0.8660254037844387,59.25537499999994,138.2556774281405,0.007178045955512046,8.557168349397482e-05,0.017361378021833847,0.007396055866601357,0.017361378021833847,2026-02-26 08:00:00,2026-02-26,8,1_8,310.528,0,0,0
386.353,0.7071067811865476,-0.7071067811865475,0.49999999999999994,0.8660254037844387,61.81641666666661,138.0261172207497,0.0017373917993975612,8.557168349397482e-05,0.019245433567800722,0.006329076283557075,0.019245433567800722,2026-02-26 09:00:00,2026-02-26,9,9_16,459.065,0,0,0
500.0,0.49999999999999994,-0.8660254037844387,0.49999999999999994,0.8660254037844387,66.81954166666661,140.2766785885102,0.0007239450054249923,8.557168349397482e-05,0.04738490093010982,0.014466882454058035,0.04738490093010982,2026-02-26 10:00:00,2026-02-26,10,9_16,382.389,0,0,0
500.0,0.258819045102521,-0.9659258262890682,0.49999999999999994,0.8660254037844387,67.50341666666661,139.2997589654008,0.0008606181440068322,8.557168349397482e-05,0.04550687390780521,0.013944476288941202,0.04550687390780521,2026-02-26 11:00:00,2026-02-26,11,9_16,346.277,0,0,0
500.0,1.2246467991473532e-16,-1.0,0.49999999999999994,0.8660254037844387,53.95795833333327,136.78979205827426,0.000889385528885174,9.370672201917337e-05,0.07570693081235358,0.023016377591179294,0.07570693081235358,2026-02-26 12:00:00,2026-02-26,12,9_16,342.719,0,0,0
374.5,-0.2588190451025208,-0.9659258262890683,0.49999999999999994,0.8660254037844387,39.76908333333328,125.2834948600192,0.07322324161969097,8.557168349397482e-05,0.10398481084676428,0.05319664441333416,0.10398481084676428,2026-02-26 13:00:00,2026-02-26,13,9_16,308.679,0,0,0
373.575,-0.4999999999999997,-0.8660254037844388,0.49999999999999994,0.8660254037844387,22.753874999999947,103.05740455954033,0.04188219168680738,6.0037476105252345e-05,0.05620592053296144,0.029450448656372745,0.05620592053296144,2026-02-26 14:00:00,2026-02-26,14,9_16,301.585,0,0,0
350.0,-0.7071067811865471,-0.7071067811865479,0.49999999999999994,0.8660254037844387,9.103624999999944,81.98552563227803,0.040515505866400056,9.870831016703773e-05,0.10848795041898716,0.04474052020968298,0.10848795041898716,2026-02-26 15:00:00,2026-02-26,15,9_16,292.642,0,0,0
345.0,-0.8660254037844385,-0.5000000000000004,0.49999999999999994,0.8660254037844387,-4.198916666666723,60.1095538119426,0.01105901065314768,9.870831016703773e-05,0.054931319279369596,0.019836582303821997,0.054931319279369596,2026-02-26 16:00:00,2026-02-26,16,9_16,286.241,0,0,0
335.0,-0.9659258262890683,-0.25881904510252063,0.49999999999999994,0.8660254037844387,-0.291583333333391,68.3057076995795,0.007068301032307059,9.870831016703773e-05,0.036782416502151624,0.013194698584404418,0.036782416502151624,2026-02-26 17:00:00,2026-02-26,17,17_24,284.181,0,0,0
350.0,-1.0,-1.8369701987210297e-16,0.49999999999999994,0.8660254037844387,2.4501249999999417,68.29813588283703,0.005817113921268634,9.870831016703773e-05,0.02015622415423622,0.007831484746718272,0.02015622415423622,2026-02-26 18:00:00,2026-02-26,18,17_24,292.005,0,0,0
350.0,-0.9659258262890684,0.2588190451025203,0.49999999999999994,0.8660254037844387,5.889874999999943,67.86572342905318,0.016961884645555755,9.870831016703773e-05,0.03850047439542208,0.016678191036360163,0.03850047439542208,2026-02-26 19:00:00,2026-02-26,19,17_24,297.507,0,0,0
350.5,-0.8660254037844386,0.5000000000000001,0.49999999999999994,0.8660254037844387,9.182499999999944,67.49454555031323,0.02162111471427593,9.870831016703773e-05,0.06653587202176847,0.026486579344880135,0.06653587202176847,2026-02-26 20:00:00,2026-02-26,20,17_24,294.381,0,0,0
350.0,-0.7071067811865477,0.7071067811865474,0.49999999999999994,0.8660254037844387,13.37866666666661,67.3632706622732,0.02187790260739659,9.870831016703773e-05,0.12007261026961678,0.04262463718717083,0.12007261026961678,2026-02-26 21:00:00,2026-02-26,21,17_24,296.815,0,0,0
355.0,-0.5000000000000004,0.8660254037844384,0.49999999999999994,0.8660254037844387,13.238958333333281,67.29231122593768,0.025039339956164395,6.0037476105252345e-05,0.16142040005812872,0.05596193699473004,0.16142040005812872,2026-02-26 22:00:00,2026-02-26,22,17_24,305.752,0,0,0
350.0,-0.25881904510252157,0.9659258262890681,0.49999999999999994,0.8660254037844387,13.731416666666613,67.19424450826179,0.042805950602254714,9.147800360793037e-05,0.1176739537658414,0.048180562511872,0.1176739537658414,2026-02-26 23:00:00,2026-02-26,23,17_24,296.833,0,0,0
335.0,-2.4492935982947064e-16,1.0,0.49999999999999994,0.8660254037844387,14.265499999999948,67.0888001823917,0.027204443856028597,9.147800360793037e-05,0.09044461702115819,0.03533130946459921,0.09044461702115819,2026-02-27 00:00:00,2026-02-26,24,17_24,289.037,0,0,0
371.0,0.25881904510252074,0.9659258262890683,0.49999999999999994,0.8660254037844387,14.369791666666613,67.04893910322214,0.006530181003320314,9.147800360793037e-05,0.026267236806329565,0.009875816544338136,0.026267236806329565,2026-02-27 01:00:00,2026-02-27,1,1_8,397.887,0,0,0
376.03,0.49999999999999994,0.8660254037844387,0.49999999999999994,0.8660254037844387,15.698249999999947,66.24381771400202,0.004535437881694923,9.147800360793037e-05,0.014328617135915073,0.005695807706726171,0.014328617135915073,2026-02-27 02:00:00,2026-02-27,2,1_8,406.224,0,0,0
390.0,0.7071067811865476,0.7071067811865476,0.49999999999999994,0.8660254037844387,15.034374999999946,66.42296003367893,0.0015615335150733587,9.147800360793037e-05,0.0171761337635549,0.00565789138503165,0.0171761337635549,2026-02-27 03:00:00,2026-02-27,3,1_8,421.424,0,0,0
369.0,0.8660254037844386,0.5000000000000001,0.49999999999999994,0.8660254037844387,13.757499999999945,66.57816602734754,0.002736381862402103,9.147800360793037e-05,0.014595225158964704,0.005236073307853214,0.014595225158964704,2026-02-27 04:00:00,2026-02-27,4,1_8,399.074,0,0,0
350.375,0.9659258262890683,0.25881904510252074,0.49999999999999994,0.8660254037844387,11.559499999999948,66.58786277380017,0.010362323884494038,9.147800360793037e-05,0.027820689846569956,0.011491495320762369,0.027820689846569956,2026-02-27 05:00:00,2026-02-27,5,1_8,391.445,0,0,0
347.0,1.0,6.123233995736766e-17,0.49999999999999994,0.8660254037844387,10.25474999999995,66.87282963125709,0.010713293046633494,9.147800360793037e-05,0.02418964831620395,0.010507473610294405,0.02418964831620395,2026-02-27 06:00:00,2026-02-27,6,1_8,376.083,0,0,0
320.0,0.9659258262890683,-0.25881904510252063,0.49999999999999994,0.8660254037844387,10.62862499999995,66.66271083388867,0.010054271891527784,9.147800360793037e-05,0.03346585875812718,0.01309263039633966,0.03346585875812718,2026-02-27 07:00:00,2026-02-27,7,1_8,350.668,0,0,0
308.265,0.8660254037844387,-0.4999999999999998,0.49999999999999994,0.8660254037844387,9.461124999999948,67.4892251099392,0.01768530122129138,9.147800360793037e-05,0.06363674048001201,0.02443320371183419,0.06363674048001201,2026-02-27 08:00:00,2026-02-27,8,1_8,405.511,0,0,0
350.0,0.7071067811865476,-0.7071067811865475,0.49999999999999994,0.8660254037844387,9.182374999999949,67.20098957333664,0.013866077614338161,9.147800360793037e-05,0.06066337096795419,0.02239542577613088,0.06066337096795419,2026-02-27 09:00:00,2026-02-27,9,9_16,458.434,0,0,0
204.4,0.49999999999999994,-0.8660254037844387,0.49999999999999994,0.8660254037844387,-3.3990000000000506,60.957597800151426,0.203009478704797,9.147800360793037e-05,0.19866418446934514,0.1205386901536858,0.203009478704797,2026-02-27 10:00:00,2026-02-27,10,9_16,400.57,0,0,0
45.0,0.258819045102521,-0.9659258262890682,0.49999999999999994,0.8660254037844387,-4.970791666666718,64.37765202910559,0.4939731936264923,9.147800360793037e-05,1.4590776958159301e-05,0.1482329265224783,0.4939731936264923,2026-02-27 11:00:00,2026-02-27,11,9_16,370.791,0,0,0
0.0,1.2246467991473532e-16,-1.0,0.49999999999999994,0.8660254037844387,-8.303291666666718,70.10033028296371,0.6015653677405755,0.00010017448168997685,1.0033431526634377e-05,0.1805126901443066,0.6015653677405755,2026-02-27 12:00:00,2026-02-27,12,9_16,180.721,0,0,0
-63.75,-0.2588190451025208,-0.9659258262890683,0.49999999999999994,0.8660254037844387,-10.14716666666672,71.04010879267543,0.7920516162709945,9.147800360793037e-05,1.62685535172341e-05,0.23765695664879669,0.7920516162709945,2026-02-27 13:00:00,2026-02-27,13,9_16,-25.155,1,0,0
-60.0,-0.4999999999999997,-0.8660254037844388,0.49999999999999994,0.8660254037844387,-11.896750000000054,72.06004994522618,0.6483429825670312,6.36548644367682e-05,1.2318829796633322e-05,0.19453205236482304,0.6483429825670312,2026-02-27 14:00:00,2026-02-27,14,9_16,-80.0,1,0,0
0.0,-0.7071067811865471,-0.7071067811865479,0.49999999999999994,0.8660254037844387,-13.828333333333388,72.65383831607085,0.488976069111396,0.00010465545637842657,1.1726235198823336e-05,0.14673820078652983,0.488976069111396,2026-02-27 15:00:00,2026-02-27,15,9_16,-80.0,1,0,0
107.0,-0.8660254037844385,-0.5000000000000004,0.49999999999999994,0.8660254037844387,-14.392916666666721,72.96029699650785,0.11353757100506516,9.870831016703773e-05,1.1824560044082138e-05,0.03410430199359959,0.11353757100506516,2026-02-27 16:00:00,2026-02-27,16,9_16,61.323,0,0,0
314.25,-0.9659258262890683,-0.25881904510252063,0.49999999999999994,0.8660254037844387,-23.748500000000053,61.246237952254056,0.006650868572244243,9.870831016703773e-05,0.035147088554505504,0.012578870462091739,0.035147088554505504,2026-02-27 17:00:00,2026-02-27,17,17_24,383.697,0,0,0
400.0,-1.0,-1.8369701987210297e-16,0.49999999999999994,0.8660254037844387,-27.57325000000006,60.35595758227753,0.0016727866887250894,9.870831016703773e-05,0.0046340960363136915,0.0019315481415784492,0.0046340960363136915,2026-02-27 18:00:00,2026-02-27,18,17_24,418.877,0,0,0
405.5,-0.9659258262890684,0.2588190451025203,0.49999999999999994,0.8660254037844387,-31.312333333333385,58.928625843446135,0.0015636657891972936,9.870831016703773e-05,0.011092263434543937,0.0038362620911891842,0.011092263434543937,2026-02-27 19:00:00,2026-02-27,19,17_24,424.029,0,0,0
404.0,-0.8660254037844386,0.5000000000000001,0.49999999999999994,0.8660254037844387,-35.30629166666672,57.12460517338688,0.003007935577052633,9.870831016703773e-05,0.029576233873470015,0.009814734159223609,0.029576233873470015,2026-02-27 20:00:00,2026-02-27,20,17_24,428.721,0,0,0
405.0,-0.7071067811865477,0.7071067811865474,0.49999999999999994,0.8660254037844387,-40.00620833333338,53.500876447088565,0.002142521339960505,9.870831016703773e-05,0.022428550778879067,0.0074108049597186865,0.022428550778879067,2026-02-27 21:00:00,2026-02-27,21,17_24,428.282,0,0,0
400.5,-0.5000000000000004,0.8660254037844384,0.49999999999999994,0.8660254037844387,-43.908375000000056,50.40220349031472,0.015424044632708791,6.0037476105252345e-05,0.030802467787261853,0.013891968716433294,0.030802467787261853,2026-02-27 22:00:00,2026-02-27,22,17_24,450.879,0,0,0
423.35,-0.25881904510252157,0.9659258262890681,0.49999999999999994,0.8660254037844387,-46.39708333333338,49.26353444919759,0.04294555867264095,9.147800360793037e-05,0.011636846961973604,0.01641131289182754,0.04294555867264095,2026-02-27 23:00:00,2026-02-27,23,17_24,458.853,0,0,0
400.0,-2.4492935982947064e-16,1.0,0.49999999999999994,0.8660254037844387,-48.63320833333339,47.90019474316059,0.010798598057429153,9.147800360793037e-05,0.022268420481111297,0.009956696763005307,0.022268420481111297,2026-02-28 00:00:00,2026-02-27,24,17_24,440.081,0,0,0
350.0,0.25881904510252074,0.9659258262890683,0.49999999999999994,0.8660254037844387,-47.138041666666716,49.71679770064264,0.016473351937305144,9.147800360793037e-05,0.033917676662877774,0.015153899781498045,0.033917676662877774,2026-02-28 01:00:00,2026-02-28,1,1_8,317.452,0,0,0
350.0,0.49999999999999994,0.8660254037844387,0.49999999999999994,0.8660254037844387,-45.557750000000055,51.591215561032875,0.01434826874856038,9.147800360793037e-05,0.02761324476360379,0.012625045255092423,0.02761324476360379,2026-02-28 02:00:00,2026-02-28,2,1_8,306.014,0,0,0
340.0,0.7071067811865476,0.7071067811865476,0.49999999999999994,0.8660254037844387,-43.84200000000005,53.48370787932981,0.018698889300839114,9.147800360793037e-05,0.029020264147992653,0.0143523372360927,0.029020264147992653,2026-02-28 03:00:00,2026-02-28,3,1_8,308.252,0,0,0
323.0,0.8660254037844386,0.5000000000000001,0.49999999999999994,0.8660254037844387,-42.22754166666672,55.15031722639363,0.012186409683749068,9.147800360793037e-05,0.045750475744941226,0.01741765683005026,0.045750475744941226,2026-02-28 04:00:00,2026-02-28,4,1_8,293.499,0,0,0
297.0,0.9659258262890683,0.25881904510252074,0.49999999999999994,0.8660254037844387,-39.93300000000005,57.472524264243866,0.027061030312100207,9.147800360793037e-05,0.05352404700594701,0.024212114396857335,0.05352404700594701,2026-02-28 05:00:00,2026-02-28,5,1_8,285.136,0,0,0
294.5,1.0,6.123233995736766e-17,0.49999999999999994,0.8660254037844387,-37.94133333333338,59.046401051953715,0.027675731044496655,9.147800360793037e-05,0.04031575395795657,0.020434036702179137,0.04031575395795657,2026-02-28 06:00:00,2026-02-28,6,1_8,272.298,0,0,0
240.0,0.9659258262890683,-0.25881904510252063,0.49999999999999994,0.8660254037844387,-35.787166666666714,60.61242756245827,0.05789206371259294,9.147800360793037e-05,0.09049199643122724,0.04455180924458922,0.09049199643122724,2026-02-28 07:00:00,2026-02-28,7,1_8,225.211,0,0,0
295.0,0.8660254037844387,-0.4999999999999998,0.49999999999999994,0.8660254037844387,-29.673916666666717,66.30383016735976,0.025712541481834463,9.147800360793037e-05,0.04254349199352086,0.020513401244049767,0.04254349199352086,2026-02-28 08:00:00,2026-02-28,8,1_8,284.387,0,0,0
307.258,0.7071067811865476,-0.7071067811865475,0.49999999999999994,0.8660254037844387,-28.185500000000047,69.0463936897865,0.01873177253748914,9.147800360793037e-05,0.04626197345079213,0.019534714997927555,0.04626197345079213,2026-02-28 09:00:00,2026-02-28,9,9_16,305.49,0,0,0
300.5,0.49999999999999994,-0.8660254037844387,0.49999999999999994,0.8660254037844387,-15.111291666666716,80.18628724819571,0.08168160128573457,9.147800360793037e-05,0.24742271720507417,0.09876788674868578,0.24742271720507417,2026-02-28 10:00:00,2026-02-28,10,9_16,216.062,0,0,0
250.0,0.258819045102521,-0.9659258262890682,0.49999999999999994,0.8660254037844387,4.868458333333282,101.14710169630779,0.2075080386536386,9.147800360793037e-05,0.17264477483691093,0.11408243524860802,0.2075080386536386,2026-02-28 11:00:00,2026-02-28,11,9_16,-12.455,1,0,1
207.5,1.2246467991473532e-16,-1.0,0.49999999999999994,0.8660254037844387,18.951874999999948,101.11946846237858,0.2075675773825223,0.00010017448168997685,0.1511606519936115,0.10765853860551614,0.2075675773825223,2026-02-28 12:00:00,2026-02-28,12,9_16,31.867,0,0,0
200.0,-0.2588190451025208,-0.9659258262890683,0.49999999999999994,0.8660254037844387,23.302541666666617,99.547565987311,0.23662248121823118,9.147800360793037e-05,0.1511606519936115,0.11637153116499598,0.23662248121823118,2026-02-28 13:00:00,2026-02-28,13,9_16,-80.0,1,0,1
250.0,-0.4999999999999997,-0.8660254037844388,0.49999999999999994,0.8660254037844387,25.46879166666662,97.93638792647499,0.18057741115961307,6.0037476105252345e-05,0.18233934957523795,0.1088990432108974,0.18233934957523795,2026-02-28 14:00:00,2026-02-28,14,9_16,20.816,0,0,1
300.138,-0.7071067811865471,-0.7071067811865479,0.49999999999999994,0.8660254037844387,24.52537499999995,98.87351551122659,0.07977391937697065,9.871145407924817e-05,0.11290133184968223,0.05784205994962756,0.11290133184968223,2026-02-28 15:00:00,2026-02-28,15,9_16,290.152,0,0,0
341.5,-0.8660254037844385,-0.5000000000000004,0.49999999999999994,0.8660254037844387,25.07045833333328,98.42947445538485,0.012546513329029405,9.871145407924817e-05,0.05186605490340205,0.019363255051361133,0.05186605490340205,2026-02-28 16:00:00,2026-02-28,16,9_16,311.522,0,0,0
355.978,-0.9659258262890683,-0.25881904510252063,0.49999999999999994,0.8660254037844387,30.08154166666662,97.45449724647531,0.006164815746659653,9.871145407924817e-05,0.017653735847870573,0.007185050059990766,0.017653735847870573,2026-02-28 17:00:00,2026-02-28,17,17_24,317.803,0,0,0
399.27,-1.0,-1.8369701987210297e-16,0.49999999999999994,0.8660254037844387,33.28454166666662,95.6809829176363,0.0011998424390252083,9.871145407924817e-05,0.006183512501690871,0.0022544910638465226,0.006183512501690871,2026-02-28 18:00:00,2026-02-28,18,17_24,329.436,0,0,0
389.375,-0.9659258262890684,0.2588190451025203,0.49999999999999994,0.8660254037844387,36.24379166666662,93.99614442138048,0.0022482797059578258,9.871145407924817e-05,0.009528710782311637,0.003572581728112538,0.009528710782311637,2026-02-28 19:00:00,2026-02-28,19,17_24,330.776,0,0,0
400.0,-0.8660254037844386,0.5000000000000001,0.49999999999999994,0.8660254037844387,39.612124999999956,91.96902176858535,0.0021431376611457456,9.871145407924817e-05,0.025803414630606532,0.008423450269157383,0.025803414630606532,2026-02-28 20:00:00,2026-02-28,20,17_24,335.954,0,0,0
375.0,-0.7071067811865477,0.7071067811865474,0.49999999999999994,0.8660254037844387,42.79824999999996,89.91606118329068,0.010022861697047762,9.871145407924817e-05,0.04125794717058686,0.015423727241922085,0.04125794717058686,2026-02-28 21:00:00,2026-02-28,21,17_24,348.237,0,0,0
380.0,-0.5000000000000004,0.8660254037844384,0.49999999999999994,0.8660254037844387,46.949374999999954,87.75560104795551,0.01045474244076219,6.0037476105252345e-05,0.03363964987670977,0.013252332685683689,0.03363964987670977,2026-02-28 22:00:00,2026-02-28,22,17_24,355.985,0,0,0
361.625,-0.25881904510252157,0.9659258262890681,0.49999999999999994,0.8660254037844387,50.64395833333328,85.18628668597962,0.0199937407048687,9.147800360793037e-05,0.043938184696165346,0.019216168821753386,0.043938184696165346,2026-02-28 23:00:00,2026-02-28,23,17_24,340.654,0,0,0
