business_day,hour_business,ds,deviation_up_prob,deviation_down_prob,deviation_large_abs_prob,deviation_risk_score,spike_prob,extreme_spike_prob,spike_risk_score,negative_prob,deep_negative_prob,negative_risk_score,risk_feature_version,metric_alignment_status
2026-01-31,24,2026-02-01 00:00:00,0.0063768903390014,0.0092663142459475,0.0143107295132667,0.0006453862192213,0.0114678391375048,0.002096350148978,0.0058872640811232,0.0087067982424342,9.659195985950268e-05,0.0148622946177928,v1.0.0,PASS
2026-02-01,1,2026-02-01 01:00:00,0.0073983549979626,0.0095205478811313,0.0061378995155436,0.000398819815007,0.0132902949433857,0.0025105668913059,0.0070120119888241,0.0183182908655571,0.0001048480422046,0.0429432167836648,v1.0.0,PASS
2026-02-01,2,2026-02-01 02:00:00,0.005703702325271,0.0166757738809152,0.008329463653938,0.0009854606951872,0.0116424819439009,0.0017523825341404,0.0071198125888618,0.1185314458589473,0.0001048479483908,0.1381534385074109,v1.0.0,PASS
2026-02-01,3,2026-02-01 03:00:00,0.0045127554380867,0.0165187208078902,0.008523960406932,0.0009605077001148,0.0185666836524071,0.0017050086760578,0.0082642349195788,0.0172218564974137,0.0001048479483908,0.0749899382811899,v1.0.0,PASS
2026-02-01,4,2026-02-01 04:00:00,0.0060064634687575,0.020646149675697,0.0110916838761583,0.0011026647883257,0.007997599766125,0.0171140720965947,0.0111839395266387,0.1215736793355721,0.0001048479483908,0.1377468970842041,v1.0.0,PASS
2026-02-01,5,2026-02-01 05:00:00,0.0056750759335014,0.0433535713935182,0.015880897595895,0.0030179643068547,0.0205289464206628,0.0058153987329748,0.010989917812331,0.0686316903977248,0.0001048479483908,0.0982095811898591,v1.0.0,PASS
2026-02-01,6,2026-02-01 06:00:00,0.009998118917139,0.0534418731736998,0.0284452856214337,0.0032963819478693,0.010837887070877,0.0076290617515188,0.0089947480805504,0.118819247379757,0.0001048479483908,0.1015217557224087,v1.0.0,PASS
2026-02-01,7,2026-02-01 07:00:00,0.0111973632603951,0.0845401821309753,0.0716692945472341,0.0073262890514712,0.0116718219150594,0.003850043865613,0.0087585190309121,0.1533952006766148,0.0001048479483908,0.2081304168597523,v1.0.0,PASS
2026-02-01,8,2026-02-01 08:00:00,0.0047413863130505,0.075233014014366,0.0392297688015292,0.0034046817689313,0.010626864608763,0.0044234893925125,0.0086941860221117,0.0590912285775898,0.0001048479483908,0.0719160064942427,v1.0.0,PASS
2026-02-01,9,2026-02-01 09:00:00,0.0121708794449565,0.4222486597995446,0.1561659979744041,0.1437690870828811,0.0149129488309347,0.004105348035037,0.0139899002457256,0.0627520669347,0.0001048479483908,0.0664084087355602,v1.0.0,PASS
2026-02-01,10,2026-02-01 10:00:00,0.0355966951043861,0.7034773017941566,0.4427840702618843,0.2920120940192059,0.0029280088764295,0.0004957914198912,0.0304045282123769,0.5529495502595712,9.574603200558852e-05,0.1976174028703836,v1.0.0,PASS
2026-02-01,11,2026-02-01 11:00:00,0.0419931936040752,7.685011934356878e-05,0.0700732500656375,0.0043622303552566,0.0011681738333621,0.0001895511590588,0.0507862357160604,0.7104829626597818,9.573196540855408e-05,0.2131846089991867,v1.0.0,PASS
2026-02-01,12,2026-02-01 12:00:00,0.020411121878418,0.0001296651063773,0.0349373123705966,0.0016250098932779,0.0078459336482742,0.0002074510212808,0.0204430477170002,0.7568865771458094,0.001521423808723,0.2276782082922907,v1.0.0,PASS
2026-02-01,13,2026-02-01 13:00:00,0.029840440942164,0.0002131409510789,0.0517542520263907,0.001520844869127,0.0066226561782895,0.0001898501762954,0.0192704705346552,0.8268254080089785,9.147800360793035e-05,0.2480877440223356,v1.0.0,PASS
2026-02-01,14,2026-02-01 14:00:00,0.1119299267973374,0.0002152454626262,0.1403442876811524,0.0091147352195787,0.0015118743287437,0.0002112758116019,0.0169055062461597,0.652172993988952,6.36548644367682e-05,0.195681334793395,v1.0.0,PASS
2026-02-01,15,2026-02-01 15:00:00,0.1845318658873997,0.0001081107071288,0.1747937063860702,0.0021951980246795,0.0025121792451765,0.0002220116922774,0.0268514582353522,0.5083733235160882,0.0001046554563784,0.1525571514188106,v1.0.0,PASS
2026-02-01,16,2026-02-01 16:00:00,0.1260837552463688,0.1977161407302904,0.2717463786152613,0.0093177697519453,0.0029040842803212,0.0036962613753383,0.0231747434318074,0.0740688186292797,9.870831016703771e-05,0.0797787734536392,v1.0.0,PASS
2026-02-01,17,2026-02-01 17:00:00,0.0210892529241415,0.1108575561075199,0.0176216808113309,0.0129845269877125,0.0238358565587435,0.0018873084807438,0.0109475659314025,0.0021020032324258,9.870831016703771e-05,0.0060098018345953,v1.0.0,PASS
2026-02-01,18,2026-02-01 18:00:00,0.0149755376852169,0.019198173935602,0.0106727087492563,0.0013065384744265,0.0190291991032638,0.0018724998033025,0.010150234024527,0.0028744549806805,9.870831016703771e-05,0.0114010925727619,v1.0.0,PASS
2026-02-01,19,2026-02-01 19:00:00,0.0112159112702555,0.0091305419537676,0.0090342708063135,0.0003926452117227,0.0172883520456157,0.0010300810314059,0.0081617907550535,0.0042232118636841,9.870831016703771e-05,0.0060585996297534,v1.0.0,PASS
2026-02-01,20,2026-02-01 20:00:00,0.0087316559668243,0.0082191729168509,0.0161468178362055,0.000746546669815,0.0133611030462611,0.0009590291326364,0.0061285692385593,0.0027161642105366,9.870831016703771e-05,0.0097520147348253,v1.0.0,PASS
2026-02-01,21,2026-02-01 21:00:00,0.0100928950084047,0.0106307189057315,0.015097964997474,0.0007111345953657,0.040646767182396,0.0017175471580926,0.0152737238259564,0.0020005272325222,9.870831016703771e-05,0.0080458555503019,v1.0.0,PASS
2026-02-01,22,2026-02-01 22:00:00,0.0133706407019446,0.0164541324683869,0.0179742592680549,0.0007596213024973,0.0203176752483552,0.0015095936369705,0.0090088304685688,0.0015364838727595,6.0037476105252345e-05,0.006353941848671,v1.0.0,PASS
2026-02-01,23,2026-02-01 23:00:00,0.0070951044755179,0.0309622587402139,0.0188123358007321,0.0020045116530264,0.0098890313788919,0.0007687989371859,0.0051048122878888,0.0098789183184138,9.147800360793035e-05,0.0122955459032786,v1.0.0,PASS
2026-02-01,24,2026-02-02 00:00:00,0.0129755253533088,0.0505242732558253,0.0229482524165816,0.003165949710559,0.0088330925958273,0.0006335656488597,0.0042448295761556,0.0219556332775599,9.147800360793035e-05,0.0177136673824724,v1.0.0,PASS
2026-02-02,1,2026-02-02 01:00:00,0.0118084322154096,0.0381826318712353,0.0213179332808241,0.0012312133411134,0.0053547425779867,0.0005421433392881,0.0028892304347411,0.0095814926024785,9.147800360793035e-05,0.0140662912192742,v1.0.0,PASS
2026-02-02,2,2026-02-02 02:00:00,0.0052867426438957,0.0621957610083662,0.0317116390152032,0.0032980268660936,0.0074311814341751,0.0006744799443215,0.0030938867882762,0.0066786732780509,9.147800360793035e-05,0.0146465811100194,v1.0.0,PASS
2026-02-02,3,2026-02-02 03:00:00,0.0072755854425385,0.0844055556712337,0.0253966542835869,0.0051985140160572,0.0034178551114677,0.0006744799443215,0.0017699311958067,0.0128594956292843,9.147800360793035e-05,0.0185587291958813,v1.0.0,PASS
2026-02-02,4,2026-02-02 04:00:00,0.0083338504659009,0.0842556072340615,0.0382261918381691,0.0050639752054611,0.0034178551114677,0.0007403003877282,0.0018447013275798,0.0113864837452001,9.147800360793035e-05,0.0072207805967478,v1.0.0,PASS
2026-02-02,5,2026-02-02 05:00:00,0.0122989604834411,0.1016965957525957,0.0599344212139542,0.0069859613388701,0.0029729855157444,0.0007977466628649,0.0018103237244624,0.0158049695136066,9.147800360793035e-05,0.0095740194676409,v1.0.0,PASS
2026-02-02,6,2026-02-02 06:00:00,0.0134051424969394,0.0512596892132085,0.0432741774205197,0.001993368059118,0.004055195740046,0.0015994170822465,0.0025535123606671,0.0106782949464843,9.147800360793035e-05,0.0066040325344315,v1.0.0,PASS
2026-02-02,7,2026-02-02 07:00:00,0.0102776764827416,0.1007493293736508,0.0504757097618607,0.0050285000727687,0.0032743447279284,0.0008292217630016,0.002119720117737,0.0110635505873968,9.147800360793035e-05,0.0086077499445955,v1.0.0,PASS
2026-02-02,8,2026-02-02 08:00:00,0.007853370317832,0.0305762450243625,0.0264456540331906,2.931693369488161e-05,0.0059411876443092,0.0008262297360347,0.0028841724234465,0.0043313805728296,9.147800360793035e-05,0.0087362994293137,v1.0.0,PASS
2026-02-02,9,2026-02-02 09:00:00,0.0221561177699602,0.2585899351236099,0.0914623687881441,0.0279307090886079,0.0486708127213896,0.0038390111854402,0.0186789640300791,0.0036138544826235,9.147800360793035e-05,0.0119943442103488,v1.0.0,PASS
2026-02-02,10,2026-02-02 10:00:00,0.0500668583735595,0.6197594071362207,0.2898802422591545,0.2550371565788025,0.011147619753833,0.0005450866516305,0.0078728533981918,0.1340154286979807,9.147800360793035e-05,0.0840336865797969,v1.0.0,PASS
2026-02-02,11,2026-02-02 11:00:00,0.0144087368809095,0.6006043304482807,0.5267325337298538,0.2502297267131954,0.0506662241611927,0.0088634013791524,0.043419523544557,0.2660949805012775,9.147800360793035e-05,0.1672988385752767,v1.0.0,PASS
2026-02-02,12,2026-02-02 12:00:00,0.0458645080972786,0.4128366877031892,0.6144092654690901,0.1706062197438898,0.0216766851220935,0.0036717629559808,0.0453039558997733,0.3053027355393274,9.370672201917336e-05,0.0916350750734536,v1.0.0,PASS
2026-02-02,13,2026-02-02 13:00:00,0.013585577397101,0.1604394835811924,0.0530472118853434,0.0326415139023874,0.0378152704087659,0.0006597201969983,0.0452051032261248,0.5041995922660414,8.557168349397482e-05,0.1513071376587894,v1.0.0,PASS
2026-02-02,14,2026-02-02 14:00:00,0.0153610550108893,0.1754661075998557,0.0526008545117561,0.0219962782228439,0.0141026088490807,0.0005852550964207,0.02367322357587,0.4364219646189278,0.0001048479194658,0.1310105507052694,v1.0.0,PASS
2026-02-02,15,2026-02-02 15:00:00,0.0289305774465162,0.6028244822925269,0.641150243218659,0.188306285750582,0.0122051931864584,0.0012326470290252,0.0296636458053971,0.264636362710989,9.87114523005161e-05,0.1168438240429698,v1.0.0,PASS
2026-02-02,16,2026-02-02 16:00:00,0.0098274047460818,0.3054046120989087,0.1533712069868909,0.1096014826576428,0.0580914085071163,0.011018327419361,0.033640841533866,0.0356368673897997,9.87114523005161e-05,0.0329402382019319,v1.0.0,PASS
2026-02-02,17,2026-02-02 17:00:00,0.0119014874328428,0.0184641167991175,0.0261891388123476,0.0021078234951555,0.0388425741307519,0.0137361012343364,0.0265286364116926,0.011875543822169,9.87114523005161e-05,0.0103759370131596,v1.0.0,PASS
2026-02-02,18,2026-02-02 18:00:00,0.0249497563654481,0.0068888314634992,0.0331339893221905,0.0005671332951981,0.1384612106324908,0.0513719874558084,0.0767239971716716,0.0102188905761883,9.87114523005161e-05,0.00583092063875,v1.0.0,PASS
2026-02-02,19,2026-02-02 19:00:00,0.0448508895642194,0.0039338481145793,0.0170768209464137,0.0029827763520186,0.2735813807400956,0.0255624839337236,0.1054633306294661,0.0093769828426649,9.87114523005161e-05,0.0066677799702427,v1.0.0,PASS
2026-02-02,20,2026-02-02 20:00:00,0.0159763954697538,0.0048018057652176,0.0116289526849952,0.0006361283255453,0.2943749130508791,0.0197247488012589,0.1050135062404041,7.279700883085623e-05,9.87114523005161e-05,0.0066604529057416,v1.0.0,PASS
2026-02-02,21,2026-02-02 21:00:00,0.0133072571136009,0.0068203287490236,0.0140140846777614,0.000120433987009,0.1518077462949854,0.0273641199187603,0.0672167766589746,0.0001950820349344,9.87114523005161e-05,0.0161020106753215,v1.0.0,PASS
2026-02-02,22,2026-02-02 22:00:00,0.0216604575915132,0.0091047241194843,0.0150485074519492,0.0011438462243664,0.2293792560890266,0.0186509338696074,0.0849569209232823,6.688312471659464e-05,9.871139435510704e-05,0.0111947642237905,v1.0.0,PASS
2026-02-02,23,2026-02-02 23:00:00,0.0297240857834267,0.0154735506580411,0.0158545217819698,0.0009541523126302,0.0956867642339154,0.0121273736323894,0.0413101102248191,0.0228986833100875,0.0001048478342929,0.0137765307294673,v1.0.0,PASS
2026-02-02,24,2026-02-03 00:00:00,0.0329993616947326,0.0282645905147587,0.0298814269755111,0.0007981624242717,0.1186794380019259,0.013639139391485,0.0493804168010721,0.0891532126872261,0.0001048478342929,0.0296095202077381,v1.0.0,PASS
2026-02-03,1,2026-02-03 01:00:00,0.0066043160594137,0.0331962477290367,0.0166138908289303,0.0027233457936068,0.0225799223593325,0.0025397011116262,0.0096469112089074,0.0847624151117973,0.0001048478342929,0.0280289471070456,v1.0.0,PASS
2026-02-03,2,2026-02-03 02:00:00,0.0053666269579993,0.0547493368323309,0.0298596230690316,0.0050352856522229,0.0164200617159213,0.0026644945900238,0.0077642205356044,0.0363031217512539,0.0001048478342929,0.0206358846647165,v1.0.0,PASS
2026-02-03,3,2026-02-03 03:00:00,0.0062182149562779,0.0304186848769608,0.0266949427401214,0.0026828604645696,0.0355414912100576,0.0037325837293837,0.0143192169858255,0.0859957816529712,0.0001048478342929,0.0291759583023166,v1.0.0,PASS
2026-02-03,4,2026-02-03 04:00:00,0.0064402062355018,0.0482586135702853,0.0383014007633749,0.0034353710519008,0.0166596071307325,0.0040410705728712,0.008778046499423,0.0171414718521452,0.0001048478342929,0.0090660327601853,v1.0.0,PASS
2026-02-03,5,2026-02-03 05:00:00,0.0067166787659285,0.0738031983103097,0.0458491444266542,0.0097840695698829,0.0397906406372718,0.0044115528096154,0.0176286077601682,0.018082420025307,0.0001048478342929,0.0072162363573246,v1.0.0,PASS
2026-02-03,6,2026-02-03 06:00:00,0.0118509078119838,0.1067911784489321,0.0705876497219596,0.0126600573086636,0.0161653683432559,0.003590508308241,0.0122799852774896,0.1021379095087855,0.0001048478342929,0.0389508974530251,v1.0.0,PASS
2026-02-03,7,2026-02-03 07:00:00,0.0098746413552368,0.1671064412026679,0.1018582290260801,0.0320874548407267,0.0166275092025624,0.0049409548068189,0.0148872578983302,0.0523996078995529,0.0001048478342929,0.0231281813863681,v1.0.0,PASS
2026-02-03,8,2026-02-03 08:00:00,0.008204568194325,0.1659510280410588,0.0884354836422005,0.0146519708147369,0.0158465444007327,0.004051726780286,0.0135343425054751,0.0410551429173945,0.0001048478342929,0.0199532473307739,v1.0.0,PASS
2026-02-03,9,2026-02-03 09:00:00,0.0096879787632082,0.3141205261626517,0.1950522825307232,0.1380216440683741,0.0507583658012136,0.028032187225055,0.0419065794443769,0.0047480876298142,0.0001048478342929,0.0036898750926909,v1.0.0,PASS
2026-02-03,10,2026-02-03 10:00:00,0.0912156807992274,0.8647641330476777,0.7542544070620792,0.6207632842737228,0.0071629823152795,0.0006244684761906,0.0115724270576481,0.1804495660384274,0.0001048478342929,0.0876681359461007,v1.0.0,PASS
2026-02-03,11,2026-02-03 11:00:00,0.0275230595522643,0.8623497469862258,0.6094419890979883,0.3725936975445097,0.0041500916142443,0.0005882742849797,0.0341724587103346,0.1595198100174603,0.0001048478342929,0.0921671302985359,v1.0.0,PASS
2026-02-03,12,2026-02-03 12:00:00,0.0410801744324719,0.0798109797745618,0.0463751292105781,0.008113403923359,0.0072097747584382,0.0002802814416592,0.011886888240744,0.6067088231677442,0.0001048478342929,0.1820753720848567,v1.0.0,PASS
2026-02-03,13,2026-02-03 13:00:00,0.0984598029578792,0.5702266013993812,0.063693751083221,0.0127631178073437,0.0068474065136865,0.0002802668894454,0.0210901461042572,0.4729702752584367,8.557168349397482e-05,0.1419344839065355,v1.0.0,PASS
2026-02-03,14,2026-02-03 14:00:00,0.1610679472403754,0.0002063338358186,0.1187015462025879,0.0262838688545545,0.0070636092283952,0.0001895405350553,0.0759798073492918,0.4608573798921021,6.36548644367682e-05,0.1382887884582012,v1.0.0,PASS
2026-02-03,15,2026-02-03 15:00:00,0.3529544345838613,0.4243679686277216,0.6677269908582836,0.1845709628651319,0.0206051515185755,0.0005851226094675,0.0294109409463783,0.1723472518252263,9.871145407924816e-05,0.0627988750530159,v1.0.0,PASS
2026-02-03,16,2026-02-03 16:00:00,0.2409206028977613,0.5215524400819342,0.6090792267420976,0.2862126097140944,0.0482238447607261,0.0083911292082565,0.0263099194776192,0.051427614530752,9.870831016703771e-05,0.0377492272841086,v1.0.0,PASS
2026-02-03,17,2026-02-03 17:00:00,0.0948488592444711,0.066431049177028,0.0470539604996496,0.0057188763914855,0.0193974172040649,0.0042307352408318,0.0208019202374123,0.0177577701903239,9.870831016703771e-05,0.0122603681947397,v1.0.0,PASS
2026-02-03,18,2026-02-03 18:00:00,0.022332786337373,0.0190945297004227,0.0137291124825302,0.0002189581670918,0.0433599624609239,0.0062712048296163,0.0296403951527531,0.0048943683667317,9.870831016703771e-05,0.0054005899576046,v1.0.0,PASS
2026-02-03,19,2026-02-03 19:00:00,0.0325176652363664,0.0397121822157954,0.0253732265002954,0.0034172137857638,0.0130033375945833,0.0035752907825429,0.0168293623336312,0.0169710399305476,9.870831016703771e-05,0.0114104738015434,v1.0.0,PASS
2026-02-03,20,2026-02-03 20:00:00,0.0337768565420781,0.0811013717545754,0.0532233887131102,0.0116693391925465,0.0095544588458634,0.0027545339281576,0.0075253820244759,0.0359225301140251,9.870831016703771e-05,0.0214524872592297,v1.0.0,PASS
2026-02-03,21,2026-02-03 21:00:00,0.0170507986904236,0.0664295453813539,0.056674730940367,0.0064585006550026,0.0084788379771749,0.0023649268196368,0.0074169231925702,0.0717910948846767,9.870831016703771e-05,0.0566828466343384,v1.0.0,PASS
2026-02-03,22,2026-02-03 22:00:00,0.016034106184389,0.4540168953891129,0.0620237252927054,0.0720896938557021,0.0075434502015969,0.0045862534722109,0.0191753029313769,0.0779519759446993,6.0037476105252345e-05,0.0614983827944113,v1.0.0,PASS
2026-02-03,23,2026-02-03 23:00:00,0.0150509318075396,0.4480523094456907,0.1576610990572031,0.0681129101197759,0.0031059189124447,0.0003199224903347,0.0065044646496034,0.0971184438689554,9.147800360793035e-05,0.0638779529334393,v1.0.0,PASS
2026-02-03,24,2026-02-04 00:00:00,0.0354837164880825,0.4173743978181616,0.3019678716328849,0.0796027199285509,0.0024422928151443,0.0003200221273206,0.0055214269466698,0.1173887541098921,9.147800360793035e-05,0.0776928728699657,v1.0.0,PASS
2026-02-04,1,2026-02-04 01:00:00,0.039827005621889,0.1698863226987425,0.0417966202390538,0.0044117469918605,0.001520074146442,0.0003313463952561,0.0077943973777565,0.2746927751946204,9.147800360793035e-05,0.0824467813257397,v1.0.0,PASS
2026-02-04,2,2026-02-04 02:00:00,0.0307146233146937,0.1150710238744853,0.2084246050919138,0.0096499276424401,0.0013610411643199,0.0003310146494192,0.0071351387613555,0.3216521311012825,9.147800360793035e-05,0.096535122449286,v1.0.0,PASS
2026-02-04,3,2026-02-04 03:00:00,0.0243619398168464,0.0494666183231171,0.10770623662576,0.0045878683697434,0.0014283642656707,0.0003456940065043,0.0137071771731558,0.267044981133223,9.147800360793035e-05,0.0801535622895973,v1.0.0,PASS
2026-02-04,4,2026-02-04 04:00:00,0.020911868311425,0.0771866537147255,0.0570542654771821,5.8112844473696864e-05,0.0014283642656707,0.0003478815251446,0.0070940869800015,0.2507554106745223,9.147800360793035e-05,0.0752687735325921,v1.0.0,PASS
2026-02-04,5,2026-02-04 05:00:00,0.0354200964483272,0.0625059619775711,0.1159187074807063,0.0087973089755834,0.0011286763829746,0.0003478815251446,0.0113067061424075,0.1267106943956274,9.147800360793035e-05,0.0380523835475609,v1.0.0,PASS
2026-02-04,6,2026-02-04 06:00:00,0.0902024253579716,0.0808817551775481,0.1178350401191775,0.0063302277584178,0.0015611376555051,0.0003478815251446,0.0133022694544376,0.1571575592189253,9.147800360793035e-05,0.0471853411021519,v1.0.0,PASS
2026-02-04,7,2026-02-04 07:00:00,0.0801920723039245,0.0731710375971384,0.1683645355514714,0.00584566696062,0.0024877731688209,0.0003478815251446,0.0112814512598124,0.1013093704907793,9.147800360793035e-05,0.0442193298907922,v1.0.0,PASS
2026-02-04,8,2026-02-04 08:00:00,0.0163889498718863,0.0537007489156467,0.0423685514322352,0.0016383188977318,0.0035246580640415,0.0007881641314082,0.0042045457110495,0.046358989089052,9.147800360793035e-05,0.0308668333515704,v1.0.0,PASS
2026-02-04,9,2026-02-04 09:00:00,0.028142385964906,0.2410153251058128,0.2083886246040928,0.0691361879546066,0.0146848464497843,0.0216004586503905,0.0205991729436071,0.0452483012507652,9.147800360793035e-05,0.0361383494069354,v1.0.0,PASS
2026-02-04,10,2026-02-04 10:00:00,0.0781407274805323,0.3956416351359166,0.7098868484178208,0.1665770091423747,0.0044811632275788,0.0006351541288137,0.0226604851907767,0.3017129887802365,9.57376531239845e-05,0.151580001664631,v1.0.0,PASS
2026-02-04,11,2026-02-04 11:00:00,0.1825037585147431,0.28312177496806,0.208005855123602,0.0087208671775981,0.031816144342231,0.0001895511590588,0.0485816897904342,0.5451826256301018,9.573196540855408e-05,0.1635958851230183,v1.0.0,PASS
2026-02-04,12,2026-02-04 12:00:00,0.0530297141667412,0.0002174016298244,0.0409403286725642,0.0017526585769101,0.0623949620737449,0.0002074510212808,0.117708893879355,0.661773840531105,0.001521423808723,0.1991437484129272,v1.0.0,PASS
2026-02-04,13,2026-02-04 13:00:00,0.0131457815173898,8.940630963685956e-05,0.0149483883550926,0.0016411209651503,0.0017871430534986,0.0001895405350553,0.0601198908296521,0.6742930516086161,0.0013895158143336,0.2028466153207509,v1.0.0,PASS
2026-02-04,14,2026-02-04 14:00:00,0.0212791368583644,0.0001262989553391,0.0527817624670842,0.0016225322250103,0.0165538055986493,0.0001895405350553,0.0701922816006049,0.5418767832131646,8.357869030986585e-05,0.162598838013162,v1.0.0,PASS
2026-02-04,15,2026-02-04 15:00:00,0.0645305694274086,0.1826981574886084,0.1195932190090615,0.0230806477183345,0.0099002357112417,0.000191831097932,0.0376939711603088,0.4431204277436328,8.357869030986601e-05,0.1329719326399008,v1.0.0,PASS
2026-02-04,16,2026-02-04 16:00:00,0.0096104149006253,0.2192734362779732,0.1442565804857368,0.0792514708825679,0.0083528159054298,0.007326356559461,0.0133122671437671,0.030147567587747,9.093064675621836e-05,0.0332722459222234,v1.0.0,PASS
2026-02-04,17,2026-02-04 17:00:00,0.0122132072603681,0.0070298274429831,0.0184281676344849,0.0005184304876322,0.0953522147571435,0.0046818387944962,0.0393074714710657,0.0087080406568548,9.093064675621836e-05,0.0105821692385775,v1.0.0,PASS
2026-02-04,18,2026-02-04 18:00:00,0.0204044344341867,0.032196298053308,0.0226119684563519,0.0013184670387182,0.4111614594128209,0.0121125419694205,0.1331690191805482,9.97383793754607e-05,9.093064675621836e-05,0.0090773115624205,v1.0.0,PASS
2026-02-04,19,2026-02-04 19:00:00,0.016654389529474,0.0181225755995917,0.0262433980910303,0.0029791782791215,0.5471841956329813,0.0137111626958407,0.1757967999696549,0.0001222160021978,9.093064675621836e-05,0.0091574711249872,v1.0.0,PASS
2026-02-04,20,2026-02-04 20:00:00,0.0120783612338376,0.0317737154224105,0.0664866548628496,0.0039202096181935,0.5033815281597981,0.0173393524953613,0.1623966147512868,0.0001392860387581,9.093064675621836e-05,0.0202501367253932,v1.0.0,PASS
2026-02-04,21,2026-02-04 21:00:00,0.014912514760124,0.0060749421179017,0.0665971794782965,0.0055865030793772,0.3157351922262031,0.0150486424862879,0.1073458125130245,0.0001336147277506,9.870831016703771e-05,0.0109841565995932,v1.0.0,PASS
2026-02-04,22,2026-02-04 22:00:00,0.0638583873559673,0.0129723154869831,0.0899065755683819,0.0117922854201745,0.3706719971002109,0.0174958605207057,0.1299195610681559,0.0001300977002213,6.0037476105252345e-05,0.0101794102983109,v1.0.0,PASS
2026-02-04,23,2026-02-04 23:00:00,0.0770789433009406,0.0033663378057878,0.074685805624346,0.0105952279553709,0.0958613314068005,0.0079828999814836,0.0392154052679144,0.0015614869873371,9.147800360793035e-05,0.0085059231880391,v1.0.0,PASS
2026-02-04,24,2026-02-05 00:00:00,0.0427733776606388,0.0055450959695833,0.0465878653369569,0.0017349888390824,0.1004576411077438,0.0144515179096614,0.0405844647764495,0.0007131816708812,9.147800360793035e-05,0.0117670415368322,v1.0.0,PASS
2026-02-05,1,2026-02-05 01:00:00,0.0234071762315964,0.0077626546560499,0.0314237661839584,0.0014080970500787,0.0710812836727188,0.0020345056430756,0.026484358547764,0.000931470554817,9.574603398560342e-05,0.0074009697339805,v1.0.0,PASS
2026-02-05,2,2026-02-05 02:00:00,0.0602401069798606,0.004558912074226,0.027550058039508,0.0086710381841262,0.120654535209594,0.0056867522537495,0.0503126671646732,0.0003643867894702,9.57376531239845e-05,0.0045719508321902,v1.0.0,PASS
2026-02-05,3,2026-02-05 03:00:00,0.1311375727123144,0.0188487038525414,0.0759263907072588,0.0269145497257384,0.7557551282449334,0.0264954554869384,0.2501733429383945,0.0001780039047154,9.57376531239845e-05,0.0054524322316566,v1.0.0,PASS
2026-02-05,4,2026-02-05 04:00:00,0.051953222939603,0.006979513525797,0.0543305813844847,0.0054659987808359,0.2697788742347873,0.0154777354361843,0.0965149047770194,0.0001361664853267,9.57376531239845e-05,0.001965535438157,v1.0.0,PASS
2026-02-05,5,2026-02-05 05:00:00,0.0379659317342017,0.0403565029106467,0.046869479045206,0.0071523864456387,0.6072346314367435,0.0294442900291031,0.1987626331961611,0.0001780039047154,9.57376531239845e-05,0.0039524564797801,v1.0.0,PASS
2026-02-05,6,2026-02-05 06:00:00,0.0298172084747092,0.0114542722295267,0.0331540716322515,0.0027954036646171,0.1654809728997286,0.0055161190687903,0.056795543098732,0.0006445094959411,9.57376531239845e-05,0.0039211890684856,v1.0.0,PASS
2026-02-05,7,2026-02-05 07:00:00,0.0095330016911187,0.0252709375830457,0.059667707390957,0.0046524335048083,0.0962494326349339,0.0073979297193666,0.0354901963384025,0.0019682081400436,9.57376531239845e-05,0.0026663095778106,v1.0.0,PASS
2026-02-05,8,2026-02-05 08:00:00,0.0150679128597107,0.0273823140323327,0.0307475169928297,0.0014676929285741,0.0632993987245882,0.0029522964721843,0.0240358094548895,0.0035911064116835,9.574603200558852e-05,0.0051217702582093,v1.0.0,PASS
2026-02-05,9,2026-02-05 09:00:00,0.0151780776790869,0.1040009174216534,0.1809568921205176,0.0157479090005354,0.05133783801392,0.0044064543320823,0.0262231531020982,0.0121853438206471,9.57376531239845e-05,0.0246121660078343,v1.0.0,PASS
2026-02-05,10,2026-02-05 10:00:00,0.0544919167197575,0.4357921100913483,0.823639236101744,0.0177968370507624,0.0212189589230045,0.0004955053388582,0.0947001669349671,0.2487473864500828,9.147800360793035e-05,0.1474586357893985,v1.0.0,PASS
2026-02-05,11,2026-02-05 11:00:00,0.0417187703679812,0.0002132796343682,0.0816800296905004,0.0065630022135935,0.0169062401662313,0.0001883564353389,0.045304006209,0.6698963297688275,9.147800360793035e-05,0.2010092414641771,v1.0.0,PASS
2026-02-05,12,2026-02-05 12:00:00,0.0036424868524114,0.0001140033806406,0.0021356436986353,0.0001603983875366,0.0009473344086445,0.0002074510212808,0.0235033773241827,0.8086618683405348,0.0001001744816899,0.242641750121304,v1.0.0,PASS
2026-02-05,13,2026-02-05 13:00:00,0.0005428654196483,0.0001479763041949,0.0010880737349356,6.31856863014377e-06,0.0009827071136283,0.0001898501762954,0.0231836967891618,0.8301051480501945,9.147800360793035e-05,0.2490723243186625,v1.0.0,PASS
2026-02-05,14,2026-02-05 14:00:00,0.000931593586711,0.0001941057833359,0.002136387609797,0.0001285066071563,0.0008465191043304,0.0002112758116019,0.026079409116683,0.681256757325498,6.36548644367682e-05,0.2044062245822631,v1.0.0,PASS
2026-02-05,15,2026-02-05 15:00:00,0.0015042336896231,0.0001820365535664,0.0078638660929256,0.0002005973950427,0.0020553065054631,0.0002818769305307,0.0187522443373444,0.6271890108110877,0.0001007053359194,0.1882001583283064,v1.0.0,PASS
2026-02-05,16,2026-02-05 16:00:00,0.0305818371087523,0.3594294576067292,0.0839624230499844,0.0008157684994602,0.0065916623627339,0.0004694472100721,0.0426610135456975,0.278506617040043,0.0001046587896905,0.0835966634971052,v1.0.0,PASS
2026-02-05,17,2026-02-05 17:00:00,0.4834356060113798,0.1488347180842477,0.3194803506749848,0.1049728656670717,0.0069272843656632,0.0016085231744019,0.0289756680285046,0.0820942290813433,9.871145407924816e-05,0.0426556943781561,v1.0.0,PASS
2026-02-05,18,2026-02-05 18:00:00,0.0459435065919382,0.0710619259570725,0.4067241051152598,0.098179175109601,0.0143323805659925,0.0008207549793434,0.0257235222335191,0.1035487402519356,9.871145407924816e-05,0.060987538281024,v1.0.0,PASS
2026-02-05,19,2026-02-05 19:00:00,0.0285460391569463,0.0398072866245826,0.0972154539023976,0.0185668183579594,0.00490066008501,0.0008586362455117,0.022515232323549,0.1354613095986133,9.871145407924816e-05,0.0624971454213765,v1.0.0,PASS
2026-02-05,20,2026-02-05 20:00:00,0.0328116048579332,0.1746946741431344,0.1808814422616695,0.0696195553353249,0.0052915433615217,0.0013198334113686,0.0115552959538041,0.2198033138142223,9.871145407924816e-05,0.1065206363752428,v1.0.0,PASS
2026-02-05,21,2026-02-05 21:00:00,0.0782539039184448,0.1560118430461542,0.1306577491262773,0.0359357896467927,0.0041225359211711,0.0005064546077592,0.0120318579421802,0.2180945276158058,9.871145407924816e-05,0.1159809724884971,v1.0.0,PASS
2026-02-05,22,2026-02-05 22:00:00,0.0482205136947973,0.4163666941670018,0.1215983962625265,0.1275284388264124,0.0077096507645257,0.0004387304625791,0.0118336782849755,0.2226439892748651,6.0037476105252345e-05,0.1764173981211995,v1.0.0,PASS
2026-02-05,23,2026-02-05 23:00:00,0.0965851210150228,0.4438949302542606,0.2044645911619548,0.089848226922766,0.0039698282360428,0.0003603184353779,0.0108349226558449,0.165775016163842,8.557168349397482e-05,0.093725746700529,v1.0.0,PASS
2026-02-05,24,2026-02-06 00:00:00,0.086149952156092,0.3132419038682434,0.267069543797596,0.0439171624982172,0.0042494429683011,0.0003586874515972,0.0164610749766069,0.2066669688785537,8.557168349397482e-05,0.0620391127642503,v1.0.0,PASS
2026-02-06,1,2026-02-06 01:00:00,0.1913057295123268,0.0001372325171352,0.0658268113907733,0.0055684184172809,0.0016226585366248,0.0001561810986583,0.0271802781093803,0.6766659964929932,8.557168349397482e-05,0.203040217802857,v1.0.0,PASS
2026-02-06,2,2026-02-06 02:00:00,0.2456425179683812,0.0001259340562612,0.0654727807283094,0.0072839099268983,0.0010629214545282,0.0001561810986583,0.0098499637179018,0.5772660228909127,8.557168349397482e-05,0.1732501745865004,v1.0.0,PASS
2026-02-06,3,2026-02-06 03:00:00,0.0622553480250778,0.0885649610200301,0.1173081761908498,0.0066786716103283,0.0010635735125401,0.0004225687516428,0.0096861061321006,0.2043653100718786,8.557168349397482e-05,0.0613502909778888,v1.0.0,PASS
2026-02-06,4,2026-02-06 04:00:00,0.0581982587130747,0.1363067514078377,0.0251037871502997,0.0014645046304617,0.0011000273372969,0.0001564117723994,0.0054148546858268,0.2481237134968868,0.0,0.0744589613532337,v1.0.0,PASS
2026-02-06,5,2026-02-06 05:00:00,0.1413878968430815,0.0032434181724139,0.0358374133212563,0.0243574148089987,0.0009916217955796,0.0001564117723994,0.0159977324536568,0.182220560719134,0.0,0.054684788144335,v1.0.0,PASS
2026-02-06,6,2026-02-06 06:00:00,0.2594452271743636,0.2051091501567223,0.0574949688379083,0.0441886543933571,0.0011830471403511,0.0001564117723994,0.0225371646252803,0.1860025713076453,0.0001048478342929,0.0558613304546056,v1.0.0,PASS
2026-02-06,7,2026-02-06 07:00:00,0.1402422879282559,0.2721141504327701,0.0401853698163004,0.03600641178026,0.0015048149960564,0.0001564117723994,0.0154707936623549,0.1750415369589054,0.0001048478342929,0.0525710489507949,v1.0.0,PASS
2026-02-06,8,2026-02-06 08:00:00,0.0355706647703118,0.2865191638070018,0.06387096099762,0.0092803059932721,0.0022410238335719,0.0003496753616543,0.0071915078680057,0.0470162188450017,0.0001048478342929,0.025941898374272,v1.0.0,PASS
2026-02-06,9,2026-02-06 09:00:00,0.0399847697814778,0.3396567150938122,0.1222149759531377,0.1252354313281216,0.0179957291447329,0.0117453793847271,0.0131053998179046,0.0110066809551216,0.0001048478342929,0.0115587021384748,v1.0.0,PASS
2026-02-06,10,2026-02-06 10:00:00,0.0709391760537922,0.6458735214296997,0.4288309431137121,0.396679926137893,0.0139570250604091,0.0066881917858053,0.0123460840585665,0.2085557041219354,0.0001048478342929,0.098625157418262,v1.0.0,PASS
2026-02-06,11,2026-02-06 11:00:00,0.0389071493273381,0.671452906253216,0.7322612366164012,0.3426287565721488,0.0032174751149642,0.0005809948666215,0.0133502470967823,0.195961753493073,9.147800360793035e-05,0.0831360940746129,v1.0.0,PASS
2026-02-06,12,2026-02-06 12:00:00,0.0492615747332682,0.4212422588173602,0.6092434184532536,0.2929680585847313,0.0055164849740841,0.0007336452851568,0.0221618508839711,0.191436664515427,0.0001048478342929,0.0887990265529676,v1.0.0,PASS
2026-02-06,13,2026-02-06 13:00:00,0.0733864864474854,0.5580591896268614,0.5794331207213255,0.4197921751228438,0.0035093769154029,0.0007251006212228,0.0233809748711563,0.2249524652254991,0.0,0.1057434770238197,v1.0.0,PASS
2026-02-06,14,2026-02-06 14:00:00,0.0982662521005587,0.4771300379838267,0.5509177144867652,0.2988818516668035,0.0087985849295559,0.0007251006212228,0.0189153237004757,0.2055946659876822,6.0037476105252345e-05,0.09659402040449,v1.0.0,PASS
2026-02-06,15,2026-02-06 15:00:00,0.0117031893533456,0.3215854295293599,0.2041579556385745,0.1134624450666913,0.0589762122551203,0.0318519861910664,0.0462090891670382,0.041292382988653,9.871145407924816e-05,0.0390758885373623,v1.0.0,PASS
2026-02-06,16,2026-02-06 16:00:00,0.052584182219359,0.0838427076643465,0.0935427962135452,0.0147273398046022,0.168283259995422,0.0160542241328609,0.0708168049918573,0.0047391113726341,9.871145407924816e-05,0.0071192434321364,v1.0.0,PASS
2026-02-06,17,2026-02-06 17:00:00,0.1391558397886666,0.0400843648506985,0.0582047234191377,0.0115710339888684,0.4797578309016097,0.0867642640065769,0.2019972459391051,0.0002274022199325,9.870831016703771e-05,0.0029586496528801,v1.0.0,PASS
2026-02-06,18,2026-02-06 18:00:00,0.0585243553702414,0.0625305902504181,0.070903646625903,0.0075621896541667,0.376974329179599,0.0460495503153226,0.1830481157717406,0.0001121496903603,9.870831016703771e-05,0.002171608472392,v1.0.0,PASS
2026-02-06,19,2026-02-06 19:00:00,0.0365992659947866,0.018844220667315,0.032478083395417,0.0014909611561757,0.4801159561703961,0.0559529723944518,0.1982766250276998,0.0001374240141805,9.870831016703771e-05,0.0026532958015964,v1.0.0,PASS
2026-02-06,20,2026-02-06 20:00:00,0.05569753092047,0.0312467183497843,0.0301401120034818,0.0021138584120269,0.5366682716406438,0.0506142108481834,0.2025923459756223,0.0001465057627655,9.870831016703771e-05,0.0339124080771912,v1.0.0,PASS
2026-02-06,21,2026-02-06 21:00:00,0.0769156230194314,0.0641383904490415,0.084228382789375,0.0049094868816516,0.4941904786412294,0.0583607414715608,0.1956952973369054,0.000105001599899,9.870831016703771e-05,0.023389575520709,v1.0.0,PASS
2026-02-06,22,2026-02-06 22:00:00,0.0643737966399871,0.016699881757602,0.04776553691603,0.0071119839089505,0.4076268525248762,0.0267805029496898,0.157094114093251,0.0001096112263453,6.0037476105252345e-05,0.0087887441275271,v1.0.0,PASS
2026-02-06,23,2026-02-06 23:00:00,0.1299112414208291,0.0147340720805726,0.0585584654502403,0.0164529280290351,0.3275203035834608,0.032677683702397,0.1506294357994842,0.000131481955135,9.147800360793035e-05,0.0079461727309261,v1.0.0,PASS
2026-02-06,24,2026-02-07 00:00:00,0.0974680711891911,0.0086008470005892,0.0485515129693822,0.0134624662951468,0.3741331795162403,0.0248652341092607,0.1302152189365728,0.0008877254184336,8.557168349397482e-05,0.0084276049401073,v1.0.0,PASS
2026-02-07,1,2026-02-07 01:00:00,0.037574375615013,0.007541183970792,0.0179414278353237,0.0043895580516398,0.215113088378349,0.0034095462730572,0.0766651003059547,0.0020242177865474,8.557168349397482e-05,0.0233425879475511,v1.0.0,PASS
2026-02-07,2,2026-02-07 02:00:00,0.0399410885911761,0.0056460757013567,0.022664840911916,0.0036829062291154,0.1739557293355726,0.0037363967325047,0.0596450575683927,0.0014883881025192,8.557168349397482e-05,0.0108553128224738,v1.0.0,PASS
2026-02-07,3,2026-02-07 03:00:00,0.0259276246464699,0.0060532646150423,0.0265278525447171,0.0007958751493266,0.0927723641775516,0.0053517813077656,0.0328501338376805,0.0010575370081389,8.557168349397482e-05,0.0158681892297506,v1.0.0,PASS
2026-02-07,4,2026-02-07 04:00:00,0.02617967652103,0.0020772800063046,0.0235319507529505,0.0030246443977177,0.1771101727036625,0.006531417487318,0.0618901525772907,0.0011652948670584,8.557168349397482e-05,0.010139547391546,v1.0.0,PASS
2026-02-07,5,2026-02-07 05:00:00,0.0286402435437522,0.0032736529897981,0.0110841144092934,0.003109546607298,0.1761395889728819,0.005332901649621,0.0641149719122086,0.0008921485169279,8.557168349397482e-05,0.0062773045455474,v1.0.0,PASS
2026-02-07,6,2026-02-07 06:00:00,0.0286140155697297,0.0051187077902282,0.02472457999232,0.0029763848700781,0.1384731600295332,0.005332901649621,0.0500176845779696,0.0009226643961813,8.557168349397482e-05,0.0062864593093234,v1.0.0,PASS
2026-02-07,7,2026-02-07 07:00:00,0.0308347599854854,0.0078827965458588,0.0743058121331873,0.0008215859819222,0.0541621749573128,0.0049110583345919,0.0258059265276512,0.0020827599071425,8.557168349397482e-05,0.0039146722340562,v1.0.0,PASS
2026-02-07,8,2026-02-07 08:00:00,0.0411995746977273,0.0067595105959474,0.0412434497814441,0.0012951540400274,0.1164638515381624,0.006241940877516,0.0504809761007772,0.0022672778802542,8.557168349397482e-05,0.0046971133308011,v1.0.0,PASS
2026-02-07,9,2026-02-07 09:00:00,0.0257283830985453,0.1432193821904957,0.0661935725658016,0.033959300117613,0.0367275264847444,0.0092407129312392,0.0231394778154782,0.0049405026401248,8.557168349397482e-05,0.0183007895710805,v1.0.0,PASS
2026-02-07,10,2026-02-07 10:00:00,0.037089200642858,0.820424034911997,0.4883866214376114,0.6848728789531978,0.0018166626043294,0.0003463674073146,0.0105251284296312,0.1896668783455084,8.557168349397482e-05,0.1126199266563308,v1.0.0,PASS
2026-02-07,11,2026-02-07 11:00:00,0.0291395204850468,0.803757675088078,0.0219027142461707,0.3190089319078409,0.0045937508230456,0.0001697043158357,0.0228594448801949,0.5498399910254151,8.557168349397482e-05,0.1650026874500811,v1.0.0,PASS
2026-02-07,12,2026-02-07 12:00:00,0.025468659745761,0.0007388993941557,0.003525189826646,0.0005577123890557,0.0011531447732588,0.0001697050340136,0.0101347716519656,0.6530743212871178,9.370672201917336e-05,0.1959625616307171,v1.0.0,PASS
2026-02-07,13,2026-02-07 13:00:00,0.0049911586767533,0.0004705542267774,0.0016384012052971,0.0010070413254996,0.0043764006468711,0.0001696948040235,0.0208512970184805,0.60121291039991,8.557168349397482e-05,0.1804027616662355,v1.0.0,PASS
2026-02-07,14,2026-02-07 14:00:00,0.0052291101792878,0.0003514530219668,0.0097064494908705,0.0006000043340128,0.0019726515592863,0.0001891547316887,0.0447092099842487,0.5221482170370723,6.36548644367682e-05,0.1566723578150897,v1.0.0,PASS
2026-02-07,15,2026-02-07 15:00:00,0.0441501333357943,0.000506089646099,0.0603793001464725,0.008835045197259,0.0086663613496736,0.0001753353861818,0.0446088570098455,0.5475409712411244,0.0001007053359194,0.1643046586013027,v1.0.0,PASS
2026-02-07,16,2026-02-07 16:00:00,0.1525105545475265,0.7524644718038189,0.3525297733980987,0.2637355556514929,0.0070614862659432,0.0004126740912269,0.0608039821021059,0.3554490736611186,0.0001046587896905,0.106678283278519,v1.0.0,PASS
2026-02-07,17,2026-02-07 17:00:00,0.0176933548084583,0.3279863741831739,0.3078373158648481,0.0945103216934864,0.0319276666066665,0.0105421795432976,0.0313838987443632,0.0104181406081376,9.871145407924816e-05,0.0097364367818734,v1.0.0,PASS
2026-02-07,18,2026-02-07 18:00:00,0.015747169548883,0.0325302054558447,0.0445738440429265,0.0003562545418102,0.2494295602490976,0.0603719560973965,0.1253290255054414,0.0014553550031442,9.871145407924816e-05,0.0042187026446719,v1.0.0,PASS
2026-02-07,19,2026-02-07 19:00:00,0.0301490432792956,0.0069295700115345,0.0272442415523438,0.0009070430932055,0.2262803686162854,0.0765769193496174,0.1228105710902394,0.0026832501330191,9.871145407924816e-05,0.0037672903938023,v1.0.0,PASS
2026-02-07,20,2026-02-07 20:00:00,0.0370960216006462,0.004986330671184,0.0420040649763218,0.0011300270007682,0.4736857194024308,0.0290478544746732,0.1879470809130036,0.0015692968347688,9.871145407924816e-05,0.0080010245194626,v1.0.0,PASS
2026-02-07,21,2026-02-07 21:00:00,0.0173105796871401,0.0075866982842019,0.0600021074279389,0.0034395002841388,0.1698886128529564,0.0171851512700459,0.0697122847647278,0.0011519878866858,9.871145407924816e-05,0.0195519790342856,v1.0.0,PASS
2026-02-07,22,2026-02-07 22:00:00,0.0199861764004281,0.014633773939608,0.0184960572955732,0.0011314951736723,0.2422942920561156,0.0322749768473366,0.1050328790717141,0.000118464284635,6.0037476105252345e-05,0.0141602041306627,v1.0.0,PASS
2026-02-07,23,2026-02-07 23:00:00,0.0090287465400389,0.0283382754322475,0.0174821556914545,0.0010564455756929,0.0963720840454023,0.0122474234309502,0.0438916456495532,0.001887818969414,8.557168349397482e-05,0.0232044485815582,v1.0.0,PASS
2026-02-07,24,2026-02-08 00:00:00,0.0087056201341763,0.0186223786726186,0.0117489332640249,0.0009925148589551,0.2186737884061249,0.0124673493198912,0.0842089125003798,0.0281945205052304,8.557168349397482e-05,0.031349464468274,v1.0.0,PASS
2026-02-08,1,2026-02-08 01:00:00,0.0044881583309121,0.0550573301976686,0.0108079530713581,0.006395166043019,0.0697549369029321,0.0052520359698057,0.0301690081741976,0.0054563875193642,8.557168349397482e-05,0.0163615002916615,v1.0.0,PASS
2026-02-08,2,2026-02-08 02:00:00,0.003583860757117,0.0575331825958063,0.0177662296953566,0.007043301694911,0.0414179649412886,0.0033218020194404,0.0194615742088514,0.0021014644940653,8.557168349397482e-05,0.011562780785275,v1.0.0,PASS
2026-02-08,3,2026-02-08 03:00:00,0.0063055029069285,0.038452623870448,0.0136612143219624,0.0035195501253999,0.0576971416977538,0.003464500475324,0.0208621741717556,0.0027679755027615,8.557168349397482e-05,0.0095947211184442,v1.0.0,PASS
2026-02-08,4,2026-02-08 04:00:00,0.0055375683097647,0.0585315597347358,0.0222780111430858,0.005092718296347,0.0589877849043284,0.0056916390491751,0.0219035263193451,0.0014319804153787,8.557168349397482e-05,0.006402225895912,v1.0.0,PASS
2026-02-08,5,2026-02-08 05:00:00,0.0036223805504391,0.0576547875986224,0.0243844070652604,0.0040071590370128,0.0454414668408651,0.0043429223043095,0.033183998958209,0.0015618384655501,9.147800360793035e-05,0.0074143133518266,v1.0.0,PASS
2026-02-08,6,2026-02-08 06:00:00,0.0074771753800608,0.0518853583730741,0.0189244082490503,0.0036987963949928,0.0811704788130611,0.0037083102662624,0.0296600123191247,0.0016125247985511,9.147800360793035e-05,0.005630812888047,v1.0.0,PASS
2026-02-08,7,2026-02-08 07:00:00,0.0044967664899847,0.0817041542038645,0.0605415691603304,0.0075710819637121,0.0102135967595342,0.0022481438090557,0.0068912813676613,0.0117284357118262,9.147800360793035e-05,0.036754062786115,v1.0.0,PASS
2026-02-08,8,2026-02-08 08:00:00,0.0085308661547275,0.0778163430733123,0.058651190252624,0.0047139588221465,0.0138692249185324,0.0021039028690826,0.009855850433311,0.0084310174318192,9.147800360793035e-05,0.0142053593808054,v1.0.0,PASS
2026-02-08,9,2026-02-08 09:00:00,0.013647222720289,0.364123691322782,0.2221691633590558,0.1472525314873882,0.0159775336337959,0.0062782239755663,0.0138874184045355,0.0388961583456525,9.147800360793035e-05,0.0662100791060688,v1.0.0,PASS
2026-02-08,10,2026-02-08 10:00:00,0.0481340735404073,0.6905269381522594,0.4733735445439202,0.2273154355390739,0.0054385941741981,0.0004955053388582,0.0336564156830463,0.3597457012415025,9.147800360793035e-05,0.1079633774346546,v1.0.0,PASS
2026-02-08,11,2026-02-08 11:00:00,0.0084162914571971,0.0002850956656658,0.041088981492192,0.003151458911884,0.0015132888306092,0.0001895511590588,0.0205530976527371,0.761577593173779,9.147800360793035e-05,0.2285142015802954,v1.0.0,PASS
2026-02-08,12,2026-02-08 12:00:00,0.0016177737752145,0.0006237516587701,0.0030037094480778,0.0005524061051899,0.0008475689587116,0.0001895519612113,0.0195326476598193,0.8024349322208083,0.0001001744816899,0.2407733801290276,v1.0.0,PASS
2026-02-08,13,2026-02-08 13:00:00,0.0008384511415595,0.0001327114027512,0.0008090480099597,0.0001633584132848,0.0012046202601537,0.0001895405350553,0.0132132724446868,0.8008704482302991,9.147800360793035e-05,0.2403024665450651,v1.0.0,PASS
2026-02-08,14,2026-02-08 14:00:00,0.0030104231221079,6.399719413374495e-05,0.0096147237683808,0.0013970209818501,0.0017880366046127,0.0001895405350553,0.0226547611357983,0.6223488353817561,6.36548644367682e-05,0.1867332624934906,v1.0.0,PASS
2026-02-08,15,2026-02-08 15:00:00,0.0133356215548504,0.0001543603832465,0.0303337161212088,0.0019618889656754,0.0031503222124115,0.0001991721679346,0.0227088574383721,0.5954244179789754,0.0001046554563784,0.1786716080237522,v1.0.0,PASS
2026-02-08,16,2026-02-08 16:00:00,0.2493770498562864,0.3065606257208289,0.167323435943319,0.0068356754368404,0.0077064570758523,0.0002470472549927,0.0640269307112738,0.2038831098981,0.0001046554563784,0.0612094409934821,v1.0.0,PASS
2026-02-08,17,2026-02-08 17:00:00,0.0309702760793598,0.0822437433636773,0.0809437592547551,0.0154268068094944,0.0238662603229896,0.0047392757271851,0.0176137678430438,0.006145131475426,9.870831016703771e-05,0.0117902665527896,v1.0.0,PASS
2026-02-08,18,2026-02-08 18:00:00,0.0333147621422036,0.0177046221066676,0.0213972749958039,6.811086091729889e-05,0.1555761532476137,0.0111785909962952,0.0586228954065186,0.0005514789337691,9.870831016703771e-05,0.0051774439810698,v1.0.0,PASS
2026-02-08,19,2026-02-08 19:00:00,0.0329750792401132,0.0365380696639057,0.0484951882821878,0.0009659075388638,0.2875689809601225,0.0153459339035361,0.0988431442847717,0.0001239174567606,9.870831016703771e-05,0.0212801157309222,v1.0.0,PASS
2026-02-08,20,2026-02-08 20:00:00,0.0134062303151955,0.0506787310119384,0.0326719632906023,0.002104886018453,0.2771981409499278,0.0165366815611392,0.0941457264591398,0.0003293300058267,9.870831016703771e-05,0.0046316688433704,v1.0.0,PASS
2026-02-08,21,2026-02-08 21:00:00,0.0144333635152156,0.0875617229570685,0.0364954720073142,0.0083669624755238,0.178009947266421,0.0206782043800427,0.0674491176635033,0.0001180731910917,9.870831016703771e-05,0.0035129743601214,v1.0.0,PASS
2026-02-08,22,2026-02-08 22:00:00,0.0090237589859826,0.0891731992655524,0.0411659616084787,0.0097953354670169,0.039364704153042,0.0033639545732366,0.018278737744673,0.010632672002385,6.0037476105252345e-05,0.0147841418893127,v1.0.0,PASS
2026-02-08,23,2026-02-08 23:00:00,0.0066330019636287,0.1075904570431786,0.0785519761058999,0.0166895645655959,0.0121589289510286,0.0013658721942865,0.0065201871813354,0.0386510646394327,9.147800360793035e-05,0.0363002657352001,v1.0.0,PASS
2026-02-08,24,2026-02-09 00:00:00,0.0152453137272077,0.2780734509917165,0.2677205395783514,0.0505458012593641,0.0107040249358592,0.0007747095940675,0.0059048327152734,0.0431527255587962,9.147800360793035e-05,0.0347913709453682,v1.0.0,PASS
2026-02-09,1,2026-02-09 01:00:00,0.0365294255094301,0.3869199230595942,0.1546753995592214,0.0714298426621239,0.0012940064404558,0.0003460404590314,0.0030340615448013,0.0661475664230676,9.147800360793035e-05,0.0445217460348992,v1.0.0,PASS
2026-02-09,2,2026-02-09 02:00:00,0.0253465417743375,0.5663418420041723,0.1652704132388997,0.1342063356347371,0.0013082303088737,0.0003213702327112,0.0025584104874762,0.0793982098319933,9.147800360793035e-05,0.0557162327132856,v1.0.0,PASS
2026-02-09,3,2026-02-09 03:00:00,0.0245821895840322,0.3143214031852359,0.1315263448895235,0.0224438758806371,0.0011557375867309,0.0003456940065043,0.0030895430737307,0.0820130837838906,9.147800360793035e-05,0.0585949224802913,v1.0.0,PASS
2026-02-09,4,2026-02-09 04:00:00,0.0261194906049915,0.4105734117876422,0.1981453623056323,0.0696185678639191,0.0012756003818678,0.0003264874225529,0.0022419616171163,0.0688228755675519,9.147800360793035e-05,0.0430421841394452,v1.0.0,PASS
2026-02-09,5,2026-02-09 05:00:00,0.0245247021344575,0.3925775892780767,0.2326305317914838,0.0358599309988935,0.0012756003818678,0.0003264874225529,0.0039058114416118,0.0923284393087561,9.147800360793035e-05,0.0590819999989151,v1.0.0,PASS
2026-02-09,6,2026-02-09 06:00:00,0.0430202516239213,0.4154311616694336,0.2801636200338022,0.0501554893499449,0.0022207813462201,0.0003264874225529,0.0070378657420005,0.0951885523880144,9.147800360793035e-05,0.0513630400065195,v1.0.0,PASS
2026-02-09,7,2026-02-09 07:00:00,0.0599946338034473,0.3493981170709748,0.2530789055822408,0.0023490240786557,0.0022888821290431,0.0003244298820831,0.006747923119704,0.0867911908562042,9.147800360793035e-05,0.0505809039986145,v1.0.0,PASS
2026-02-09,8,2026-02-09 08:00:00,0.0335943662271051,0.3551677101708051,0.1954264470851806,0.0216892118583384,0.0019393565636931,0.000330601841012,0.0062713401942597,0.0778189066309839,9.147800360793035e-05,0.0542599475217099,v1.0.0,PASS
2026-02-09,9,2026-02-09 09:00:00,0.0437140376720947,0.5247479383388809,0.4591194821886558,0.1009799195836411,0.0045460331324613,0.0007280482600029,0.0121971118086035,0.2887647052653928,9.147800360793035e-05,0.0866714653957698,v1.0.0,PASS
2026-02-09,10,2026-02-09 10:00:00,0.0206640526965299,0.6417186535243242,0.0878591253217504,0.1790230109520585,0.0040375937713894,0.0002060036293683,0.0197744912843833,0.6029332922192289,9.57376531239845e-05,0.1809226954454061,v1.0.0,PASS
2026-02-09,11,2026-02-09 11:00:00,0.0102388363953996,0.0002257800287453,0.0457460143155499,0.0073831593164439,0.0059285780296181,0.0001895511590588,0.0430276519919763,0.6859175430131982,9.57376531239845e-05,0.2058169198993437,v1.0.0,PASS
2026-02-09,12,2026-02-09 12:00:00,0.0036024487114838,0.0001872494871641,0.026621537041722,0.0044081551663237,0.0055549795150248,0.0001895519612113,0.0444586238125589,0.6827150988611805,0.0015215140720598,0.2054269226866886,v1.0.0,PASS
2026-02-09,13,2026-02-09 13:00:00,0.0035272426593605,0.0001571173248534,0.0303259656223804,0.0056917644687725,0.0055549795150248,0.0001895405350553,0.0485675559318181,0.6723895480047091,0.0013895982626979,0.2022767299112962,v1.0.0,PASS
2026-02-09,14,2026-02-09 14:00:00,0.0094546412290945,0.3986978858317299,0.1008146533587343,0.0863484911855439,0.0051893418274496,0.0001895405350553,0.0555236747728675,0.4797776910781224,9.65835107823686e-05,0.1439783208889636,v1.0.0,PASS
2026-02-09,15,2026-02-09 15:00:00,0.1626785774378359,0.3982476902032328,0.7342645385282357,0.1418600043818001,0.0062660190238401,0.0006879571168552,0.0554830419047762,0.276256677982138,9.093064675621836e-05,0.0829197595558585,v1.0.0,PASS
2026-02-09,16,2026-02-09 16:00:00,0.1367764169599139,0.5409008199861062,0.707779557509197,0.3986684483637758,0.0102519831073813,0.0021274253567052,0.021294224812022,0.0519451028506131,0.0,0.0378055612909963,v1.0.0,PASS
2026-02-09,17,2026-02-09 17:00:00,0.08699271163111,0.2882583855334631,0.1936157303841156,0.0657862581163518,0.0168835083137996,0.0024856460097188,0.0099758776739563,0.0042437036107341,9.870831016703771e-05,0.0055593244656041,v1.0.0,PASS
2026-02-09,18,2026-02-09 18:00:00,0.0284407505295555,0.1219674532820389,0.0985560475016031,0.0151029835951101,0.0197216555042991,0.0021384939034734,0.0098535893549437,0.0041037856360892,9.870831016703771e-05,0.004503961192424,v1.0.0,PASS
2026-02-09,19,2026-02-09 19:00:00,0.0335788517334406,0.2258816745259319,0.1341825939761829,0.0437322404682183,0.0225177904119874,0.0009855249145228,0.0092272955897037,0.0133693699554817,9.871146255961217e-05,0.0094332000225054,v1.0.0,PASS
2026-02-09,20,2026-02-09 20:00:00,0.0159658889518021,0.2218441731676746,0.16677390810439,0.0498688276053861,0.0168984530190934,0.0009389768228691,0.0068966086974883,0.0117919468829219,9.870831016703771e-05,0.0124099076164083,v1.0.0,PASS
2026-02-09,21,2026-02-09 21:00:00,0.0155050856412257,0.328382013735622,0.1097552626126638,0.0697925072849839,0.022055174969938,0.0008744415239077,0.0087272239434118,0.0064126242244146,9.870831016703771e-05,0.0122327195150455,v1.0.0,PASS
2026-02-09,22,2026-02-09 22:00:00,0.0139448305401854,0.2329404238646601,0.1389765819039083,0.0567623035851052,0.0120353847438542,0.0012382350889616,0.0063669636692832,0.0242058268071308,6.0037476105252345e-05,0.0267944965072447,v1.0.0,PASS
2026-02-09,23,2026-02-09 23:00:00,0.0596578405483238,0.4703261413449525,0.2831998995691433,0.098689586563892,0.0947723763648387,0.0075826738549712,0.037407172105308,0.0496164780251489,9.147800360793035e-05,0.0596148206353327,v1.0.0,PASS
2026-02-09,24,2026-02-10 00:00:00,0.0598710206024685,0.6705003220042426,0.3694436206942268,0.2435238692747159,0.0017718000505126,0.0006076685104502,0.0030308081945724,0.17462607965218,9.147800360793035e-05,0.0915519253982584,v1.0.0,PASS
2026-02-10,1,2026-02-10 01:00:00,0.0439207490472562,0.6949518257767812,0.1612556935127299,0.2193188228691682,0.0017401398713001,0.000367192630434,0.002414879012438,0.0792686776154124,2.503036301363585e-27,0.0377336745330768,v1.0.0,PASS
2026-02-10,2,2026-02-10 02:00:00,0.0427890551644114,0.54126309097809,0.3248368142382773,0.1941900799336939,0.0011109448286498,0.0003294036774273,0.0034523805356868,0.0858568319227231,9.574603200558852e-05,0.0428112600834041,v1.0.0,PASS
2026-02-10,3,2026-02-10 03:00:00,0.015715290787757,0.4136372917613989,0.2359462140054039,0.1624259721573597,0.0023847494828218,0.0004982504726776,0.0028523794981653,0.0874469693624598,9.574603200558852e-05,0.0409362147311386,v1.0.0,PASS
2026-02-10,4,2026-02-10 04:00:00,0.0172595461407389,0.4175914781767011,0.286222804143553,0.1371459091565827,0.0027224007817759,0.0005462298181348,0.0031541811563513,0.0501698381731037,9.574603200558852e-05,0.0179070034224603,v1.0.0,PASS
2026-02-10,5,2026-02-10 05:00:00,0.0125979275821942,0.1936760610182712,0.1405816562740297,0.0402409192012616,0.0042163870989659,0.0015315724329362,0.0043035840354184,0.0250018726737428,9.574603200558852e-05,0.0113150350598576,v1.0.0,PASS
2026-02-10,6,2026-02-10 06:00:00,0.0106643384737337,0.1812793170014811,0.1313576782276328,0.0390361741851963,0.0092447451510694,0.0047706802570354,0.0078670152884531,0.022841246976724,9.574603200558852e-05,0.0116428945628617,v1.0.0,PASS
2026-02-10,7,2026-02-10 07:00:00,0.0120799972369078,0.1855619447605297,0.1082149938503891,0.0494769442966818,0.0066729442348213,0.0022979805414879,0.0058159429591797,0.0367563142748436,9.574603200558852e-05,0.0228413854660305,v1.0.0,PASS
2026-02-10,8,2026-02-10 08:00:00,0.015845818268769,0.0341790701243656,0.0234364592166837,0.00195076556035,0.0252406679765938,0.0015610933065962,0.0101404725161582,0.0036386441271425,0.0001048479483908,0.0050544359525265,v1.0.0,PASS
2026-02-10,9,2026-02-10 09:00:00,0.0125129454316523,0.143975768285219,0.0516262059553912,0.0106713245933074,0.0666682250476713,0.0092277583745272,0.026291319544463,0.0038868621986724,0.0001048479483908,0.0068704365263114,v1.0.0,PASS
2026-02-10,10,2026-02-10 10:00:00,0.0041282915420111,0.3149691880563472,0.1949260583978928,0.1145500426571504,0.0787197787257039,0.0065158250221364,0.0305125593552604,0.0226640485726844,0.0001048479483908,0.0379476796003576,v1.0.0,PASS
2026-02-10,11,2026-02-10 11:00:00,0.0074063126543803,0.5534201780779905,0.2705679646255178,0.2250905137958461,0.0734462593244852,0.0179054571496619,0.0373564352490703,0.1084210120811517,0.0001048325447193,0.0877546137990078,v1.0.0,PASS
2026-02-10,12,2026-02-10 12:00:00,0.0377607651541899,0.7671694913699096,0.5301016622659375,0.3834583734674591,0.006224949231199,0.0005713404929604,0.020962989845472,0.3462030995791875,0.0015214220625402,0.152814125452257,v1.0.0,PASS
2026-02-10,13,2026-02-10 13:00:00,0.0518799137402576,0.6789877639583121,0.4112420612559123,0.2303095233313425,0.006224949231199,0.0007138177178157,0.0305283175202901,0.4082290955286388,0.0015214220625402,0.1338692242076718,v1.0.0,PASS
2026-02-10,14,2026-02-10 14:00:00,0.0253590910259176,0.8970606439311417,0.3072713936487161,0.3652470991614755,0.004865593639664,0.0007138177178157,0.0241937869152189,0.391155249501211,9.093860136861393e-05,0.2300979614526385,v1.0.0,PASS
2026-02-10,15,2026-02-10 15:00:00,0.0127809256666887,0.6604915453129054,0.1960234953712265,0.3856924865445875,0.0090964892684186,0.0006502075883372,0.0096912897679653,0.3111742095174478,9.093860136861393e-05,0.1669217980059923,v1.0.0,PASS
2026-02-10,16,2026-02-10 16:00:00,0.0032383741948076,0.2564490938061365,0.0734122265898926,0.091639875742543,0.0236259608199222,0.0044076155741018,0.0113119788558598,0.0157957667377399,9.093860136861393e-05,0.0333687778681212,v1.0.0,PASS
2026-02-10,17,2026-02-10 17:00:00,0.0361839573219509,0.0594658690621638,0.0265365843585064,0.009545843491745,0.0286598007116111,0.0107195326473317,0.0177778917374366,0.0019245702220996,9.093860136861393e-05,0.0087411858476765,v1.0.0,PASS
2026-02-10,18,2026-02-10 18:00:00,0.0296498320352612,0.0017127341841771,0.0141457210390732,0.00173942039481,0.0818810953397966,0.0076182263887492,0.0301015740976184,0.0006457812930429,9.093860136861393e-05,0.0032397155735013,v1.0.0,PASS
2026-02-10,19,2026-02-10 19:00:00,0.0434637228275176,0.0015762161111676,0.0187928731022089,0.0018397212985895,0.0596930499661038,0.0099672068496755,0.0259949567238233,0.0007940793546244,9.093860136861393e-05,0.0048943776381566,v1.0.0,PASS
2026-02-10,20,2026-02-10 20:00:00,0.0471339139240166,0.0042562380812984,0.0133988278616233,0.004948842549479,0.0491727141913862,0.0057471146290839,0.019431965299959,0.0015114008047078,9.093860136861393e-05,0.0064793787309859,v1.0.0,PASS
2026-02-10,21,2026-02-10 21:00:00,0.0452634883747577,0.006289874838252,0.0241555165113168,0.0038573906789325,0.0543233394432557,0.0044812902686707,0.0248909702529791,0.0016579628294694,9.093860136861393e-05,0.0087268851507481,v1.0.0,PASS
2026-02-10,22,2026-02-10 22:00:00,0.0497475515056359,0.0050911203336336,0.0300950930536239,0.000510813033128,0.0208153735561958,0.002434758741347,0.0089560101024899,0.0043196769219323,9.093860136861393e-05,0.0157454805435225,v1.0.0,PASS
2026-02-10,23,2026-02-10 23:00:00,0.0358187688742091,0.0231907016115969,0.0170917628835694,0.0026203765520545,0.0094988314056661,0.0027792889443296,0.0046553367904813,0.0252680886745706,9.659195985950268e-05,0.0330417115587692,v1.0.0,PASS
2026-02-10,24,2026-02-11 00:00:00,0.0720193009832571,0.0160193085239732,0.0655014815421877,0.0012560116365615,0.0525976584409671,0.0035568612407222,0.0242425921333564,0.012508095110623,9.659195985950268e-05,0.0228577698881589,v1.0.0,PASS
2026-02-11,1,2026-02-11 01:00:00,0.0959097216759168,0.0083286267777684,0.0443351171164494,0.0121548703583601,0.0993432394426867,0.0083206631065834,0.0382638184844746,0.0017495191969742,9.574601187507334e-05,0.003031080984518,v1.0.0,PASS
2026-02-11,2,2026-02-11 02:00:00,0.0431292284888543,0.0065469519678431,0.0547532060947936,0.0039450003682052,0.0409123367691451,0.0037686713245597,0.0197731677144502,0.0010132990084084,9.574603200558852e-05,0.0027583650296448,v1.0.0,PASS
2026-02-11,3,2026-02-11 03:00:00,0.0320549459430012,0.0074269979668504,0.035536135374956,0.0022466897276864,0.0934662472034343,0.0046395319523403,0.0324359490310572,0.0012262364064142,9.574603200558852e-05,0.0033651672598121,v1.0.0,PASS
2026-02-11,4,2026-02-11 04:00:00,0.0196682196823538,0.0099029702714664,0.0217756533040032,0.0002605510352623,0.0300952285397526,0.0040134293501915,0.0183969635085462,0.0014062487412146,9.574603200558852e-05,0.0032973405638814,v1.0.0,PASS
2026-02-11,5,2026-02-11 05:00:00,0.027469082729837,0.0073214305762324,0.0207264294443722,0.0009041351636695,0.0424865228297775,0.0059382044631688,0.0176042312255693,0.001256557162385,9.574603200558852e-05,0.0025011468951821,v1.0.0,PASS
2026-02-11,6,2026-02-11 06:00:00,0.0288071082513467,0.0081078504308125,0.0219400217139402,0.0004892167745168,0.0273990453269586,0.0049214810053267,0.0134455580296786,0.0020614532272869,9.57376531239845e-05,0.004016579159375,v1.0.0,PASS
2026-02-11,7,2026-02-11 07:00:00,0.0229975315562713,0.0032087087608943,0.0239041379354685,0.0010556918976982,0.0294071396045465,0.0081215627564666,0.0157616043732587,0.0016350896427508,9.147800360793035e-05,0.0033650454641198,v1.0.0,PASS
2026-02-11,8,2026-02-11 08:00:00,0.0108894261201364,0.0264156489430446,0.0246809802317257,0.0009565325910101,0.0415992550656372,0.0037768640393044,0.020290468921802,0.0034977588866714,9.147800360793035e-05,0.004101246565776,v1.0.0,PASS
2026-02-11,9,2026-02-11 09:00:00,0.0027225024545158,0.4180523030662971,0.0970890115622185,0.1496660053988572,0.0083221216759948,0.0017669733532113,0.0121164801960184,0.0352997628945201,9.147800360793035e-05,0.0355581216429403,v1.0.0,PASS
2026-02-11,10,2026-02-11 10:00:00,0.0276671562689523,0.4384546846063972,0.0864687341506595,0.1081941562326994,0.0049124446245698,0.0001894837276234,0.0677906129658477,0.4763991207824241,9.147800360793035e-05,0.1429596746132771,v1.0.0,PASS
2026-02-11,11,2026-02-11 11:00:00,0.0045294255412038,0.0008933789847362,0.0146584124908556,0.0019883386346587,0.0182470437270903,0.0001895511590588,0.0490712892577183,0.5848001854765168,9.147800360793035e-05,0.1754803728919121,v1.0.0,PASS
2026-02-11,12,2026-02-11 12:00:00,0.0027110605125971,0.0001693524228575,0.0034433692601675,0.0002246370687382,0.0013830853184683,0.0001898616211141,0.0568518582932132,0.7792198627405849,0.0001001744816899,0.2338083510820328,v1.0.0,PASS
2026-02-11,13,2026-02-11 13:00:00,0.0007994847033454,6.728632291066676e-05,0.0029252659158777,0.0003649631586555,0.0009838543464139,0.0001898501762954,0.0224101554816027,0.8145523535416789,9.147800360793035e-05,0.2444070137812687,v1.0.0,PASS
2026-02-11,14,2026-02-11 14:00:00,0.0011079021238866,0.0001062364983706,0.0044320355278478,0.0003871268780574,0.00115813928767,0.0002112758116019,0.0228733177121734,0.6171230349965791,6.36548644367682e-05,0.1851649962198396,v1.0.0,PASS
2026-02-11,15,2026-02-11 15:00:00,0.0114173289032401,0.0001780885670853,0.018220649678458,3.806078170812829e-05,0.0013543646982307,0.0002220116922774,0.0203873347268046,0.5697324997187415,0.0001007053359194,0.1709627281172523,v1.0.0,PASS
2026-02-11,16,2026-02-11 16:00:00,0.0678913950395994,0.0001355604304229,0.082912508973133,0.0019392596456625,0.0076267803037075,0.0010276394123052,0.0532349507410177,0.2143693101306953,0.0001046587896905,0.0643549639352507,v1.0.0,PASS
2026-02-11,17,2026-02-11 17:00:00,0.0299596466687197,0.0531093093637577,0.038010359689936,0.0024281545181668,0.0477187052489913,0.0084215717417721,0.0257031406908405,0.003398310488863,9.871145407924816e-05,0.0050634343397162,v1.0.0,PASS
2026-02-11,18,2026-02-11 18:00:00,0.0596079099511579,0.0057344707140066,0.0241205433386009,0.0043136476597082,0.1362171188509197,0.0223265744530084,0.0607160160883653,0.0008375480453274,9.871145407924816e-05,0.0025416972634765,v1.0.0,PASS
2026-02-11,19,2026-02-11 19:00:00,0.015928381587912,0.0069749301505998,0.0112218488203508,0.0006388194096333,0.1198314477548591,0.0134459419622891,0.0477850445493949,0.0016006374453649,9.871145407924816e-05,0.0043595226586977,v1.0.0,PASS
2026-02-11,20,2026-02-11 20:00:00,0.0194278392463363,0.0185672637195898,0.0120107046893339,0.0014433042872288,0.0357610531380227,0.0050012242166283,0.0152353997553613,0.002299356995241,9.871145407924816e-05,0.0111501513124765,v1.0.0,PASS
2026-02-11,21,2026-02-11 21:00:00,0.0266982963529274,0.0473334904186506,0.023767248287366,0.0052210818682042,0.0263669286889443,0.0035798581712045,0.0121016250957092,0.0100791102353367,9.871145407924816e-05,0.015255715719101,v1.0.0,PASS
2026-02-11,22,2026-02-11 22:00:00,0.0389227133140347,0.1523442540082412,0.0691621538447383,0.0101860545647953,0.0435260313282717,0.0056841125092012,0.0234246646539565,0.0165893997066557,6.0037476105252345e-05,0.0235409852872839,v1.0.0,PASS
2026-02-11,23,2026-02-11 23:00:00,0.0273231593503867,0.2324402346947784,0.1173806887568008,0.0378365782227489,0.008167658140565,0.0014079286371327,0.0050157921432938,0.0487019316383892,9.147800360793035e-05,0.0440392836908568,v1.0.0,PASS
2026-02-11,24,2026-02-12 00:00:00,0.0859322576717868,0.3590509229780073,0.1706996506677484,0.0688677981379192,0.0072096268970084,0.0003200221273206,0.0043817455362183,0.0941290325647009,9.147800360793035e-05,0.0595004107762291,v1.0.0,PASS
2026-02-12,1,2026-02-12 01:00:00,0.0603004420359667,0.3564700586165324,0.1088125472305706,0.0298289664011357,0.0012057539891487,0.0003649808307801,0.00276097056317,0.0622746729937284,9.147800360793035e-05,0.0485079761666592,v1.0.0,PASS
2026-02-12,2,2026-02-12 02:00:00,0.0836851292666427,0.4349385506368277,0.0873252631859517,0.0220703412212156,0.0009736940023512,0.0003456940065043,0.0027365741760575,0.0829352553501898,9.147800360793035e-05,0.0423582408268086,v1.0.0,PASS
2026-02-12,3,2026-02-12 03:00:00,0.0706791972648981,0.3011383230448388,0.0627009424674231,0.011618455002976,0.0010388259675388,0.0003456940065043,0.0020915643013435,0.0667575840673362,9.147800360793035e-05,0.0404306453120634,v1.0.0,PASS
2026-02-12,4,2026-02-12 04:00:00,0.0663220509827257,0.2863154024496102,0.0601445695532554,0.0161604867056524,0.0010388259675388,0.000330601841012,0.0017464087033357,0.0648042144491736,9.147800360793035e-05,0.0320669949758506,v1.0.0,PASS
2026-02-12,5,2026-02-12 05:00:00,0.070660013003097,0.3000138458440592,0.0976553139626962,0.0077259073067552,0.0011465776505755,0.0003478815251446,0.0019926209657376,0.0677615077751201,9.147800360793035e-05,0.0316638100410536,v1.0.0,PASS
2026-02-12,6,2026-02-12 06:00:00,0.1025482877077644,0.2600620337502295,0.0851164530151077,0.010723059850862,0.0014700762584406,0.0003478815251446,0.0024467136454593,0.0699192191654773,9.147800360793035e-05,0.0346363102674412,v1.0.0,PASS
2026-02-12,7,2026-02-12 07:00:00,0.1334885483688215,0.2672937356271785,0.1971026388726006,0.0093829642623132,0.002057580473843,0.0003478815251446,0.002499305482536,0.0584830190273107,9.147800360793035e-05,0.0286394797042337,v1.0.0,PASS
2026-02-12,8,2026-02-12 08:00:00,0.0955928361621312,0.2416198882044021,0.0974478203855092,0.0190932771394897,0.0025285586927873,0.0003106531922923,0.0027181812603572,0.0808956700597003,9.147800360793035e-05,0.0602499093482996,v1.0.0,PASS
2026-02-12,9,2026-02-12 09:00:00,0.104210270793291,0.0175945924576127,0.1557063321646183,0.0195783843195956,0.0107176111332182,0.0001894837276234,0.0164359465131585,0.5081360965861805,9.147800360793035e-05,0.1524807250829773,v1.0.0,PASS
2026-02-12,10,2026-02-12 10:00:00,0.0034427275847716,9.066958967527452e-05,0.0146307908098855,0.0006335477766255,0.0011105305790648,0.0001894837276234,0.0143462789058886,0.8288179668982226,9.147800360793035e-05,0.2486847233108764,v1.0.0,PASS
2026-02-12,11,2026-02-12 11:00:00,0.0027185924042889,0.0001112839700682,0.0022497339953089,0.0001089497455254,0.0010058969223157,0.0001895511590588,0.0146160281638031,0.8463876881531339,9.147800360793035e-05,0.2539587033774791,v1.0.0,PASS
2026-02-12,12,2026-02-12 12:00:00,0.0037941369123717,5.802872474644693e-05,0.0013419495111526,2.106857618123289e-05,0.0010123466475966,0.0001895519612113,0.0174203082944839,0.7778984678466669,0.0001001744816899,0.2334125888492358,v1.0.0,PASS
2026-02-12,13,2026-02-12 13:00:00,0.0090140258124461,9.01665837265774e-05,0.0026684450843215,0.000332903729729,0.002186332355566,0.0001895405350553,0.0132566095752534,0.8414835792890638,9.147800360793035e-05,0.2524865204660657,v1.0.0,PASS
2026-02-12,14,2026-02-12 14:00:00,0.0202309241799747,0.0001201850486788,0.0098440223723348,8.133454863241477e-05,0.0007022634362786,0.0001895405350553,0.0153324873105108,0.7153922187049929,6.36548644367682e-05,0.2146486229414134,v1.0.0,PASS
2026-02-12,15,2026-02-12 15:00:00,0.0533319044855826,8.621895143814682e-05,0.0447263480600985,0.000889750032488,0.0017147419031631,0.0001603569841925,0.0245282211210206,0.6571631374498698,0.0001046554563784,0.1971947993259511,v1.0.0,PASS
2026-02-12,16,2026-02-12 16:00:00,0.1424552769527621,0.0002984467998909,0.2471497829085424,0.0223683271289609,0.0031069092617969,0.0002711729708621,0.0449148321482451,0.4177729516694388,0.0001046554563784,0.1253811735073114,v1.0.0,PASS
2026-02-12,17,2026-02-12 17:00:00,0.0680185437736198,0.1760759390168074,0.2045055280970065,0.0376661574158646,0.0099323472708105,0.0009211053329144,0.0060148678653713,0.0121664422574131,9.870831016703771e-05,0.0086280298555364,v1.0.0,PASS
2026-02-12,18,2026-02-12 18:00:00,0.0422989150843143,0.0337502550738072,0.0172125441750966,0.0006627197222308,0.0670769534479238,0.002941161748003,0.0247586149043221,0.0011234750193645,9.870831016703771e-05,0.0014982047864821,v1.0.0,PASS
2026-02-12,19,2026-02-12 19:00:00,0.0401680564249707,0.0517647844974332,0.0155496989906287,0.0022274876613338,0.0539274339565211,0.0020690848731215,0.0192215208635403,0.0015636657891972,9.870831016703771e-05,0.004477458562363,v1.0.0,PASS
2026-02-12,20,2026-02-12 20:00:00,0.030016511082562,0.0937832488661984,0.0217420693238085,0.0048001997443102,0.5514083795051653,0.0053947251809698,0.1700305887702835,0.0001650300904504,9.870831016703771e-05,0.0050191607994889,v1.0.0,PASS
2026-02-12,21,2026-02-12 21:00:00,0.0193716432537787,0.0265594461758519,0.0277484549664382,0.0005815810066866,0.0127983219587179,0.0009879245061937,0.0058228636030059,0.0054267931410656,9.870831016703771e-05,0.0132857431495172,v1.0.0,PASS
2026-02-12,22,2026-02-12 22:00:00,0.0352315467335811,0.0346770569732355,0.0467598167971185,0.0002909172172262,0.2910153738818907,0.0066242303657867,0.0931821021596971,8.394471315047255e-05,6.0037476105252345e-05,0.0026649844009728,v1.0.0,PASS
2026-02-12,23,2026-02-12 23:00:00,0.0418543018606494,0.0390976153198797,0.048086650414272,0.0004640862211002,0.1752410274586398,0.014557223049488,0.0642124764600551,0.0015494639863533,9.147800360793035e-05,0.0041256291167806,v1.0.0,PASS
2026-02-12,24,2026-02-13 00:00:00,0.0563694945401035,0.0430561597655181,0.1137613867197364,0.0009848403588081,0.0830493342155451,0.0027666215345385,0.0275051348258336,0.0141707349606274,9.147800360793035e-05,0.0090990781595524,v1.0.0,PASS
2026-02-13,1,2026-02-13 01:00:00,0.0258832530645202,0.160792341312187,0.034129123169202,0.0094205074880172,0.0034655118234685,0.0006527242942781,0.0022456872688833,0.0250769039060666,9.147800360793035e-05,0.0184126808459611,v1.0.0,PASS
2026-02-13,2,2026-02-13 02:00:00,0.0259752446360485,0.323690269908591,0.0925592604754405,0.0473553195290711,0.0050319167289695,0.0008515653627573,0.0027497836586057,0.0222448463775845,9.147800360793035e-05,0.0206467296699629,v1.0.0,PASS
2026-02-13,3,2026-02-13 03:00:00,0.0750591053453291,0.0261443937065993,0.0347457226635576,0.0042915187873565,0.0504439779216651,0.0032348825621589,0.0177513478192308,0.0017446050526104,9.147800360793035e-05,0.0033682471252094,v1.0.0,PASS
2026-02-13,4,2026-02-13 04:00:00,0.0254032915929181,0.0417531248735315,0.0330184488165698,0.0034908213592611,0.0141638049583725,0.0036362042358377,0.0077377489788678,0.0048169064509543,9.147800360793035e-05,0.0056688480050119,v1.0.0,PASS
2026-02-13,5,2026-02-13 05:00:00,0.0775561705476943,0.0163741396175013,0.0355058985328578,0.0071153108828717,0.1022189706811319,0.0030322011753837,0.0349576737095691,0.0006470475724877,9.147800360793035e-05,0.0015840309701397,v1.0.0,PASS
2026-02-13,6,2026-02-13 06:00:00,0.0493426927916314,0.0203042106546074,0.0473314027310637,6.5185108351937e-05,0.0517226067304726,0.0062753601358799,0.0252307556465458,0.002622843151927,9.147800360793035e-05,0.0022398689752438,v1.0.0,PASS
2026-02-13,7,2026-02-13 07:00:00,0.014600892203524,0.0220560966749358,0.0329870689298114,0.0024633907027414,0.0195605490038257,0.0049119479872093,0.0115949057695857,0.0030552875657403,9.57376531239845e-05,0.0056679871575853,v1.0.0,PASS
2026-02-13,8,2026-02-13 08:00:00,0.0086912029489107,0.1045237512538822,0.0517176881110403,0.0100745148547523,0.006881053371877,0.0016893228284181,0.0062721672966578,0.0119278844379287,9.57376531239845e-05,0.0122050012929172,v1.0.0,PASS
2026-02-13,9,2026-02-13 09:00:00,0.036333631621108,0.2891282723481277,0.3311719403316133,0.0450883863629365,0.0046612630294858,0.0005122395963518,0.0192666809790313,0.1147674263996175,9.574603200558852e-05,0.0502707544345527,v1.0.0,PASS
2026-02-13,10,2026-02-13 10:00:00,0.0074462307117208,0.000531865385491,0.0236507957916672,0.0022093587458232,0.0011407000012125,0.0001918418503,0.0169074780267669,0.8422150091927001,9.57376531239845e-05,0.2527049426407359,v1.0.0,PASS
2026-02-13,11,2026-02-13 11:00:00,0.0017237053442875,0.0003175547100602,0.0023819209606036,0.0001726553325964,0.0011060128234975,0.0001895511590588,0.0141517008559146,0.8368116515399614,9.57376531239845e-05,0.2510849704925941,v1.0.0,PASS
2026-02-13,12,2026-02-13 12:00:00,0.0012688787141797,0.0002404477961771,0.0012275857638789,8.135481062694507e-05,0.0011173648520385,0.0001895519612113,0.0150274516835017,0.8368116515399614,0.0015215140720598,0.2516550786618927,v1.0.0,PASS
2026-02-13,13,2026-02-13 13:00:00,0.0008891624923976,0.000266030566913,0.0011487875647926,6.734438317789235e-05,0.0011173648520385,0.0001895405350553,0.0150274471130393,0.8431175683821821,0.0013895982626979,0.2534945609640684,v1.0.0,PASS
2026-02-13,14,2026-02-13 14:00:00,0.0014308287275463,0.0001851939176991,0.0014076914792278,7.138046591816212e-05,0.0011372298180531,0.0001895405350553,0.0179297404419281,0.7075904667078959,9.65835107823686e-05,0.2123209128216655,v1.0.0,PASS
2026-02-13,15,2026-02-13 15:00:00,0.001991624545326,0.0001927991195663,0.0034948906121268,0.0002648663746844,0.0016014438289617,0.000191831097932,0.0180699208703513,0.6568820877534889,9.65835107823686e-05,0.1971087321700513,v1.0.0,PASS
2026-02-13,16,2026-02-13 16:00:00,0.0205100672198652,0.0001102796477109,0.0172992507252461,0.0002002427175125,0.0016848954346153,0.0003535226273428,0.020135653151691,0.4965460588818082,9.65835107823686e-05,0.1490115488111379,v1.0.0,PASS
2026-02-13,17,2026-02-13 17:00:00,0.1570263571150897,0.3163140863319516,0.2898365812165097,0.0122546020802412,0.0112817763365498,0.0004528545975242,0.0119835590479361,0.0271944489116405,9.870831016703771e-05,0.0165838999570726,v1.0.0,PASS
2026-02-13,18,2026-02-13 18:00:00,0.0333637378615033,0.0358015595148762,0.051003113007911,0.0010400538317058,0.0288602160368084,0.0048294167297766,0.0200258375264096,0.0070710168609974,9.871146255961217e-05,0.0074358493866549,v1.0.0,PASS
2026-02-13,19,2026-02-13 19:00:00,0.02792919504295,0.0646138313283176,0.048940571749147,0.0028959526285637,0.0217490825377603,0.0035314740033187,0.0145904655654952,0.0200762595313899,9.870831016703771e-05,0.0136520774308943,v1.0.0,PASS
2026-02-13,20,2026-02-13 20:00:00,0.0123364238775721,0.0893958605758704,0.0754609160898074,0.0118163832572649,0.0148329813155719,0.0025741553487777,0.0071966538570882,0.027273468933021,9.093064675621836e-05,0.0228401365629775,v1.0.0,PASS
2026-02-13,21,2026-02-13 21:00:00,0.0203119767425724,0.1363965918829805,0.1179883541453045,0.015294977349018,0.0128179412001309,0.0019922130868125,0.0076502540354782,0.0373692947317909,9.093064675621836e-05,0.0277715352674029,v1.0.0,PASS
2026-02-13,22,2026-02-13 22:00:00,0.016769627342926,0.3770861928892253,0.2233605755115446,0.0729522498035937,0.0085001572058954,0.0012102283550394,0.0054776156217296,0.0750688539652242,9.093860136861393e-05,0.0393939109347714,v1.0.0,PASS
2026-02-13,23,2026-02-13 23:00:00,0.0166328918676796,0.3102867833956003,0.2019115555408376,0.0889098643182235,0.010768291604321,0.001253638294658,0.0059433446664553,0.0475811019481006,8.820659033889282e-05,0.0262612569673228,v1.0.0,PASS
2026-02-13,24,2026-02-14 00:00:00,0.0432358276075932,0.3297657673005285,0.2797033598744241,0.0780256593280272,0.0033104099102117,0.0003414155302875,0.0033336229667255,0.0957929912138687,8.820659033889282e-05,0.0448594866294003,v1.0.0,PASS
2026-02-14,1,2026-02-14 01:00:00,0.0487349849377456,0.1573903236681628,0.1300109634804874,0.0077829128900298,0.0033703022495608,0.0003216611285104,0.0131762602801285,0.1497296736315895,9.574601187507334e-05,0.0494878540317094,v1.0.0,PASS
2026-02-14,2,2026-02-14 02:00:00,0.0315406480976039,0.1425180270262933,0.1470299232408662,0.0046850983343099,0.0047348811882635,0.000307056056834,0.0089026380804239,0.2969041755704121,1.7689642623597664e-23,0.0890752144748548,v1.0.0,PASS
2026-02-14,3,2026-02-14 03:00:00,0.0271065553901691,0.2626403708593508,0.0640618716884081,0.0292911064852117,0.0011757220040938,0.0006084511774816,0.0087721482047603,0.2652137211971993,9.574603200558852e-05,0.0796069365494338,v1.0.0,PASS
2026-02-14,4,2026-02-14 04:00:00,0.0264115630780711,0.3566842374143226,0.1235330781175693,0.0290156906951338,0.0011353460296257,0.0005611740661974,0.0066952092292606,0.2618012414514921,9.57376531239845e-05,0.0785830404302071,v1.0.0,PASS
2026-02-14,5,2026-02-14 05:00:00,0.1124074287703447,0.1936740190640335,0.2007726386629509,0.0134234628272516,0.0011757220040938,0.0005396087651046,0.0066414245358926,0.258109681379487,9.574603200558852e-05,0.0774760598604149,v1.0.0,PASS
2026-02-14,6,2026-02-14 06:00:00,0.1286166595013798,0.1844522869558782,0.2528887354142176,0.0028897143471595,0.0010648694057301,0.0005863379490811,0.0056879326462299,0.2365446448058486,9.57376531239845e-05,0.0710080755534635,v1.0.0,PASS
2026-02-14,7,2026-02-14 07:00:00,0.1496611379012246,0.1640408439603587,0.1202059615033882,0.0110160673972244,0.0018719056028596,0.0001593430241796,0.0039328791293149,0.3036300667791535,9.147800360793035e-05,0.0911322024422188,v1.0.0,PASS
2026-02-14,8,2026-02-14 08:00:00,0.1883314533220172,0.0849935155382619,0.2209623414557331,0.0007917012873277,0.0011011865702109,0.0003041061441611,0.0050749278265702,0.1940259674233863,9.147800360793035e-05,0.0582488091424629,v1.0.0,PASS
2026-02-14,9,2026-02-14 09:00:00,0.0236735486822079,0.0002341045290665,0.1187484601259041,0.0099949135852669,0.0013316918543743,0.0001882894288377,0.0085194703273387,0.8043242489690609,9.147800360793035e-05,0.2413383974949705,v1.0.0,PASS
2026-02-14,10,2026-02-14 10:00:00,0.00335174755158,0.0002913930529137,0.0039317946867241,0.0001720170609171,0.0009255563452283,0.0001894837276234,0.0098323448934085,0.8750868410196156,9.147800360793035e-05,0.2625671273484217,v1.0.0,PASS
2026-02-14,11,2026-02-14 11:00:00,0.0026132396169381,0.0001714898605339,0.003763078086887,0.0001495725484286,0.0008127414177152,0.0001895511590588,0.011881522125474,0.8706362749058351,9.147800360793035e-05,0.2612331535134508,v1.0.0,PASS
2026-02-14,12,2026-02-14 12:00:00,0.0065209922978535,0.0001662134091726,0.0128911979251696,0.000249784472623,0.0008127414177152,0.0001895519612113,0.0141886478842523,0.8706362749058351,0.0001001744816899,0.2612353347973203,v1.0.0,PASS
2026-02-14,13,2026-02-14 13:00:00,0.0020126490859807,0.0002791191565612,0.0072017791610288,0.0002508208487125,0.0008127414177152,0.0001895405350553,0.0129949370936627,0.8758290896788773,9.147800360793035e-05,0.262791684428869,v1.0.0,PASS
2026-02-14,14,2026-02-14 14:00:00,0.0023765981362131,0.0002766482890587,0.0105100384179414,0.0003031477538361,0.0008271951494983,0.0001895405350553,0.0140647274328526,0.8626106466869747,6.36548644367682e-05,0.2588126670884638,v1.0.0,PASS
2026-02-14,15,2026-02-14 15:00:00,0.0033058980633734,0.0004236580178271,0.0190691826893547,2.0952672206147748e-05,0.0012856462564562,0.0001991721679346,0.0130031889255845,0.8324183933133,0.0001046554563784,0.2497713913131381,v1.0.0,PASS
2026-02-14,16,2026-02-14 16:00:00,0.0092835818281418,0.0002311285975618,0.0268551106552239,0.0010249630542695,0.0014713980801659,0.0002603712167135,0.031424479259883,0.719022568324975,0.0001046554563784,0.2157548585542417,v1.0.0,PASS
2026-02-14,17,2026-02-14 17:00:00,0.2465549164778781,0.1025663237160804,0.4018550748154139,0.0788985169544429,0.003478387821865,0.0009874012976544,0.0646890362951079,0.0630009416172739,9.870831016703771e-05,0.018943485648865,v1.0.0,PASS
2026-02-14,18,2026-02-14 18:00:00,0.0282912659915698,0.1300388758628403,0.1481449356698981,0.0072137180075148,0.0257731512120781,0.0015851461985131,0.0116821451066286,0.0042092258637238,9.870831016703771e-05,0.0057478142190358,v1.0.0,PASS
2026-02-14,19,2026-02-14 19:00:00,0.0284045225063795,0.1865144588123694,0.1359233147537447,0.035235851776666,0.0093703234272561,0.001033661233984,0.0056917863721568,0.0095739983001486,9.870831016703771e-05,0.0083083420876079,v1.0.0,PASS
2026-02-14,20,2026-02-14 20:00:00,0.0526791560654111,0.3520385202758351,0.1799113304162857,0.0795327154955952,0.0057030711658558,0.0010145583132096,0.0049612798034064,0.0113199422424273,9.870831016703771e-05,0.0144762962923396,v1.0.0,PASS
2026-02-14,21,2026-02-14 21:00:00,0.0218746997446143,0.3995509354305109,0.2040338789518901,0.1107693334552707,0.0054780800742287,0.0007527081923563,0.0037518117937455,0.0433644116019774,9.870831016703771e-05,0.031357318605781,v1.0.0,PASS
2026-02-14,22,2026-02-14 22:00:00,0.0459727385252837,0.4577316552634023,0.4292185078757585,0.0944965705597853,0.0040688756583912,0.0006051486482905,0.0046393510889641,0.0541773980240355,9.8711419131953e-05,0.0354637779302787,v1.0.0,PASS
2026-02-14,23,2026-02-14 23:00:00,0.0762333122289095,0.3981156372878479,0.3888356755523948,0.0796522255435467,0.0047115449535772,0.0002669629124191,0.0052962928695122,0.0887833493900855,0.0001040029740144,0.0441907527786868,v1.0.0,PASS
2026-02-14,24,2026-02-15 00:00:00,0.0422625235871866,0.2751574698660521,0.230006247220943,0.0541210659654644,0.0011864546697354,0.0003057494009521,0.002617775158083,0.1044581930023254,9.147800360793035e-05,0.0556760743482779,v1.0.0,PASS
2026-02-15,1,2026-02-15 01:00:00,0.0782698489667177,0.0002624107359425,0.0583233544360495,0.0041758642289892,0.0005931436830749,0.0001593452380116,0.0037840667837392,0.7384013814660696,9.147800360793035e-05,0.2215608714090194,v1.0.0,PASS
2026-02-15,2,2026-02-15 02:00:00,0.0985421818127591,0.0003794405263644,0.0390760775190278,0.0019486821661228,0.0005434817523546,0.0001593452380116,0.008140779064212,0.8372410312652149,9.147800360793035e-05,0.251213246720102,v1.0.0,PASS
2026-02-15,3,2026-02-15 03:00:00,0.0952473591665138,0.0002487284877064,0.0202136141969742,0.0021260566784287,0.0005557722297177,0.0001593452380116,0.0037941508297878,0.8112048257412422,9.147800360793035e-05,0.2434023004451391,v1.0.0,PASS
2026-02-15,4,2026-02-15 04:00:00,0.0344185523550533,0.0002760212145569,0.0119318050542769,0.0001195920841963,0.0005299160900462,0.0001593430241796,0.0050240819312198,0.7474523578059614,9.147800360793035e-05,0.2242772668535362,v1.0.0,PASS
2026-02-15,5,2026-02-15 05:00:00,0.0221288674460713,0.0002944688328261,0.0282114877926749,0.0017815883762196,0.0005328997584551,0.0002227101771459,0.005972284038196,0.7074547022734312,9.147800360793035e-05,0.2122779783678471,v1.0.0,PASS
2026-02-15,6,2026-02-15 06:00:00,0.0422812735869767,0.0003054711261708,0.039371521252208,0.0048948139337536,0.0005832489318604,0.0001596225759097,0.0102186271455822,0.7475235859355255,9.147800360793035e-05,0.2242993554063327,v1.0.0,PASS
2026-02-15,7,2026-02-15 07:00:00,0.0747193852863658,0.0001722633078739,0.0636137068070893,0.0134620904701302,0.0007623342430863,0.0001596225759097,0.0154845715548726,0.6935290715589295,9.57376531239845e-05,0.2081031775064677,v1.0.0,PASS
2026-02-15,8,2026-02-15 08:00:00,0.0599467728769309,0.000172891627361,0.0235051228929502,0.0094937915285789,0.0007067555207305,0.0002421261837998,0.0098181605529928,0.7238288598111351,9.574603200558852e-05,0.2171923981768659,v1.0.0,PASS
2026-02-15,9,2026-02-15 09:00:00,0.0028655003301893,0.0001368468559185,0.0037230946124922,1.6714402601210592e-05,0.0013657829635375,0.0002060036293683,0.0093435491218079,0.8226164098541583,9.574603200558852e-05,0.2468268639056154,v1.0.0,PASS
2026-02-15,10,2026-02-15 10:00:00,0.0012255621508587,0.000471061159672,0.0014272936867832,8.171709027373822e-05,0.0012720106902693,0.0002060036293683,0.0145318170909767,0.8700157929583591,9.574603200558852e-05,0.2610468874545284,v1.0.0,PASS
2026-02-15,11,2026-02-15 11:00:00,0.0033958752891696,0.0006992796715814,0.0017289849310921,2.9125979050286203e-05,0.0011170140816144,0.0001895511590588,0.0149682805254237,0.8654123371477035,9.573196540855408e-05,0.2596658450846929,v1.0.0,PASS
2026-02-15,12,2026-02-15 12:00:00,0.0035212562583239,0.0004305622012111,0.0186602824071011,0.0002578940063763,0.0011170140816144,0.0001895519612113,0.016782925922681,0.8654123371477035,0.001521423808723,0.2602355760805755,v1.0.0,PASS
2026-02-15,13,2026-02-15 13:00:00,0.0040591847034673,0.0005397793945921,0.0087230152878655,0.0002378909040772,0.0011170140816144,0.0001895405350553,0.0149682762758223,0.8707837249441153,0.0013895158143336,0.2617942031594585,v1.0.0,PASS
2026-02-15,14,2026-02-15 14:00:00,0.0024716467958777,0.0003803443870523,0.0087230152878655,0.0006169346982089,0.0011368728185876,0.0001895405350553,0.017889692670936,0.8045371597452288,9.659195985950268e-05,0.2414046697846743,v1.0.0,PASS
2026-02-15,15,2026-02-15 15:00:00,0.0193716126646941,0.000285793929572,0.0184378853778347,0.0014591373003331,0.0023801834869122,0.0002059920834232,0.0182692664907806,0.7650587394830388,9.659195985950268e-05,0.2295611460133077,v1.0.0,PASS
2026-02-15,16,2026-02-15 16:00:00,0.1616204012007197,0.0004065433074315,0.4084642470498919,0.0759975820114114,0.0027515537188285,0.0002692861032517,0.0212978344534177,0.6265327489858856,9.659195985950268e-05,0.1880071074948351,v1.0.0,PASS
2026-02-15,17,2026-02-15 17:00:00,0.4731858981489114,0.2197672859452542,0.512710579286496,0.2122170879061693,0.0161561667955965,0.0007654117879942,0.0821778715341331,0.122793439357269,9.093860136861393e-05,0.0368805727882816,v1.0.0,PASS
2026-02-15,18,2026-02-15 18:00:00,0.033211165397405,0.4049376455179789,0.15582781054301,0.084711190194288,0.0210255876767245,0.0027930015725019,0.0155303073216489,0.004061996185945,9.093860136861393e-05,0.009664569345265,v1.0.0,PASS
2026-02-15,19,2026-02-15 19:00:00,0.0300242364889193,0.2114428610714239,0.2187786187729575,0.0652735675374223,0.0283026878474626,0.0024398687773654,0.0155539875423643,0.003441790739777,9.093860136861393e-05,0.0062208858243428,v1.0.0,PASS
2026-02-15,20,2026-02-15 20:00:00,0.0362979499499854,0.1228364232142674,0.148625932729943,0.0497874502733647,0.0794976372634355,0.00578498012955,0.0297481362584604,0.0028693923258943,9.093860136861393e-05,0.0057003123530541,v1.0.0,PASS
2026-02-15,21,2026-02-15 21:00:00,0.0476407608326229,0.0932247046358614,0.1130630823377519,0.0331929760194602,0.0683295918273705,0.0047485203705966,0.0254915629633812,0.0008616921279545,9.093860136861393e-05,0.0033390308409314,v1.0.0,PASS
2026-02-15,22,2026-02-15 22:00:00,0.0411268758971424,0.107587483448104,0.0864639595316545,0.0237747856471549,0.0753097364950145,0.0061891161379783,0.0295192993312963,0.0010431282244553,9.093860136861393e-05,0.0030564047800924,v1.0.0,PASS
2026-02-15,23,2026-02-15 23:00:00,0.0548331010594738,0.1400805121545327,0.1551759289735384,0.048317042554387,0.1423942021851496,0.008890887345293,0.0685124051571792,0.0053621406318275,8.819887118715457e-05,0.0114384865931999,v1.0.0,PASS
2026-02-15,24,2026-02-16 00:00:00,0.0496103057648482,0.2267213107717448,0.2259667522996192,0.0665519302504699,0.0678900176663049,0.0099197753967046,0.0371240657681579,0.0027578396661265,9.147800360793035e-05,0.0090704559310607,v1.0.0,PASS
2026-02-16,1,2026-02-16 01:00:00,0.0668715645324339,0.4708030114900627,0.1848096136971795,0.1468789019601992,0.010107712509965,0.0038202734462064,0.006254775812536,0.1090868342627741,8.557168349397482e-05,0.060284395003087,v1.0.0,PASS
2026-02-16,2,2026-02-16 02:00:00,0.0964584533553769,0.3827361021251441,0.4832805622909353,0.1990196881375993,0.0044101584301312,0.0009042272641648,0.004873740256876,0.0649432436966943,8.557168349397482e-05,0.0539017308489427,v1.0.0,PASS
2026-02-16,3,2026-02-16 03:00:00,0.1201811696997826,0.1556320649065079,0.4045158257415953,0.0720262611339669,0.0013876725119531,0.0003106575076987,0.0033432514934951,0.1429975901661404,8.557168349397482e-05,0.0985336169029751,v1.0.0,PASS
2026-02-16,4,2026-02-16 04:00:00,0.1132683096307497,0.2601456628408511,0.4020131901658693,0.0631700901986929,0.0009541228422588,0.0003264874225529,0.0119453508457064,0.1866255697823835,8.557168349397482e-05,0.0560256600423768,v1.0.0,PASS
2026-02-16,5,2026-02-16 05:00:00,0.2058253629853768,0.1921963819073631,0.3913047647911908,0.0199211558479761,0.0009541228422588,0.00032136576854,0.0123024113345242,0.1177181512356722,9.147800360793035e-05,0.0353555214320755,v1.0.0,PASS
2026-02-16,6,2026-02-16 06:00:00,0.4920939035959669,0.1075343852911218,0.2900213990917566,0.0393215665444148,0.0010113458151686,0.00032136576854,0.0136356340917605,0.1283225617526175,9.147800360793035e-05,0.0385364571643667,v1.0.0,PASS
2026-02-16,7,2026-02-16 07:00:00,0.1751287908763814,0.1361699588301121,0.2109028476961219,0.0057871867614127,0.0036815735841962,0.0007327300280741,0.0032378162148868,0.0300969090285085,9.147800360793035e-05,0.0249009660491258,v1.0.0,PASS
2026-02-16,8,2026-02-16 08:00:00,0.0966138454155788,0.1009537737033466,0.1922119213104183,0.0183887305163232,0.0053457217991554,0.0016710695600846,0.0038253699849537,0.0159166273534678,9.147800360793035e-05,0.0217890132942821,v1.0.0,PASS
2026-02-16,9,2026-02-16 09:00:00,0.1015184837898016,0.3436121775831392,0.1633819681860371,0.0797427266888603,0.0040790129845225,0.0001894837276234,0.0363235100201583,0.4268537093997082,9.147800360793035e-05,0.1280956732194211,v1.0.0,PASS
2026-02-16,10,2026-02-16 10:00:00,0.0054465830947315,0.0001205170529233,0.0061562659641076,1.5240693535929322e-06,0.0010509605237929,0.000186510868819,0.0171147757329316,0.8777674514072585,9.147800360793035e-05,0.2633697577246063,v1.0.0,PASS
2026-02-16,11,2026-02-16 11:00:00,0.0016722834741068,0.0001404251985293,0.0006348448053996,9.173971188304996e-05,0.001018999420966,0.0001865772425027,0.0115368308303884,0.871456880050478,9.147800360793035e-05,0.2614776460868277,v1.0.0,PASS
2026-02-16,12,2026-02-16 12:00:00,0.0009033070372687,0.0001528688751011,0.0013949663164579,4.738590457732507e-05,0.001018999420966,0.0001895519612113,0.0116226203906665,0.871456880050478,0.0001001744816899,0.261479628418293,v1.0.0,PASS
2026-02-16,13,2026-02-16 13:00:00,0.0008409932995648,0.0001210807079374,0.0016337896282132,5.200944404018677e-05,0.001018999420966,0.0001895405350553,0.0115380161474094,0.8766214227153573,9.147800360793035e-05,0.26302730294934,v1.0.0,PASS
2026-02-16,14,2026-02-16 14:00:00,0.0008562049193878,0.0001238505945765,0.0014996855212757,4.87911987830344e-05,0.0010738497730626,0.0008914571933354,0.0140854224648564,0.8167443739444242,6.36548644367682e-05,0.2450514463393059,v1.0.0,PASS
2026-02-16,15,2026-02-16 15:00:00,0.0022874999487696,0.0001006119618781,0.0032088984427398,3.6502342523708016e-05,0.0015987757579306,0.0009367237870621,0.0149565571438074,0.8032691988409024,0.0001046587896905,0.2410280077586257,v1.0.0,PASS
2026-02-16,16,2026-02-16 16:00:00,0.1041606214531706,8.378246974532714e-05,0.1231200359147333,0.0210384954202652,0.0017497452827206,0.0023530643891373,0.0322224618596945,0.5409991664909579,0.0001046587896905,0.1623462085609744,v1.0.0,PASS
2026-02-16,17,2026-02-16 17:00:00,0.1544248141510526,0.0532548649770426,0.3758027587168188,0.1093291320662187,0.0394230494444918,0.0119176342970045,0.0340626080142627,0.0084258369398016,9.871145407924816e-05,0.0088948170877024,v1.0.0,PASS
2026-02-16,18,2026-02-16 18:00:00,0.2626497877122414,0.0014464765699866,0.1675688766743537,0.0893267554910957,0.4409152108708807,0.0194961304255981,0.1544792503025288,8.396782598155532e-05,9.871145407924816e-05,0.0033487343917022,v1.0.0,PASS
2026-02-16,19,2026-02-16 19:00:00,0.2100729196013669,0.010224720175407,0.0564775098648277,0.0439946333749164,0.5588218274379538,0.0152287029208858,0.1818890911345691,0.0001028916706499,9.871145407924816e-05,0.0057483055517933,v1.0.0,PASS
2026-02-16,20,2026-02-16 20:00:00,0.1530531247515821,0.0202743345723282,0.1032368455560708,0.0255637060702954,0.6439341558490923,0.0167853232254949,0.2109609286461696,0.0001058079402241,9.871145407924816e-05,0.0053884106383114,v1.0.0,PASS
2026-02-16,21,2026-02-16 21:00:00,0.1518531969986475,0.0265962391920998,0.0861155396038445,0.0077448992719263,0.5459204662755855,0.0167853232254949,0.1797882768688464,0.0001004680225342,9.871145407924816e-05,0.0059661536883584,v1.0.0,PASS
2026-02-16,22,2026-02-16 22:00:00,0.1447296152800112,0.0432520430210078,0.1924696599631321,0.0122784414202102,0.8220087408196683,0.030998324165206,0.2708677749617056,9.531892751602706e-05,6.0037476105252345e-05,0.0081415428370623,v1.0.0,PASS
2026-02-16,23,2026-02-16 23:00:00,0.0640145773842316,0.0643072784219655,0.0589363762703856,0.0012342446680384,0.749030487786691,0.0411050398977191,0.2617937086735889,0.0001137709514717,9.147800360793035e-05,0.0062367046756811,v1.0.0,PASS
2026-02-16,24,2026-02-17 00:00:00,0.0465108140040864,0.1327029736426863,0.0758187472090891,0.0098671693497591,0.6691149814942793,0.0385073454241693,0.2227557271329687,0.000106219859961,9.147800360793035e-05,0.0102481590852371,v1.0.0,PASS
2026-02-17,1,2026-02-17 01:00:00,0.0559439550114631,0.0186407960220894,0.0436745194895276,0.0023534142691308,0.5342454513456716,0.0400196237639205,0.179317377594072,0.0010840633009505,9.147800360793035e-05,0.0047293322712594,v1.0.0,PASS
2026-02-17,2,2026-02-17 02:00:00,0.0379492605168323,0.010585576418356,0.086930187756626,0.000577941256418,0.2330552989727801,0.0048931069533812,0.0730904091526702,8.45740408018416e-05,9.147800360793035e-05,0.0032280359009726,v1.0.0,PASS
2026-02-17,3,2026-02-17 03:00:00,0.0255465946035917,0.0047952278992094,0.1041868625655965,0.0075728419735258,0.0859313112372095,0.0015355588911359,0.0285827632088465,0.0005746247965991,9.147800360793035e-05,0.0057815960558361,v1.0.0,PASS
2026-02-17,4,2026-02-17 04:00:00,0.0593598980840767,0.0060014161471894,0.0410411418260342,0.0043422591050013,0.2240096827713005,0.0326785683767761,0.0820611020653948,0.0001278936302822,9.147800360793035e-05,0.0008668545697359,v1.0.0,PASS
2026-02-17,5,2026-02-17 05:00:00,0.0638551825856423,0.00552245472406,0.0466981077210804,0.0012751763667877,0.0539797483952419,0.0035385846141229,0.0204804124385236,0.0010448579647041,9.147800360793035e-05,0.0019576204702025,v1.0.0,PASS
2026-02-17,6,2026-02-17 06:00:00,0.0785517685849739,0.0069615297930134,0.0396915702050316,0.0166918970260629,0.0652543406478853,0.0039547295484471,0.02322928530124,0.0013809027955367,9.147800360793035e-05,0.0023132946376828,v1.0.0,PASS
2026-02-17,7,2026-02-17 07:00:00,0.0705328226091598,0.0122376348344788,0.0429620016974672,0.0089608016704494,0.0102230080361497,0.001666903417127,0.0051913293293015,0.0064563175990966,9.147800360793035e-05,0.0061660716038006,v1.0.0,PASS
2026-02-17,8,2026-02-17 08:00:00,0.0247732541833279,0.0528107045927509,0.0486692936128241,0.0005286281450049,0.0080857073193965,0.0015210604717472,0.0049158381377067,0.0125206292889047,9.147800360793035e-05,0.0174728887750966,v1.0.0,PASS
2026-02-17,9,2026-02-17 09:00:00,0.0260474477277831,0.0001068825511006,0.093934552492262,0.0034883401610345,0.0019132753802898,0.0001894837276234,0.0187461703012505,0.6723476987528665,9.147800360793035e-05,0.2017487518640967,v1.0.0,PASS
2026-02-17,10,2026-02-17 10:00:00,0.0026973526204096,0.0001448548599608,0.0028201839024397,0.0001697345312274,0.0011598631732502,0.0001894837276234,0.0152263863033517,0.872000122632233,9.147800360793035e-05,0.2616444572882842,v1.0.0,PASS
2026-02-17,11,2026-02-17 11:00:00,0.0059315384641098,0.0001459401515062,0.0013806301235533,0.0001906170078408,0.0010185179890822,0.0001895511590588,0.0129024182716046,0.8654374438639012,9.147800360793035e-05,0.2596784843565635,v1.0.0,PASS
2026-02-17,12,2026-02-17 12:00:00,0.0178904452747955,0.0001316537091018,0.0015274544508178,0.0004681563995238,0.0010185179890822,0.0001895519612113,0.0129969136516055,0.8832576271934597,0.0001001744816899,0.265023274996533,v1.0.0,PASS
2026-02-17,13,2026-02-17 13:00:00,0.0163419179484939,8.84599827598955e-05,0.0014161463911954,0.0003042906308492,0.0010185179890822,0.0001895405350553,0.0129024140220032,0.8880089750199224,9.147800360793035e-05,0.2664507291551373,v1.0.0,PASS
2026-02-17,14,2026-02-17 14:00:00,0.0073582623167377,0.0001039652335121,0.0014929655030804,7.462806065357617e-05,0.0010733424546714,0.0001895405350553,0.0161482848045485,0.8326031117124078,6.36548644367682e-05,0.249813533240851,v1.0.0,PASS
2026-02-17,15,2026-02-17 15:00:00,0.0145774731484935,0.0001091976395839,0.0030401734525191,0.0001601215735617,0.004255100459238,0.0001991721679346,0.0171066648590702,0.7973655671287182,0.0001046587896905,0.2392578926772058,v1.0.0,PASS
2026-02-17,16,2026-02-17 16:00:00,0.0158459840985291,7.537047246586155e-05,0.003481607752433,0.0021674455193425,0.0045297602973215,0.0003398214032724,0.016440016635116,0.6662050498471977,0.0001046587896905,0.1999062135279272,v1.0.0,PASS
2026-02-17,17,2026-02-17 17:00:00,0.2234018103590918,0.2168795726072009,0.2935731126555162,0.0305830525642667,0.0053163181525367,0.0004880473232664,0.0511509863821232,0.0560804019565913,9.870831016703771e-05,0.0172335091326736,v1.0.0,PASS
2026-02-17,18,2026-02-17 18:00:00,0.0372794018530698,0.0363189992931239,0.0501238551614023,0.0021602246196252,0.0430648973715192,0.0049044043128099,0.0257004624342254,0.0037614430959104,9.870831016703771e-05,0.0058633740244018,v1.0.0,PASS
2026-02-17,19,2026-02-17 19:00:00,0.032462167243589,0.1426381789939743,0.0682087276033926,0.004658106670203,0.0257438459789718,0.0030540277249724,0.0178055679775221,0.0175863125021517,9.870831016703771e-05,0.0134506699719889,v1.0.0,PASS
2026-02-17,20,2026-02-17 20:00:00,0.0481908944775376,0.3650148320048728,0.1270236025715111,0.0669956366995162,0.0293097636603785,0.0043922600852349,0.01798317653195,0.0349139838044393,9.870831016703771e-05,0.0383650861399528,v1.0.0,PASS
2026-02-17,21,2026-02-17 21:00:00,0.0459929891979938,0.4148840931163381,0.2050089438396923,0.14312292558837,0.0286317938392199,0.0027144747754353,0.0152944758357008,0.0464413835223149,9.870831016703771e-05,0.0364530922963418,v1.0.0,PASS
2026-02-17,22,2026-02-17 22:00:00,0.0330129901328059,0.4901406130255853,0.2877013906947164,0.2180140153975753,0.0190631479053618,0.0016255228223468,0.0112185114347959,0.0529601467555201,6.0037476105252345e-05,0.0391485709235788,v1.0.0,PASS
2026-02-17,23,2026-02-17 23:00:00,0.0336407242953963,0.5841233410100496,0.5704527757695756,0.2687331471054849,0.0054065661692753,0.0012263989569154,0.0039198510233638,0.0945158946390907,9.147800360793035e-05,0.0633701757838988,v1.0.0,PASS
2026-02-17,24,2026-02-18 00:00:00,0.0539578451023554,0.4680250658341675,0.5740804817116817,0.1446135977320508,0.0031528045910739,0.0003514416544943,0.0030833350198411,0.0924853060274758,9.147800360793035e-05,0.0543778283973663,v1.0.0,PASS
2026-02-18,1,2026-02-18 01:00:00,0.120642203020747,0.1102833637272173,0.0647766624282694,0.0052090861325506,0.0012132127258058,0.0001566688563472,0.0147646642326063,0.5343521614396493,9.147800360793035e-05,0.1603446115940092,v1.0.0,PASS
2026-02-18,2,2026-02-18 02:00:00,0.2068043085949316,0.0071733473741022,0.0371674839123962,0.0111092100109994,0.001092013119749,0.0001576626210062,0.0117248889912135,0.5514018638813688,9.147800360793035e-05,0.1654600599406701,v1.0.0,PASS
2026-02-18,3,2026-02-18 03:00:00,0.2291299746831764,0.1023539092418993,0.0613578920850044,0.0010992594152993,0.0011286763829746,0.0001566688563472,0.0147726557919656,0.3757739652620394,9.147800360793035e-05,0.1127712139131766,v1.0.0,PASS
2026-02-18,4,2026-02-18 04:00:00,0.1375907720831022,0.0740473483243521,0.1327349241605532,0.0130002562179915,0.0013006719731684,0.0001576604305477,0.0062714888830155,0.3323524855009439,9.147800360793035e-05,0.0997454497405819,v1.0.0,PASS
2026-02-18,5,2026-02-18 05:00:00,0.3586553758298693,0.0633661514752722,0.2480898403177854,0.0339644666265194,0.0025320060042488,0.0002213065014116,0.0098744380743339,0.2196829496691526,9.147800360793035e-05,0.0659457612797404,v1.0.0,PASS
2026-02-18,6,2026-02-18 06:00:00,0.4039648113537138,0.0711491363318284,0.5706309917178541,0.0245740351835907,0.0014632753234961,0.0003685007613119,0.0042983143683631,0.1257815519734153,9.147800360793035e-05,0.0605665707062373,v1.0.0,PASS
2026-02-18,7,2026-02-18 07:00:00,0.4038704402664591,0.0348476053490407,0.3035842125991805,0.0260495961146214,0.0040757608578073,0.0003345420587433,0.0055797978378412,0.0617210562480686,9.147800360793035e-05,0.0408953638024502,v1.0.0,PASS
2026-02-18,8,2026-02-18 08:00:00,0.2240220926154543,0.0455523952398845,0.4681899220555102,0.0147168893565045,0.0013418619590442,0.0003721237625294,0.0137754155815224,0.2235711149219115,9.147800360793035e-05,0.075546517361154,v1.0.0,PASS
2026-02-18,9,2026-02-18 09:00:00,0.0107862125632567,0.0001281547380358,0.0251901149575496,0.0011488894970591,0.0009979444963474,0.0001894837276234,0.0170702047565276,0.8365354067519637,9.147800360793035e-05,0.2510023018468779,v1.0.0,PASS
2026-02-18,10,2026-02-18 10:00:00,0.0024156494933197,0.0002257925406353,0.0029778997047696,0.0002407600330944,0.0009255563452283,0.0001894837276234,0.0200705411657082,0.8797303127677522,9.147800360793035e-05,0.263960708361189,v1.0.0,PASS
2026-02-18,11,2026-02-18 11:00:00,0.0122875977812188,0.0001138743107671,0.0035287730347088,0.0009489416102381,0.0008127414177152,0.0001895511590588,0.0148358169530816,0.875421637481802,9.147800360793035e-05,0.2626681057754039,v1.0.0,PASS
2026-02-18,12,2026-02-18 12:00:00,0.00799329144367,8.637825837769499e-05,0.0045963791675136,0.000445864691141,0.0008127414177152,0.0001895519612113,0.0148358172739426,0.875421637481802,0.0001001744816899,0.2626735092011399,v1.0.0,PASS
2026-02-18,13,2026-02-18 13:00:00,0.0085788388932211,0.0001140960104841,0.0039354791766721,0.0005648714245748,0.0008127414177152,0.0001895405350553,0.0148358127034802,0.880448738901232,9.147800360793035e-05,0.2641781062520045,v1.0.0,PASS
2026-02-18,14,2026-02-18 14:00:00,0.00492544641323,0.0001268886475744,0.0048002760640835,0.0002588233467307,0.0008271951494983,0.0002074385163967,0.016816064201214,0.8676477584586423,6.36548644367682e-05,0.2603266725894937,v1.0.0,PASS
2026-02-18,15,2026-02-18 15:00:00,0.0068327695488945,0.0001529447157506,0.0033845636150671,0.0005143046864421,0.0012856462564562,0.0001991721679346,0.0169502929939165,0.8383550150221093,0.0001046554563784,0.2515552497953104,v1.0.0,PASS
2026-02-18,16,2026-02-18 16:00:00,0.0024203038050301,0.0001299532167998,0.0044756417601966,0.0002562929138179,0.001486494813261,0.0002603712167135,0.0160512489803172,0.7030823289974647,0.0001046554563784,0.2109728721903979,v1.0.0,PASS
2026-02-18,17,2026-02-18 17:00:00,0.0722468360178901,0.3641117399736159,0.5743458060740875,0.0566140484256221,0.0054395196796559,0.0004738198062001,0.0129711541709066,0.0244277805744696,9.870831016703771e-05,0.0165955749106919,v1.0.0,PASS
2026-02-18,18,2026-02-18 18:00:00,0.0769444261359449,0.0082066683516421,0.0980923090048044,0.0104825264303564,0.0276064022659729,0.0039432398719678,0.0175739277922762,0.0022941794212333,9.870831016703771e-05,0.0063238477850808,v1.0.0,PASS
2026-02-18,19,2026-02-18 19:00:00,0.1022319412484515,0.0129988143173854,0.0517307765818755,0.0085877924196289,0.0434211395986354,0.0042488406452149,0.0228477866685103,0.0026741961954607,9.870831016703771e-05,0.0080048477141347,v1.0.0,PASS
2026-02-18,20,2026-02-18 20:00:00,0.0861931055744631,0.0255307459139351,0.068831654948255,0.0067519414524074,0.0682350710145649,0.0076991148656864,0.0261334333293915,0.0011810192050084,9.870831016703771e-05,0.0078149951983049,v1.0.0,PASS
2026-02-18,21,2026-02-18 21:00:00,0.0704644079782227,0.0277571780903113,0.1202049962712815,0.0107623784235382,0.0385773675447899,0.0056776962947809,0.0168816274590885,0.0033638244997688,9.870831016703771e-05,0.0213333718543856,v1.0.0,PASS
2026-02-18,22,2026-02-18 22:00:00,0.0579650494517096,0.061931568157814,0.2280291809284943,0.0277145742572978,0.0617626658304512,0.0062715045308537,0.0250315829848727,0.0012444926828994,6.0037476105252345e-05,0.0107114590688068,v1.0.0,PASS
2026-02-18,23,2026-02-18 23:00:00,0.0589796761355046,0.1226693725002157,0.3152912795308353,0.0558168958882415,0.0218624049230107,0.0080685260407075,0.0125753323454185,0.0484080121362218,8.819887118715457e-05,0.0317864681971767,v1.0.0,PASS
2026-02-18,24,2026-02-19 00:00:00,0.0977290005513864,0.2116552967794996,0.3933055317202873,0.000950239312593,0.0128305609527557,0.0014269813997464,0.0071694953339054,0.0608427335687082,2.3059198872230624e-27,0.0415406040937398,v1.0.0,PASS
2026-02-19,1,2026-02-19 01:00:00,0.1106360922870517,0.4605013102944454,0.371092444319367,0.0914284676670077,0.0012934264009471,0.0003607072898327,0.0031656938632381,0.0824373243039117,2.503036301363585e-27,0.044379195527974,v1.0.0,PASS
2026-02-19,2,2026-02-19 02:00:00,0.1865882846693058,0.3858120473616031,0.4378263191961234,0.0595522201576935,0.0010904497736062,0.000355495800062,0.0042936793796048,0.2128126915633937,9.574603200558852e-05,0.0977575725639504,v1.0.0,PASS
2026-02-19,3,2026-02-19 03:00:00,0.2145433336488311,0.2001162554583659,0.0746532240590806,0.003966523432933,0.00103848247099,0.000159624793625,0.0048978362082752,0.5109762393316682,9.574603200558852e-05,0.1533389219053887,v1.0.0,PASS
2026-02-19,4,2026-02-19 04:00:00,0.2193036073500579,0.2632390473222935,0.0465560078388819,0.0265070924412427,0.0011267154091767,0.0001596225759097,0.0066552065616928,0.5056877025522354,9.574603200558852e-05,0.1517488204265924,v1.0.0,PASS
2026-02-19,5,2026-02-19 05:00:00,0.3574413869346108,8.386964820352462e-05,0.0595137243527838,0.0427498871582195,0.0007270444702367,0.0001596225759097,0.0102001432756088,0.3683234985289795,9.574603200558852e-05,0.1105387260893761,v1.0.0,PASS
2026-02-19,6,2026-02-19 06:00:00,0.3451772956983181,0.0001279862937526,0.0878650739445607,0.0464226139998878,0.000917174442462,0.0001596225759097,0.0093006142632943,0.4528129486803025,9.574603200558852e-05,0.1358833565669186,v1.0.0,PASS
2026-02-19,7,2026-02-19 07:00:00,0.7399270663770533,5.343047856383865e-05,0.2051465720930733,0.2110992077857073,0.0024531218914792,0.0001586164594014,0.0187279483394066,0.4856572244919571,9.574603200558852e-05,0.1457366096950299,v1.0.0,PASS
2026-02-19,8,2026-02-19 08:00:00,0.5212653540826896,4.5216073490298105e-05,0.1895585231153567,0.1570387350196626,0.0011416203562646,0.0001586164594014,0.0510554570402261,0.5533872537767125,9.574603200558852e-05,0.1660560385037084,v1.0.0,PASS
2026-02-19,9,2026-02-19 09:00:00,0.0068137430713158,7.664218031101384e-05,0.0056126022108634,0.000110602683605,0.0010217719021558,0.0001918418503,0.0230308476622289,0.7755307661100036,9.574603200558852e-05,0.2326998166276934,v1.0.0,PASS
2026-02-19,10,2026-02-19 10:00:00,0.0015490824815836,0.0001682919922744,0.0015763214859574,2.6722712561122296e-05,0.0009476570160466,0.0001918418503,0.0158243126988704,0.8504981082177124,9.574603200558852e-05,0.2551914013488709,v1.0.0,PASS
2026-02-19,11,2026-02-19 11:00:00,0.0017405623016496,0.0001541171283537,0.0004645333531137,1.1315886661125923e-05,0.000918834620199,0.0001865772425027,0.0141169610634713,0.9215028181444124,9.5731939527635e-05,0.2764928086898897,v1.0.0,PASS
2026-02-19,12,2026-02-19 12:00:00,0.0017514730034692,0.0001512246006853,0.0007066408858842,3.657423296364856e-05,0.000918834620199,0.0001895519612113,0.0141181509509547,0.9215028181444124,7.976448671051135e-86,0.2764534943187353,v1.0.0,PASS
2026-02-19,13,2026-02-19 13:00:00,0.0039363605711598,0.0001512246006853,0.0006331450947581,5.319639527289574e-05,0.000918834620199,0.0001895405350553,0.0141181463804923,0.9248300798766276,0.0,0.277451651952689,v1.0.0,PASS
2026-02-19,14,2026-02-19 14:00:00,0.0029694460168968,0.0001607909693186,0.0009090286077196,0.0001505852618039,0.0009351733395786,0.0001895405350553,0.0167230550288881,0.874193264783445,8.277121936294999e-48,0.2622606228572122,v1.0.0,PASS
2026-02-19,15,2026-02-19 15:00:00,0.0012889987864683,0.000175616028273,0.0010404463786055,5.529672462950588e-05,0.0019111217279278,0.000191831097932,0.0178566535227318,0.7028730510013858,9.659195985950268e-05,0.2109021561299234,v1.0.0,PASS
2026-02-19,16,2026-02-19 16:00:00,0.0030262309230791,0.0001479900165126,0.002572185614144,0.0003625110045526,0.0029257763712955,0.0002503053069879,0.0188379290015498,0.5492820851956068,9.659195985950268e-05,0.1648258777329083,v1.0.0,PASS
2026-02-19,17,2026-02-19 17:00:00,0.0964008856226725,0.0001489504535069,0.1597991380399513,0.0370158135338862,0.0013320934517143,0.0002046103362123,0.0330755975022027,0.3317444766625685,9.659195985950268e-05,0.0995660876525879,v1.0.0,PASS
2026-02-19,18,2026-02-19 18:00:00,0.1074325415096966,0.0526602025313958,0.203240434528157,0.0156352834501177,0.067447108516947,0.0059419426312177,0.0541011876151366,0.0065612463564981,9.093860136861393e-05,0.0070018604715418,v1.0.0,PASS
2026-02-19,19,2026-02-19 19:00:00,0.0659758687293911,0.0420979270651537,0.1312972726924125,0.0030639421513453,0.1185368761511816,0.0060721449258853,0.0594325579015181,0.0161449839909259,9.093860136861393e-05,0.0150745123293926,v1.0.0,PASS
2026-02-19,20,2026-02-19 20:00:00,0.0485358567382531,0.1420129800677817,0.14037155356525,0.0171135141370358,0.0257849483468184,0.0039575650761078,0.0180667979757164,0.0152101141436574,9.093064675621836e-05,0.0191312679857775,v1.0.0,PASS
2026-02-19,21,2026-02-19 21:00:00,0.0793322508489189,0.2254319393276202,0.1911380331256656,0.0600609760743456,0.0372165013011604,0.0030184281261573,0.0224800514883214,0.0607147890274491,9.870831016703771e-05,0.0572265507149098,v1.0.0,PASS
2026-02-19,22,2026-02-19 22:00:00,0.0613852344788598,0.2588755934165874,0.2513138071660843,0.0854303261011067,0.018660435544353,0.0030143997092095,0.0179554390126022,0.0651243497928172,6.0037476105252345e-05,0.0499494099665154,v1.0.0,PASS
2026-02-19,23,2026-02-19 23:00:00,0.1191208745487082,0.2336948026520122,0.4771905649560811,0.1542078515168417,0.0061364070794495,0.0003596953949344,0.0141840450905663,0.1154547671152544,9.147800360793035e-05,0.0939751722548134,v1.0.0,PASS
2026-02-19,24,2026-02-20 00:00:00,0.2367897989034526,0.0930009624316128,0.3367725555077671,0.0271856374333213,0.0026741391493663,0.0003598074143759,0.0212106732343441,0.2110630424267544,9.147800360793035e-05,0.063357610497372,v1.0.0,PASS
2026-02-20,1,2026-02-20 01:00:00,0.3148559909844011,0.1415044708884073,0.2092726001473231,0.0336202565552266,0.0013395074801115,0.000301201127643,0.0544411458578242,0.2686742266160905,9.147800360793035e-05,0.0806419025059723,v1.0.0,PASS
2026-02-20,2,2026-02-20 02:00:00,0.5638784782764592,7.718283967666667e-05,0.0956495928669111,0.0220405112561651,0.001164459985608,0.0001566688563472,0.029564038706703,0.5900414273793853,9.147800360793035e-05,0.1770522499216285,v1.0.0,PASS
2026-02-20,3,2026-02-20 03:00:00,0.4759201745183916,8.166982054392674e-05,0.0726609322290706,0.0309717195258893,0.001115426903846,0.0001576626210062,0.0088012624429671,0.4068919407861913,9.147800360793035e-05,0.1221077562866646,v1.0.0,PASS
2026-02-20,4,2026-02-20 04:00:00,0.4308136560407574,7.686368142205508e-05,0.0690575964579012,0.0176010960846503,0.0007066378462854,0.0001576604305477,0.0049325453489103,0.3882337304563728,9.147800360793035e-05,0.1165101865422942,v1.0.0,PASS
2026-02-20,5,2026-02-20 05:00:00,0.6071416469347615,7.686368142205508e-05,0.0830720365108616,0.0467765673169406,0.0007305406945594,0.0001576604305477,0.0089694276877895,0.3004477292189593,9.147800360793035e-05,0.0901742108431758,v1.0.0,PASS
2026-02-20,6,2026-02-20 06:00:00,0.6368634505843771,0.0002541571657458,0.0931303972488391,0.1413292312146807,0.0004018507179679,0.0001576604305477,0.0135115629670602,0.5994789685879635,9.147800360793035e-05,0.1798833325430613,v1.0.0,PASS
2026-02-20,7,2026-02-20 07:00:00,0.7323756991618101,5.179256293314804e-05,0.1343000760643388,0.1946201946742398,0.0013523018708717,0.0001576604305477,0.0233154211172985,0.4164508174437611,9.147800360793035e-05,0.1249744916614605,v1.0.0,PASS
2026-02-20,8,2026-02-20 08:00:00,0.3756644141849528,9.768404466692156e-05,0.1197696269512265,0.0769624855421995,0.0007577418392444,0.0001576604305477,0.0234274913591667,0.5937980712925387,9.147800360793035e-05,0.1781788442987895,v1.0.0,PASS
2026-02-20,9,2026-02-20 09:00:00,0.0053342591103943,9.35763758427352e-05,0.0045638497279614,0.0001922158810372,0.0013544256314085,0.0001882894288377,0.0174329598923401,0.8094582375957783,9.147800360793035e-05,0.2428768941897613,v1.0.0,PASS
2026-02-20,10,2026-02-20 10:00:00,0.0039620856004691,0.000164833890093,0.0024067567051196,0.0001513528386752,0.0012434509258845,0.0001882894288377,0.0185426069387382,0.8641297845242591,9.147800360793035e-05,0.2592783219352915,v1.0.0,PASS
2026-02-20,11,2026-02-20 11:00:00,0.0028180028052809,0.0002175910744397,0.0010922424170801,6.414599847180238e-05,0.001091930566988,0.0001883564353389,0.0161757994113134,0.8536589693792069,9.147800360793035e-05,0.2561380880891167,v1.0.0,PASS
2026-02-20,12,2026-02-20 12:00:00,0.0054463172099346,0.0002128847248888,0.0014663146201894,3.0580501658304526e-05,0.001091930566988,0.0002074510212808,0.0163011170488459,0.8536589693792069,0.0001001744816899,0.2561401397039973,v1.0.0,PASS
2026-02-20,13,2026-02-20 13:00:00,0.0037991221174318,0.0001898034405135,0.0012977154345135,8.847240115827251e-06,0.001091930566988,0.0002074385163967,0.0161834322437365,0.8731847425083273,9.147800360793035e-05,0.261996100474565,v1.0.0,PASS
2026-02-20,14,2026-02-20 14:00:00,0.0020732468112069,0.0002901200590739,0.0013783253283323,2.707833425994053e-05,0.0011507021099194,0.0002074385163967,0.0202114822571055,0.7761168282126615,6.36548644367682e-05,0.2328630588831788,v1.0.0,PASS
2026-02-20,15,2026-02-20 15:00:00,0.0019070191341904,0.00032574996091,0.0013995719726945,2.772288575806253e-05,0.0059718614677222,0.0002179794492398,0.0216620464375836,0.7328046102359673,0.0001046554563784,0.2198855156751565,v1.0.0,PASS
2026-02-20,16,2026-02-20 16:00:00,0.007904114935862,0.0001307366562554,0.0042041622706548,0.000608602050549,0.0077708553077077,0.0015973770656091,0.0234977504674441,0.6169799236858341,0.0001046554563784,0.1851381287477536,v1.0.0,PASS
2026-02-20,17,2026-02-20 17:00:00,0.0666631900101761,3.0374416664485867e-05,0.1331804090601384,0.0371712683689763,0.0017422618053819,0.0009188304127936,0.0637622580828184,0.4580924366532513,0.0001046587896905,0.1374719077155991,v1.0.0,PASS
2026-02-20,18,2026-02-20 18:00:00,0.5374636947183915,0.0412638192284963,0.2721389679428683,0.257623169601602,0.1027223714042048,0.0022207829134615,0.0495910927679216,0.0396414595658485,9.871145407924816e-05,0.0156164787687096,v1.0.0,PASS
2026-02-20,19,2026-02-20 19:00:00,0.1669341262234053,0.1038845064797475,0.3623459714136388,0.001975983538801,0.0185009154304148,0.0007575879463593,0.0163796787731954,0.0589175903016437,9.871145407924816e-05,0.0273664672966817,v1.0.0,PASS
2026-02-20,20,2026-02-20 20:00:00,0.1936377394510809,0.1840502407467241,0.5121316069370189,0.0323400414602116,0.0054908643027959,0.0104345398757639,0.0207199122258425,0.1013721550642502,9.871145407924816e-05,0.0429407869632949,v1.0.0,PASS
2026-02-20,21,2026-02-20 21:00:00,0.240513470643726,0.1476904724302814,0.488792599435205,0.0193759795194899,0.0043396848286794,0.000461302695627,0.0192802809772053,0.2109459053554441,9.871145407924816e-05,0.0633280402683991,v1.0.0,PASS
2026-02-20,22,2026-02-20 22:00:00,0.2201116481020679,0.016364884161695,0.2070501674762797,0.0056838495077481,0.0043396848286794,0.0001757321644026,0.0282372305872615,0.6454580853911727,6.36548644367682e-05,0.1936686276355913,v1.0.0,PASS
2026-02-20,23,2026-02-20 23:00:00,0.299738909972212,0.0001203841733319,0.242050208610204,0.0103380504942753,0.0012063447615303,0.0001579104671673,0.0261927290925896,0.591232333536265,9.147800360793035e-05,0.1774109753020299,v1.0.0,PASS
2026-02-20,24,2026-02-21 00:00:00,0.2446490987067778,0.0002028142279898,0.1574476149374097,0.0103753206307304,0.0016795186136837,0.0001579199868551,0.0070880330681292,0.7302105561506805,9.147800360793035e-05,0.2191043566502764,v1.0.0,PASS
2026-02-21,1,2026-02-21 01:00:00,0.1841184127123402,0.000454762623574,0.0936346645775059,0.0272274076673704,0.0005376592805982,0.0001566688563472,0.0076066779866119,0.8339379974786181,9.147800360793035e-05,0.250222634949504,v1.0.0,PASS
2026-02-21,2,2026-02-21 02:00:00,0.1308312998842904,0.0001813789416694,0.0516042213936127,0.0022361523560685,0.0004697917345646,0.0001576626210062,0.007958231891318,0.826351550484405,9.147800360793035e-05,0.2479481503187792,v1.0.0,PASS
2026-02-21,3,2026-02-21 03:00:00,0.0890562796336304,0.0002339387851346,0.0745193491368998,0.0014592424727332,0.0006107199757396,0.0001566688563472,0.0443005872580146,0.8120202166545164,9.147800360793035e-05,0.2436489805938959,v1.0.0,PASS
2026-02-21,4,2026-02-21 04:00:00,0.0650853476146185,0.0002977680726478,0.0215371540188474,0.00976154704726,0.0004875941010445,0.0001571695862727,0.0040832585373368,0.7154164923484172,9.147800360793035e-05,0.2146680735386343,v1.0.0,PASS
2026-02-21,5,2026-02-21 05:00:00,0.0966004106512569,0.0002279239839108,0.0268231325454752,0.0088918854657349,0.0004875941010445,0.0001571695862727,0.0075195409590164,0.6894239321996869,9.147800360793035e-05,0.2068693401286233,v1.0.0,PASS
2026-02-21,6,2026-02-21 06:00:00,0.2757412763338522,0.000182190561923,0.1041431707494139,0.0361692558359519,0.0005364463931606,0.0001561789287798,0.0433062286648692,0.6344045187381286,9.147800360793035e-05,0.1903630121491626,v1.0.0,PASS
2026-02-21,7,2026-02-21 07:00:00,0.2563688472925617,0.0001972247695886,0.1183129288455366,0.0550428777048056,0.0009271799174665,0.0001987149408344,0.0309408020703218,0.5599872925067363,0.0001048478342929,0.1680559270791078,v1.0.0,PASS
2026-02-21,8,2026-02-21 08:00:00,0.1305237273100589,0.0002616436123429,0.1810021959887036,0.0207877313180766,0.0006352956071266,0.0001564117723994,0.0224585119844441,0.5690531402615873,0.0001048478342929,0.1707784410311268,v1.0.0,PASS
2026-02-21,9,2026-02-21 09:00:00,0.0056149224189773,0.0002335871155048,0.0035842841208469,9.737002623747889e-06,0.0007736952562158,0.0001863629578473,0.0139145947034453,0.8264127632838443,0.0001048478342929,0.2479918129050023,v1.0.0,PASS
2026-02-21,10,2026-02-21 10:00:00,0.0023932624761339,0.0002052572229502,0.0020989558072131,8.174662178830072e-05,0.0007774457676951,0.0001881401076584,0.0132441569587763,0.8793251543770298,0.0001048478342929,0.2638654581189699,v1.0.0,PASS
2026-02-21,11,2026-02-21 11:00:00,0.0015620640575269,0.0003663524890324,0.0005144878745196,3.4911988373809695e-05,0.0007537963345761,0.0001883564353389,0.0082636935746526,0.8730833754506938,0.0001048478342929,0.2619948684984506,v1.0.0,PASS
2026-02-21,12,2026-02-21 12:00:00,0.0018086014521852,0.0003126872760999,0.0003559316046618,0.0001470965008751,0.0007537963345761,0.0002074510212808,0.0083323816418315,0.8730833754506938,0.0001048478342929,0.261981750951671,v1.0.0,PASS
2026-02-21,13,2026-02-21 13:00:00,0.0013562563582142,0.0003231303366718,0.0003291419872306,0.0001395542405479,0.0007537963345761,0.0002074385163967,0.0082713264070758,0.8845115168482512,0.0001048478342929,0.2654193410711776,v1.0.0,PASS
2026-02-21,14,2026-02-21 14:00:00,0.0007653611476212,0.0003387448763375,0.0003291419872306,8.833813237669348e-05,0.0007943827772885,0.0002074385163967,0.0091950733626226,0.8012727071751575,4.6178087132087e-22,0.2404055702006494,v1.0.0,PASS
2026-02-21,15,2026-02-21 15:00:00,0.0013355945298911,0.0003520215008726,0.0011011120570578,6.493690957431816e-05,0.0011828597166609,0.0002072002774561,0.0097795662474652,0.7700271306515958,4.617811424215222e-22,0.2310289418494406,v1.0.0,PASS
2026-02-21,16,2026-02-21 16:00:00,0.0074248698129007,0.000202675932446,0.0022003420798018,0.0004332691803194,0.0012946059623421,0.0003528545934221,0.0093702941976307,0.6935411853535127,4.617811424215222e-22,0.208077777654008,v1.0.0,PASS
2026-02-21,17,2026-02-21 17:00:00,0.0195785531785477,0.0004366102821943,0.0780091370513641,0.010262454940824,0.0009515435991766,0.0001922011946489,0.0447059390684009,0.5006569757557944,4.617811424215222e-22,0.150207197931445,v1.0.0,PASS
2026-02-21,18,2026-02-21 18:00:00,0.2721285116676658,0.0714860216784054,0.1737668317239876,0.0698928302206988,0.0036262956375875,0.0013879184515067,0.0493577255400514,0.0654637346199743,9.87114523005161e-05,0.0211166366232629,v1.0.0,PASS
2026-02-21,19,2026-02-21 19:00:00,0.042172892629021,0.3591476411770158,0.5836027309129539,0.1407137806216951,0.0084014159667333,0.0006856175572312,0.0098718464941205,0.0486231650396926,9.871145407924816e-05,0.0224611945880359,v1.0.0,PASS
2026-02-21,20,2026-02-21 20:00:00,0.1145627343705208,0.6632357922211273,0.6315364408494374,0.1497936133883196,0.002400803819942,0.0010602940119714,0.0069150843752065,0.1095963449500208,9.871145407924816e-05,0.0426410869256418,v1.0.0,PASS
2026-02-21,21,2026-02-21 21:00:00,0.07160837414268,0.9266091760125456,0.8212025544943884,0.5145478102003422,0.0033726263157097,0.000807029343088,0.0081220958441197,0.1142104187648769,9.871145407924816e-05,0.0574184494947167,v1.0.0,PASS
2026-02-21,22,2026-02-21 22:00:00,0.1036329238100893,0.9534805061071596,0.731548207712831,0.230270497229893,0.0125221470714434,0.0004387304625791,0.0213832216736074,0.1754691754840222,6.0037476105252345e-05,0.0937094965061088,v1.0.0,PASS
2026-02-21,23,2026-02-21 23:00:00,0.1786611289978388,0.4419879160732447,0.1203932450593597,0.1276485305471555,0.001815916793538,0.0001551972073459,0.012873371321956,0.5662970434719893,8.557168349397482e-05,0.1699302413302922,v1.0.0,PASS
2026-02-21,24,2026-02-22 00:00:00,0.1201386207315955,0.0016546851746613,0.1255402665934708,0.0225435838323885,0.0046074345621598,0.0001552065634893,0.0081930358318602,0.6447059906165582,9.147800360793035e-05,0.1934517368500417,v1.0.0,PASS
2026-02-22,1,2026-02-22 01:00:00,0.0630502185292117,0.0015611278939791,0.0368888986190364,0.0041766530900044,0.0005249332122458,0.0001576626210062,0.0047971915554895,0.9101093471085822,9.147800360793035e-05,0.2730729737940193,v1.0.0,PASS
2026-02-22,2,2026-02-22 02:00:00,0.0208586706903601,0.0004616773942226,0.0275008150752436,0.0024329803921751,0.0005165742568494,0.0001576626210062,0.0052830828346849,0.879796801600134,9.147800360793035e-05,0.2639795458803228,v1.0.0,PASS
2026-02-22,3,2026-02-22 03:00:00,0.0398554635110321,0.0002970770911119,0.0146936179755081,8.795452296565775e-06,0.0004901246255882,0.0001576626210062,0.0183548632685962,0.8133222549923473,9.147800360793035e-05,0.2440368385943976,v1.0.0,PASS
2026-02-22,4,2026-02-22 04:00:00,0.0130975824805436,0.0002343789582725,0.0209386781061083,0.0016004517524813,0.000508487450507,0.0001576604305477,0.0121352960112996,0.7438323258786129,9.147800360793035e-05,0.2231897535706689,v1.0.0,PASS
2026-02-22,5,2026-02-22 05:00:00,0.0164710934086676,0.0001738434466324,0.0271884861745332,0.000175171839456,0.0005033182822942,0.0001576604305477,0.0092285454934535,0.7154087243192961,9.147800360793035e-05,0.2146623163035277,v1.0.0,PASS
2026-02-22,6,2026-02-22 06:00:00,0.0762329299644145,0.0004766354183634,0.0498761835785677,0.0089911694029271,0.0004882688542466,0.0001576604305477,0.0177941216957877,0.69499970084018,9.147800360793035e-05,0.208539974951552,v1.0.0,PASS
2026-02-22,7,2026-02-22 07:00:00,0.0788915697956311,0.0003393488497771,0.0212133503447633,0.0130156144139952,0.0029256150517968,0.0001576604305477,0.0156882135468778,0.6368760463617018,9.147800360793035e-05,0.1911024024970548,v1.0.0,PASS
2026-02-22,8,2026-02-22 08:00:00,0.0569077699942163,0.0002601115255231,0.0627848229241465,0.0017597221908078,0.0006914532747678,0.0002227101771459,0.04904204619742,0.6612917471618915,9.147800360793035e-05,0.1984265401918793,v1.0.0,PASS
2026-02-22,9,2026-02-22 09:00:00,0.0026092219035601,0.0002980001980163,0.0029323903896651,2.71721136111006e-06,0.0012360027054517,0.0001882894288377,0.0192259419118186,0.8049662772228607,9.147800360793035e-05,0.24152889921017,v1.0.0,PASS
2026-02-22,10,2026-02-22 10:00:00,0.0019769496931068,0.0007206572734331,0.0036050616384742,0.0003262301001857,0.0011347199434156,0.0001882894288377,0.0339844744993104,0.8504998774242346,9.147800360793035e-05,0.2551899865391904,v1.0.0,PASS
2026-02-22,11,2026-02-22 11:00:00,0.0022673752421388,0.0006311668197515,0.0017350136146071,8.98451936407563e-05,0.0009964357488659,0.0001883564353389,0.0218724434292604,0.8500159520495606,9.147800360793035e-05,0.2550455399903744,v1.0.0,PASS
2026-02-22,12,2026-02-22 12:00:00,0.0029731191835604,0.0005397888852057,0.0031641362927973,0.0001581348822337,0.0009964357488659,0.0002074510212808,0.0218800812636372,0.8500159520495606,0.0001001744816899,0.2550479324721605,v1.0.0,PASS
2026-02-22,13,2026-02-22 13:00:00,0.0010908518256539,0.0004059116955947,0.0021066924879275,9.816024993285587e-05,0.0009964357488659,0.0002074385163967,0.0218800762616835,0.8558994931689177,9.147800360793035e-05,0.2568113490841722,v1.0.0,PASS
2026-02-22,14,2026-02-22 14:00:00,0.0012285686837706,0.0003116928769601,0.0035688347135279,0.0002062748474308,0.0010500728280091,0.0002074385163967,0.0216582700069191,0.7493981221015016,6.36548644367682e-05,0.2248479605564091,v1.0.0,PASS
2026-02-22,15,2026-02-22 15:00:00,0.0022451184178921,0.001002332677089,0.0022365394838732,8.35734591002947e-05,0.0079517827253076,0.0002179794492398,0.0237329993492458,0.7028956584356932,0.0001046554563784,0.2109124252827111,v1.0.0,PASS
2026-02-22,16,2026-02-22 16:00:00,0.0067423736061811,0.0007552447005224,0.0118298361381436,9.416570317100224e-05,0.0108658910229022,0.0002849557092228,0.0254294595758329,0.548018106866169,0.0001046554563784,0.1644491754547984,v1.0.0,PASS
2026-02-22,17,2026-02-22 17:00:00,0.1656212584018575,0.4586366173627907,0.6444145095642353,0.0681182115664953,0.004970092047051,0.0005615355213533,0.0161428841336156,0.0311885735771639,9.870831016703771e-05,0.0161377178413275,v1.0.0,PASS
2026-02-22,18,2026-02-22 18:00:00,0.1015338810195159,0.0599726714433793,0.1333833847627719,0.007266049162671,0.2661276125247763,0.0296509387616562,0.1095802612965804,0.0001015817435987,9.870831016703771e-05,0.0034434525567073,v1.0.0,PASS
2026-02-22,19,2026-02-22 19:00:00,0.1372653583627717,0.0678300017375206,0.2296649160478302,0.0011591954589433,0.2374721286067979,0.0814597002588219,0.1289617609566643,0.0001188680931877,9.870831016703771e-05,0.0026309292465962,v1.0.0,PASS
2026-02-22,20,2026-02-22 20:00:00,0.0929453468890219,0.0668058531106834,0.2319877410870932,0.0085631778242101,0.3801930860996862,0.0185015132611752,0.1328070272383186,0.0001131481865406,9.870831016703771e-05,0.0040249363587544,v1.0.0,PASS
2026-02-22,21,2026-02-22 21:00:00,0.0621984049749575,0.1292720757728128,0.4138896984193561,0.0260989074038564,0.2352910121571218,0.0118510855999822,0.1160042170081796,0.0001074378609262,9.870831016703771e-05,0.0048315962437973,v1.0.0,PASS
2026-02-22,22,2026-02-22 22:00:00,0.0842476042724843,0.2854004587570687,0.1042866087448102,0.0054685212766877,0.4969606254241863,0.0537357900740402,0.2451683027366073,0.000105070940502,6.0037476105252345e-05,0.0012460121990725,v1.0.0,PASS
2026-02-22,23,2026-02-22 23:00:00,0.0681645638166964,0.1091864159546235,0.1814333002889587,0.0160355673581728,0.0856903999988006,0.0032329451180935,0.0325665821687029,0.000262899186407,9.147800360793035e-05,0.0057784170847395,v1.0.0,PASS
2026-02-22,24,2026-02-23 00:00:00,0.051412628400167,0.2890700896610519,0.1531842265967936,0.0422849781570426,0.0278508429191118,0.0012938504087818,0.0101056979605065,0.001400490733873,9.147800360793035e-05,0.0090134376482878,v1.0.0,PASS
2026-02-23,1,2026-02-23 01:00:00,0.0352648512046857,0.3973238821951117,0.258436163960982,0.0883299534165751,0.0019833348340795,0.0004397065088523,0.0016751041887006,0.0548863248013986,9.147800360793035e-05,0.0669025918577927,v1.0.0,PASS
2026-02-23,2,2026-02-23 02:00:00,0.0307712928416997,0.4773223688724359,0.2770072433681752,0.1268756371735293,0.0014703454572487,0.0004244997399686,0.0010388087587499,0.1410199210146374,9.147800360793035e-05,0.1017440930224499,v1.0.0,PASS
2026-02-23,3,2026-02-23 03:00:00,0.0385327156374202,0.4415612510086716,0.2675280995579951,0.1201778775218634,0.0015249801262091,0.0002947923974744,0.0010315184479114,0.1328064810757527,9.147800360793035e-05,0.0992452287907861,v1.0.0,PASS
2026-02-23,4,2026-02-23 04:00:00,0.0503538219260478,0.4011272739308398,0.3267883431382146,0.0974478490568866,0.0010642590911741,0.0002947883023885,0.0009842352649903,0.1274992933935893,9.147800360793035e-05,0.139325996269466,v1.0.0,PASS
2026-02-23,5,2026-02-23 05:00:00,0.0797063956094631,0.3111336214524505,0.3288457789477576,0.0432639068938744,0.0007522656771974,0.0002784324651901,0.0011182314083108,0.1503434226930593,9.147800360793035e-05,0.0712688086360033,v1.0.0,PASS
2026-02-23,6,2026-02-23 06:00:00,0.1765474017970628,0.2285747254087337,0.3677613508167873,0.0325724534543226,0.0008795754986975,0.0003577096475747,0.0013983951837279,0.1527651793170524,9.147800360793035e-05,0.0658525166973508,v1.0.0,PASS
2026-02-23,7,2026-02-23 07:00:00,0.1082313763152348,0.3447727772607526,0.5491934607246858,0.1176857873439063,0.0021388759670746,0.0003708251923777,0.0014593337287295,0.1187156378371714,9.147800360793035e-05,0.0758377582856901,v1.0.0,PASS
2026-02-23,8,2026-02-23 08:00:00,0.0183256411198203,0.2637430195308102,0.3798723388318439,0.067329555945117,0.0021195476043032,0.0004835329699842,0.0014438822761384,0.0749627616579651,9.147800360793035e-05,0.0587456503315104,v1.0.0,PASS
2026-02-23,9,2026-02-23 09:00:00,0.0339071114143727,0.3563463284482068,0.6057138687139273,0.245694687669675,0.0090800457507648,0.0022707804792513,0.0047870447041854,0.0911672405981797,9.147800360793035e-05,0.059549248667204,v1.0.0,PASS
2026-02-23,10,2026-02-23 10:00:00,0.0471104034671753,0.5732725692217109,0.6963881776189499,0.374032565354559,0.0036201800266247,0.0004671666512284,0.0027810047308775,0.5880817072427694,9.147800360793035e-05,0.3647352942471057,v1.0.0,PASS
2026-02-23,11,2026-02-23 11:00:00,0.1186222464510317,0.6811461270918048,0.5285334329724727,0.3563892595051021,0.0020666478472479,0.0005118461571259,0.0057630152486779,0.5322392839874832,9.147800360793035e-05,0.3837389310073826,v1.0.0,PASS
2026-02-23,12,2026-02-23 12:00:00,0.0957272176254552,0.6537717503910515,0.6691237937351209,0.3172817071586087,0.0020666478472479,0.0005614862506622,0.0067787554394945,0.5498585089077149,0.0001001744816899,0.4009382418165615,v1.0.0,PASS
2026-02-23,13,2026-02-23 13:00:00,0.0816988781449645,0.4765736275219557,0.5503816470069479,0.3176431150057481,0.0041285613899154,0.0005612689752026,0.0064013584387089,0.6647174037525335,9.147800360793035e-05,0.4517742736957025,v1.0.0,PASS
2026-02-23,14,2026-02-23 14:00:00,0.1163341829591713,0.5765111161015481,0.5606639310494828,0.3317355642282599,0.007914762402528,0.0005612689752026,0.0073354233374,0.5977082805187445,6.0037476105252345e-05,0.3838760650014928,v1.0.0,PASS
2026-02-23,15,2026-02-23 15:00:00,0.0381918340130868,0.354428233674171,0.4085019941152714,0.1614500444717171,0.0142047964272395,0.0044427462431695,0.010398757866619,0.3200816959719882,9.870831016703771e-05,0.2011609007009779,v1.0.0,PASS
2026-02-23,16,2026-02-23 16:00:00,0.0531005090132974,0.3980035684349708,0.3327439824097676,0.0887099693078107,0.0249074658474902,0.0041592409324624,0.0131720430924712,0.0206883579453104,9.870831016703771e-05,0.0223258806612608,v1.0.0,PASS
2026-02-23,17,2026-02-23 17:00:00,0.1272259974781687,0.3284227387226737,0.2658635078671781,0.0644448792705754,0.0124867511320655,0.004206465129058,0.0099230337038726,0.0078560156817558,9.870831016703771e-05,0.0161960514213164,v1.0.0,PASS
2026-02-23,18,2026-02-23 18:00:00,0.1119611657575768,0.0468041448958448,0.1432415909467504,0.0097737320745809,0.0767925694705364,0.0118413520093426,0.0345714521382632,0.0012395583803956,9.870831016703771e-05,0.0060107743554554,v1.0.0,PASS
2026-02-23,19,2026-02-23 19:00:00,0.0878161039583996,0.2345549477780033,0.2052088386451762,0.0339505631819519,0.076718704498215,0.0074909907946075,0.0311687181458253,0.0026836791577875,9.870831016703771e-05,0.0119399341298772,v1.0.0,PASS
2026-02-23,20,2026-02-23 20:00:00,0.0352086078977396,0.2192155902667563,0.1564327981528211,0.0393123633945231,0.0132255545269016,0.0035465993264928,0.0076147315410336,0.0307281015389515,9.870831016703771e-05,0.0323745550017537,v1.0.0,PASS
2026-02-23,21,2026-02-23 21:00:00,0.0420487940131298,0.2519451325687385,0.2019600665255088,0.0487696219807267,0.0371772658110122,0.005390994012919,0.0192546226670264,0.0033443204001214,9.870831016703771e-05,0.0276391148387258,v1.0.0,PASS
2026-02-23,22,2026-02-23 22:00:00,0.0416374078794838,0.2609301303878485,0.1456737026989674,0.0587821885946309,0.1124647678023189,0.0019379271622415,0.0365425866246675,0.0087015937078281,6.0037476105252345e-05,0.009719277967116,v1.0.0,PASS
2026-02-23,23,2026-02-23 23:00:00,0.0227986881304572,0.1658873670055831,0.1165460026080713,0.0246086298631224,0.0291452901786443,0.0016540218691985,0.0115097478955266,0.0059495354323926,9.147800360793035e-05,0.0065674601217865,v1.0.0,PASS
2026-02-23,24,2026-02-24 00:00:00,0.0423762539405336,0.1745101019647945,0.1243243108151169,0.0170018570068547,0.0104865171552434,0.0009831595289655,0.0065179566675223,0.0084703998104773,9.147800360793035e-05,0.006418311662507,v1.0.0,PASS
2026-02-24,1,2026-02-24 01:00:00,0.0245234664781968,0.2350642530215569,0.1122310951972459,0.0207200052077194,0.0087462266547347,0.0028716441126208,0.0055637294922351,0.0189613447207805,9.147800360793035e-05,0.0173216476232672,v1.0.0,PASS
2026-02-24,2,2026-02-24 02:00:00,0.0212737051781672,0.291172819000462,0.1087334396469391,0.017486063075744,0.0075211198382917,0.0008631924448969,0.0037598976355145,0.0252229257243488,9.147800360793035e-05,0.0306080183288963,v1.0.0,PASS
2026-02-24,3,2026-02-24 03:00:00,0.045065762531668,0.1972501826584519,0.0920959592662065,0.0176174451747568,0.0083041420939677,0.0014134145351641,0.004123788353739,0.0148372075257794,9.147800360793035e-05,0.0200055854436865,v1.0.0,PASS
2026-02-24,4,2026-02-24 04:00:00,0.031308214908639,0.3010164563437574,0.0931893688170907,0.0345841211834077,0.0100738606172637,0.0020385744172538,0.0047300956414946,0.0202576757201941,9.147800360793035e-05,0.0140280843358722,v1.0.0,PASS
2026-02-24,5,2026-02-24 05:00:00,0.0437802808989355,0.2479404583126234,0.087392084751568,0.0328385725858145,0.0120644578953242,0.0025393211856515,0.0063283598237614,0.0205440315574236,9.147800360793035e-05,0.0155899899992888,v1.0.0,PASS
2026-02-24,6,2026-02-24 06:00:00,0.0322806395620617,0.2136657403461183,0.095142452066505,0.0237092734165959,0.0114335117526799,0.0172004557435778,0.0134555379765114,0.0105016675039907,9.147800360793035e-05,0.0133535238732094,v1.0.0,PASS
2026-02-24,7,2026-02-24 07:00:00,0.0321378264476984,0.2532831681081635,0.1157398813093826,0.0271393509686712,0.0068626351414304,0.0058436325902742,0.0075308901039868,0.0094408048178122,9.57376531239845e-05,0.0192497822241151,v1.0.0,PASS
2026-02-24,8,2026-02-24 08:00:00,0.0339901145120184,0.1115600563337507,0.0885586525729594,0.0102398726617337,0.0113305915224288,0.0024922663536401,0.0085562237688125,0.0076010574952648,9.574603200558852e-05,0.0063354969591664,v1.0.0,PASS
2026-02-24,9,2026-02-24 09:00:00,0.03646633120714,0.2712898176261447,0.1839296130481983,0.1004589844424242,0.0538909353336126,0.0060045836869311,0.0272556386834254,0.0032072046610068,9.574603200558852e-05,0.0082922225100739,v1.0.0,PASS
2026-02-24,10,2026-02-24 10:00:00,0.0352161189947262,0.5220379203931268,0.3008558622488694,0.313698781569699,0.009869454325938,0.0004938369581799,0.027158593953479,0.2637651390979985,9.57376531239845e-05,0.1526248157414701,v1.0.0,PASS
2026-02-24,11,2026-02-24 11:00:00,0.0403458098486917,0.5952621691143115,0.4449685872246258,0.1771457826355994,0.0231602101151667,0.0005608995054774,0.0802171221834095,0.3391414517315689,9.57376531239845e-05,0.1036840218563224,v1.0.0,PASS
2026-02-24,12,2026-02-24 12:00:00,0.0117526340838755,0.0001524501079703,0.0204665733086294,0.0054137479453404,0.0297340089243056,0.0001898616211141,0.0999743690008429,0.6166207778561043,9.370672201917336e-05,0.1850267344985238,v1.0.0,PASS
2026-02-24,13,2026-02-24 13:00:00,0.0023638775959426,0.0001589897260849,0.0048957502671755,0.0009520131760714,0.0087276927012209,0.0001898501762954,0.0437797124430375,0.7444471263314205,8.557168349397482e-05,0.2233714365558073,v1.0.0,PASS
2026-02-24,14,2026-02-24 14:00:00,0.0018299826095185,0.0001779502231266,0.0053557936785106,9.046683669675944e-05,0.0009259173682844,0.0002112758116019,0.0404949623602973,0.7298387395752154,6.36548644367682e-05,0.2189820335646155,v1.0.0,PASS
2026-02-24,15,2026-02-24 15:00:00,0.0149200234319774,0.0001454402003389,0.0397067804638095,0.0036387369336966,0.0534934284008892,0.0002220116922774,0.0878133121330332,0.5802877607119769,0.0001007053359194,0.1741293287451186,v1.0.0,PASS
2026-02-24,16,2026-02-24 16:00:00,0.0570040256197502,0.5011971508843817,0.1664265655094451,0.0853436172348491,0.0219566575899474,0.0012554923509245,0.0657916103384974,0.2533198147734856,2.09040519795658e-15,0.0759987967603646,v1.0.0,PASS
2026-02-24,17,2026-02-24 17:00:00,0.0753518709317044,0.3718904777131676,0.1947591062719565,0.0544305070561642,0.0188656117727613,0.0053341663716726,0.0218410414712472,0.0183726736026335,9.498263775092654e-05,0.017055929610616,v1.0.0,PASS
2026-02-24,18,2026-02-24 18:00:00,0.1641155271330652,0.0103905410032574,0.1230252780696831,0.0192346312197176,0.2291516234717527,0.0193742854644572,0.1028385762675015,0.0019081701848651,9.498263775092654e-05,0.0223929018894957,v1.0.0,PASS
2026-02-24,19,2026-02-24 19:00:00,0.078053832938302,0.0274442742248721,0.0775008517736638,0.0014628290184871,0.1647458478255296,0.0167834776409966,0.0708224695711744,0.0031989758688812,9.498263775092654e-05,0.0478323850347401,v1.0.0,PASS
2026-02-24,20,2026-02-24 20:00:00,0.0654747861206776,0.043157548053993,0.1251741338943213,0.0003372467375106,0.2448270928842306,0.0252801478343105,0.1148147979227256,0.0055317239888057,9.498263775092654e-05,0.0573031788924602,v1.0.0,PASS
2026-02-24,21,2026-02-24 21:00:00,0.0432980267038318,0.08011742996439,0.152653562604733,0.0156648465579365,0.0878329491014131,0.010677993577178,0.0692412691681831,0.0073581547187001,9.498263775092654e-05,0.0410506074520201,v1.0.0,PASS
2026-02-24,22,2026-02-24 22:00:00,0.0338541068063886,0.2806976069220204,0.1970490565308364,0.0476960661848763,0.0163057889117007,0.0025516970608674,0.0112251272631347,0.0783957083989508,6.0037476105252345e-05,0.077138206688007,v1.0.0,PASS
2026-02-24,23,2026-02-24 23:00:00,0.0250465827073947,0.2953398986446327,0.2007642318267442,0.0749155065180771,0.0404531583119368,0.0021490460559951,0.0189620794656356,0.0499397119678186,8.557168349397482e-05,0.047749078472528,v1.0.0,PASS
2026-02-24,24,2026-02-25 00:00:00,0.0302889002353329,0.5759150814556527,0.2959535712984963,0.1610398042700106,0.0217205964557297,0.0018127797890363,0.010549915497488,0.0605146217223012,8.557168349397482e-05,0.063295677572873,v1.0.0,PASS
2026-02-25,1,2026-02-25 01:00:00,0.020265569592007,0.3613533042357286,0.2933174658172358,0.0914696699706688,0.0057481504347812,0.0011660923416925,0.0046245231923473,0.0459093747280816,8.557168349397482e-05,0.0434911746618348,v1.0.0,PASS
2026-02-25,2,2026-02-25 02:00:00,0.0236073573585174,0.3684797630962342,0.2548009673251379,0.0910334975415727,0.0074241489339564,0.0009692863706524,0.0044361058741526,0.0380238707006678,8.557168349397482e-05,0.0383457238384196,v1.0.0,PASS
2026-02-25,3,2026-02-25 03:00:00,0.0157815275374869,0.3498108814512108,0.2002166798140509,0.0822649188455008,0.0115103056175765,0.0012488731904524,0.0075949622599419,0.0206813836235212,8.557168349397482e-05,0.0243942142240596,v1.0.0,PASS
2026-02-25,4,2026-02-25 04:00:00,0.0249828789279288,0.2868907582461473,0.1983010611974462,0.0762281613685282,0.006041899553904,0.0015243902617976,0.0035255133335428,0.0224587017146484,8.557168349397482e-05,0.0354913931772826,v1.0.0,PASS
2026-02-25,5,2026-02-25 05:00:00,0.0277958980032546,0.3651090291408962,0.1601782196983976,0.0811878631014899,0.0042533848474277,0.0012684584640529,0.0031804581057247,0.0288501977964335,8.557168349397482e-05,0.0314062105551362,v1.0.0,PASS
2026-02-25,6,2026-02-25 06:00:00,0.0254525476308856,0.2235817469903046,0.1617290019654157,0.017801893578779,0.0036723339676793,0.0013552812488791,0.0033494304442367,0.0148099762501798,9.147800360793035e-05,0.0172587354033261,v1.0.0,PASS
2026-02-25,7,2026-02-25 07:00:00,0.0519274750721221,0.2256307596579545,0.1409783763141215,0.018266573075907,0.0035575899231192,0.0014335965978001,0.003596796541559,0.017502946928082,9.147800360793035e-05,0.0115033313327009,v1.0.0,PASS
2026-02-25,8,2026-02-25 08:00:00,0.0268974928320122,0.2840325151839672,0.1924291930572862,0.0524807955785529,0.005484306530243,0.0026697350651584,0.0047843049709824,0.008035315789326,9.147800360793035e-05,0.0231154665849604,v1.0.0,PASS
2026-02-25,9,2026-02-25 09:00:00,0.0483048940329889,0.6023667443028136,0.5215900688208959,0.2482038442885776,0.0069791790130288,0.0005378814879672,0.0088309237892521,0.0476370360879179,9.147800360793035e-05,0.029987101578918,v1.0.0,PASS
2026-02-25,10,2026-02-25 10:00:00,0.0680117129663654,0.0190023024192493,0.0905891499198776,0.0155936763250841,0.0025634444123771,0.0001882894288377,0.0334740183661695,0.5911689567617594,9.147800360793035e-05,0.1774013782989792,v1.0.0,PASS
2026-02-25,11,2026-02-25 11:00:00,0.015064890802736,0.4354868159305664,0.039442847755228,0.110897244756697,0.0090025409624315,0.0001895511590588,0.0364012381741507,0.4843681234590297,9.147800360793035e-05,0.145364783389889,v1.0.0,PASS
2026-02-25,12,2026-02-25 12:00:00,0.0047088051384432,6.912607960739187e-05,0.009500486175477,0.0007347675376829,0.0102702668722336,0.0001898616211141,0.0533029156537353,0.6057396400573424,0.0001001744816899,0.1817705179246983,v1.0.0,PASS
2026-02-25,13,2026-02-25 13:00:00,0.0016292245204931,9.305762619261882e-05,0.0030237626883314,0.000212051903319,0.0025600865435814,0.0015419364562522,0.0515305048514439,0.7771074617850132,9.147800360793035e-05,0.2331758814493711,v1.0.0,PASS
2026-02-25,14,2026-02-25 14:00:00,0.0044878548438837,0.0001213559787249,0.0169802072739482,0.0034801041918652,0.0011245935355625,0.0017210934163992,0.0258558649123209,0.676615553184101,6.36548644367682e-05,0.2030151346066699,v1.0.0,PASS
2026-02-25,15,2026-02-25 15:00:00,0.0201959753210245,0.0001429233123079,0.0335529660314995,0.0037263421712355,0.001884188502368,0.0002643110307999,0.018958277629667,0.6298957227601256,0.0,0.1889897601612096,v1.0.0,PASS
2026-02-25,16,2026-02-25 16:00:00,0.1023339848666264,0.2157991043694296,0.3277527788789124,0.034696524791943,0.0081053096768401,0.0003256888030858,0.0401137452892507,0.3097937347929325,0.0001048479810131,0.0930013698767442,v1.0.0,PASS
2026-02-25,17,2026-02-25 17:00:00,0.2550042084138757,0.2065046482756055,0.2976668920327318,0.0227005441533595,0.011435919170696,0.0007169320167057,0.0252977069490096,0.0638619583207105,9.87114523005161e-05,0.0333982716190737,v1.0.0,PASS
2026-02-25,18,2026-02-25 18:00:00,0.1037012995124246,0.0201497332014313,0.0513979425347605,0.0015520756371226,0.1473566183308513,0.016095173140155,0.0701530562343639,0.0014237876847318,9.871145407924816e-05,0.0020162006555122,v1.0.0,PASS
2026-02-25,19,2026-02-25 19:00:00,0.0434940359125295,0.0169100458167712,0.0337085951081742,0.0015993133966239,0.051765953057615,0.0115192414174354,0.0339210646669204,0.0030893316851591,9.871145407924816e-05,0.0042026113769333,v1.0.0,PASS
2026-02-25,20,2026-02-25 20:00:00,0.0360798333371419,0.0244231504283573,0.0573070750166404,0.0047567862207946,0.0274997632139235,0.0063276032332905,0.01417841463308,0.0039482386996252,9.871145407924816e-05,0.007687325607419,v1.0.0,PASS
2026-02-25,21,2026-02-25 21:00:00,0.0220911393138929,0.0265914518092416,0.056748509622239,0.0055610963149047,0.0262923102091519,0.0051915774923075,0.0130217551282687,0.010731702022209,9.871145407924816e-05,0.0131053919409458,v1.0.0,PASS
2026-02-25,22,2026-02-25 22:00:00,0.0521873309780853,0.0240142739786587,0.0686686833430759,0.0025810053134622,0.0673287717021397,0.0144536653504524,0.0790852731563738,0.0032098008273386,6.0037476105252345e-05,0.0101654831229811,v1.0.0,PASS
2026-02-25,23,2026-02-25 23:00:00,0.0607255452614339,0.0275617247417192,0.0720446049206918,0.0013060086112685,0.0560751086134189,0.0072092215116988,0.0262919273711902,0.0060779958881268,8.557168349397482e-05,0.0108630224015305,v1.0.0,PASS
2026-02-25,24,2026-02-26 00:00:00,0.0676667875004908,0.0251576851179515,0.083160049447346,0.0041725593413887,0.0625549282836293,0.0057331803126432,0.029692402632736,0.002563734616558,8.557168349397482e-05,0.0103842214944202,v1.0.0,PASS
2026-02-26,1,2026-02-26 01:00:00,0.0288346957894763,0.0189231830761142,0.0196859717157429,0.0002236660521459,0.0098227245901867,0.0015601290680961,0.0057058528255755,0.0290311329888227,8.557168349397482e-05,0.0198492316671296,v1.0.0,PASS
2026-02-26,2,2026-02-26 02:00:00,0.0134930906543641,0.0204463841476439,0.0311066920003256,0.0001854248776409,0.0119204516472776,0.0018915541895607,0.0067858216822726,0.0244846997496568,8.557168349397482e-05,0.0176388326582121,v1.0.0,PASS
2026-02-26,3,2026-02-26 03:00:00,0.0134287226427042,0.0117338826252083,0.0248586248235494,0.0003607370776223,0.0099337657203549,0.0018946134506365,0.0055869132045151,0.0271164830324645,8.557168349397482e-05,0.0183299854718705,v1.0.0,PASS
2026-02-26,4,2026-02-26 04:00:00,0.0287979298691443,0.0123873123738879,0.0251837277866389,0.0008818843097041,0.0111952210796151,0.0023247621285054,0.0061374092834407,0.0245908068667559,8.557168349397482e-05,0.0174211728055305,v1.0.0,PASS
2026-02-26,5,2026-02-26 05:00:00,0.0327962521044496,0.0125242074420401,0.0278133691966885,0.0010864715794343,0.0119495669553724,0.002236971771539,0.0073548788338622,0.0237721986179145,8.557168349397482e-05,0.0143882044203615,v1.0.0,PASS
2026-02-26,6,2026-02-26 06:00:00,0.0222193220133652,0.0111834587348492,0.0327531703322662,0.0006927892136081,0.0133293974731415,0.0024225132522455,0.0089236254444058,0.0235306043236613,8.557168349397482e-05,0.0166785746520349,v1.0.0,PASS
2026-02-26,7,2026-02-26 07:00:00,0.0202767176997221,0.0075693636148967,0.0535315724868699,0.0020635112653392,0.0136866728542236,0.0034843659691657,0.009312809757364,0.0262552649590072,8.557168349397482e-05,0.0179592552265052,v1.0.0,PASS
2026-02-26,8,2026-02-26 08:00:00,0.0120629182279493,0.0238434982084463,0.0265185981039197,9.311635068511614e-05,0.0292140393823984,0.0029870696508791,0.0137541198309878,0.007178045955512,8.557168349397482e-05,0.0073960558666013,v1.0.0,PASS
2026-02-26,9,2026-02-26 09:00:00,0.1551563009569612,0.0147711344638713,0.0938819748586776,0.0268840184156851,0.0524277070719215,0.019445077216058,0.0358889805166493,0.0017373917993975,8.557168349397482e-05,0.006329076283557,v1.0.0,PASS
2026-02-26,10,2026-02-26 10:00:00,0.1452931480850502,0.0830344978810782,0.220731426983768,0.0052530353550133,0.494501805548322,0.0277842931057461,0.1806848470046768,0.0007239450054249,8.557168349397482e-05,0.014466882454058,v1.0.0,PASS
2026-02-26,11,2026-02-26 11:00:00,0.0672090741818007,0.5296156641584404,0.3296893035108198,0.0405397128664366,0.3810160540464453,0.0248511571343391,0.1443529017877536,0.0008606181440068,8.557168349397482e-05,0.0139444762889412,v1.0.0,PASS
2026-02-26,12,2026-02-26 12:00:00,0.0809367485893988,0.1462063007189036,0.2629600456989217,0.0511676887461105,0.3947597031691305,0.042311803255468,0.1562721711659705,0.0008893855288851,9.370672201917336e-05,0.0230163775911792,v1.0.0,PASS
2026-02-26,13,2026-02-26 13:00:00,0.0581918729059018,0.0550765611163376,0.2242388539270051,0.0468236982117147,0.092523810256849,0.0234955510692376,0.0517744091956222,0.0732232416196909,8.557168349397482e-05,0.0531966444133341,v1.0.0,PASS
2026-02-26,14,2026-02-26 14:00:00,0.0474772761750534,0.1615137292045439,0.2019789862196863,0.0103656235492743,0.1237948900225702,0.0906626686535865,0.0945975609182016,0.0418821916868073,6.0037476105252345e-05,0.0294504486563727,v1.0.0,PASS
2026-02-26,15,2026-02-26 15:00:00,0.068200304859294,0.1139053298508343,0.0913117078212349,0.0013065652010265,0.0685858697115744,0.0135123428476144,0.0393805457616355,0.0405155058664,9.870831016703771e-05,0.0447405202096829,v1.0.0,PASS
2026-02-26,16,2026-02-26 16:00:00,0.0373629407067617,0.1096788785320198,0.0864140175674011,0.0087863403654302,0.0371909969456182,0.0118761325357295,0.0291492772418286,0.0110590106531476,9.870831016703771e-05,0.0198365823038219,v1.0.0,PASS
2026-02-26,17,2026-02-26 17:00:00,0.084223760965276,0.0174230905138923,0.077825049358834,0.0134304046195834,0.1454160793021765,0.0069977046700121,0.068527518988752,0.007068301032307,9.870831016703771e-05,0.0131946985844044,v1.0.0,PASS
2026-02-26,18,2026-02-26 18:00:00,0.0201217116977321,0.0205178984929054,0.0233740978830939,0.0012185716793119,0.0728538096645724,0.0079281033250346,0.0430745945581753,0.0058171139212686,9.870831016703771e-05,0.0078314847467182,v1.0.0,PASS
2026-02-26,19,2026-02-26 19:00:00,0.0192758017205783,0.0200057198664325,0.0224889928419479,0.0006598339455845,0.0500832918179549,0.0064030629469537,0.0268520063663327,0.0169618846455557,9.870831016703771e-05,0.0166781910363601,v1.0.0,PASS
2026-02-26,20,2026-02-26 20:00:00,0.0177019456787216,0.025614093546524,0.0238843949314489,0.0005905281618279,0.058824520607548,0.0068610956452081,0.0289082775240242,0.0216211147142759,9.870831016703771e-05,0.0264865793448801,v1.0.0,PASS
2026-02-26,21,2026-02-26 21:00:00,0.0247397192479492,0.0318401116293217,0.0228455310355752,0.0002028134251766,0.1334791226972862,0.0088889896783402,0.054382486048656,0.0218779026073965,9.870831016703771e-05,0.0426246371871708,v1.0.0,PASS
2026-02-26,22,2026-02-26 22:00:00,0.0161765171390093,0.0260754972502597,0.0328469657871367,0.0004753181561561,0.069396978259826,0.0060401463140932,0.0306631349670046,0.0250393399561643,6.0037476105252345e-05,0.05596193699473,v1.0.0,PASS
2026-02-26,23,2026-02-26 23:00:00,0.0084331841862676,0.0262561153411298,0.0149608990998453,0.0015333861272702,0.0295633251048533,0.0012278955896189,0.0112972426856436,0.0428059506022547,9.147800360793035e-05,0.048180562511872,v1.0.0,PASS
2026-02-26,24,2026-02-27 00:00:00,0.0124682801568885,0.0311772480833543,0.0278069734110107,0.0017517263211962,0.0146340734301873,0.001124498387474,0.0061268507784967,0.0272044438560285,9.147800360793035e-05,0.0353313094645992,v1.0.0,PASS
2026-02-27,1,2026-02-27 01:00:00,0.0050494437180923,0.0144485886631351,0.0103915719781772,0.0007582182137497,0.0078925203336828,0.0010809798167365,0.0045005436576829,0.0065301810033203,9.147800360793035e-05,0.0098758165443381,v1.0.0,PASS
2026-02-27,2,2026-02-27 02:00:00,0.0046365302992627,0.0168839982611986,0.0107298694025093,0.0009076464921771,0.0118344723767071,0.0010665293973866,0.0051717909890399,0.0045354378816949,9.147800360793035e-05,0.0056958077067261,v1.0.0,PASS
2026-02-27,3,2026-02-27 03:00:00,0.0042938362697134,0.0081139600750492,0.0094532975550945,0.0001424716755826,0.0124485906692811,0.0015506788503588,0.0050684114980126,0.0015615335150733,9.147800360793035e-05,0.0056578913850316,v1.0.0,PASS
2026-02-27,4,2026-02-27 04:00:00,0.0037930268186793,0.0110817405600596,0.0091399913541062,0.0003548896154926,0.0098948576685062,0.0018719409971437,0.0045240494407501,0.0027363818624021,9.147800360793035e-05,0.0052360733078532,v1.0.0,PASS
2026-02-27,5,2026-02-27 05:00:00,0.0048782742153671,0.0199775852429105,0.0097223002075162,0.0007863248998111,0.007570697532989,0.0024254357939143,0.004253676514126,0.010362323884494,9.147800360793035e-05,0.0114914953207623,v1.0.0,PASS
2026-02-27,6,2026-02-27 06:00:00,0.0050430747591713,0.0510082298336177,0.0176545965280972,0.0026817885358361,0.0081393360065505,0.0026896769870204,0.0051015561696688,0.0107132930466334,9.147800360793035e-05,0.0105074736102944,v1.0.0,PASS
2026-02-27,7,2026-02-27 07:00:00,0.0097818831697537,0.204955620703503,0.0460023304267878,0.0210645084959936,0.0062125893883658,0.0021432071193965,0.0043341903463321,0.0100542718915277,9.147800360793035e-05,0.0130926303963396,v1.0.0,PASS
2026-02-27,8,2026-02-27 08:00:00,0.0077282754216262,0.1071884006153321,0.0417908957586175,0.0058121109281803,0.0041361985515566,0.0019977978100713,0.0034028477000747,0.0176853012212913,9.147800360793035e-05,0.0244332037118341,v1.0.0,PASS
2026-02-27,9,2026-02-27 09:00:00,0.0169284584010314,0.1744578904569328,0.0399838790625673,0.0107225718210101,0.0559537256145087,0.012854374398926,0.0284968474301598,0.0138660776143381,9.147800360793035e-05,0.0223954257761308,v1.0.0,PASS
2026-02-27,10,2026-02-27 10:00:00,0.0840684337105875,0.6968496810196163,0.4805504858037366,0.1633251001446486,0.0023821067611634,0.0005263834917781,0.0039235099170636,0.203009478704797,9.147800360793035e-05,0.1205386901536858,v1.0.0,PASS
2026-02-27,11,2026-02-27 11:00:00,0.0905218211691937,0.9127888365882648,0.2148952246855153,0.2946272425526433,0.002271249600562,0.0001895511590588,0.0372701121945495,0.4939731936264923,9.147800360793035e-05,0.1482329265224783,v1.0.0,PASS
2026-02-27,12,2026-02-27 12:00:00,0.0612283999032283,0.0003457761457381,0.1042229115318346,0.0201949363803702,0.001993625399195,0.0001895519612113,0.0193614004819307,0.6015653677405755,0.0001001744816899,0.1805126901443066,v1.0.0,PASS
2026-02-27,13,2026-02-27 13:00:00,0.0077584613523687,0.0001559427158943,0.0053331696373998,3.106510629943293e-05,0.0007012633881018,0.0001895405350553,0.022255684881191,0.7920516162709945,9.147800360793035e-05,0.2376569566487966,v1.0.0,PASS
2026-02-27,14,2026-02-27 14:00:00,0.0184013793881198,0.0001899008842901,0.0347988576670472,0.0003288145822951,0.0007390234061612,0.0001895405350553,0.0229553174166757,0.6483429825670312,6.36548644367682e-05,0.194532052364823,v1.0.0,PASS
2026-02-27,15,2026-02-27 15:00:00,0.06485365640659,0.0003562754843956,0.1846337948174063,0.0206733258807791,0.0029878634263481,0.0001991721679346,0.0316435585276972,0.488976069111396,0.0001046554563784,0.1467382007865298,v1.0.0,PASS
2026-02-27,16,2026-02-27 16:00:00,0.1248572759541663,0.4338931389429329,0.4659882221467193,0.049624117850644,0.003235570138378,0.000816469352557,0.0308591482793124,0.1135375710050651,9.870831016703771e-05,0.0341043019935995,v1.0.0,PASS
2026-02-27,17,2026-02-27 17:00:00,0.0557384345075975,0.3738880451906621,0.1101910739096089,0.1083824783300331,0.0210701965839329,0.0016115071587815,0.0192272738289213,0.0066508685722442,9.870831016703771e-05,0.0125788704620917,v1.0.0,PASS
2026-02-27,18,2026-02-27 18:00:00,0.0482720884412436,0.032608030450675,0.0400367009824073,3.003088601209601e-05,0.03215658446079,0.002573325657162,0.0160234372369204,0.001672786688725,9.870831016703771e-05,0.0019315481415784,v1.0.0,PASS
2026-02-27,19,2026-02-27 19:00:00,0.0396578477563222,0.0372660021477652,0.0335716009378986,0.0010533239891681,0.0256925543340531,0.001858463349341,0.0105373310629438,0.0015636657891972,9.870831016703771e-05,0.0038362620911891,v1.0.0,PASS
2026-02-27,20,2026-02-27 20:00:00,0.0262865100675095,0.0387190319134152,0.0497672893130408,0.0021828534086956,0.0251494860391304,0.0015081180393419,0.0096660247442146,0.0030079355770526,9.870831016703771e-05,0.0098147341592236,v1.0.0,PASS
2026-02-27,21,2026-02-27 21:00:00,0.0272614125452225,0.0463851233463668,0.0413885642155241,0.0023917725292678,0.0214543859749648,0.0012659536009091,0.0086356206812403,0.0021425213399605,9.870831016703771e-05,0.0074108049597186,v1.0.0,PASS
2026-02-27,22,2026-02-27 22:00:00,0.0283584341500888,0.0532851293200014,0.0522903320763161,0.0039030390280119,0.0203696588498586,0.0008839586215183,0.0081838677355799,0.0154240446327087,6.0037476105252345e-05,0.0138919687164332,v1.0.0,PASS
2026-02-27,23,2026-02-27 23:00:00,0.0384122436656555,0.0625151342462396,0.0805821170123109,0.006248158573115,0.0279940091856812,0.0011678785437087,0.0104178991074856,0.0429455586726409,9.147800360793035e-05,0.0164113128918275,v1.0.0,PASS
2026-02-27,24,2026-02-28 00:00:00,0.0451194731919947,0.0856168210981017,0.1103789693550212,0.0100451266785526,0.0091246988151489,0.0007476913766447,0.0042116989745595,0.0107985980574291,9.147800360793035e-05,0.0099566967630053,v1.0.0,PASS
2026-02-28,1,2026-02-28 01:00:00,0.0148110259893357,0.0963799308487234,0.0809611258830145,0.0065907503553017,0.0069790817987599,0.0011730534379268,0.0034396645308541,0.0164733519373051,9.147800360793035e-05,0.015153899781498,v1.0.0,PASS
2026-02-28,2,2026-02-28 02:00:00,0.011872694820346,0.0972901644869571,0.0821518248345914,0.0082933842941701,0.0042121032947037,0.0006423188028106,0.0022047710984155,0.0143482687485603,9.147800360793035e-05,0.0126250452550924,v1.0.0,PASS
2026-02-28,3,2026-02-28 03:00:00,0.0091425663635569,0.0924532689143448,0.0815986214665111,0.0078467297126737,0.0038328235858511,0.0006423188028106,0.0020909871857597,0.0186988893008391,9.147800360793035e-05,0.0143523372360927,v1.0.0,PASS
2026-02-28,4,2026-02-28 04:00:00,0.0139512410273226,0.1210912040726728,0.081340315015593,0.0098213197199036,0.0038939156428986,0.0008329558869026,0.0022639492544872,0.012186409683749,9.147800360793035e-05,0.0174176568300502,v1.0.0,PASS
2026-02-28,5,2026-02-28 05:00:00,0.0187388485650204,0.235533004712092,0.1000864709920695,0.0237953891916508,0.0030842674597761,0.0005818762854143,0.0020822549687634,0.0270610303121002,9.147800360793035e-05,0.0242121143968573,v1.0.0,PASS
2026-02-28,6,2026-02-28 06:00:00,0.0128841132992499,0.3199430656505506,0.2028431649910144,0.0348071444822827,0.0031695507660397,0.000784186003301,0.0023359380126697,0.0276757310444966,9.147800360793035e-05,0.0204340367021791,v1.0.0,PASS
2026-02-28,7,2026-02-28 07:00:00,0.0798666297631271,0.1908298173333915,0.2020587111055173,0.0164218305683076,0.0014860804351471,0.0003139680522442,0.0012399089313981,0.0578920637125929,9.147800360793035e-05,0.0445518092445892,v1.0.0,PASS
2026-02-28,8,2026-02-28 08:00:00,0.0381212802274433,0.2850645504466119,0.2075147590462143,0.0651071111463807,0.004658881087879,0.001614568032386,0.0050398363713357,0.0257125414818344,9.147800360793035e-05,0.0205134012440497,v1.0.0,PASS
2026-02-28,9,2026-02-28 09:00:00,0.0380304716332549,0.387110815965158,0.2344407153842164,0.1001355109489745,0.0124017347710347,0.0125789586828913,0.0167061901163013,0.0187317725374891,9.147800360793035e-05,0.0195347149979275,v1.0.0,PASS
2026-02-28,10,2026-02-28 10:00:00,0.0148525324766597,0.491321347810879,0.2825760441474497,0.2681969610344086,0.0156587104191423,0.0079652898942534,0.0127500851734552,0.0816816012857345,9.147800360793035e-05,0.0987678867486857,v1.0.0,PASS
2026-02-28,11,2026-02-28 11:00:00,0.0249013191752784,0.6358001912697158,0.6457001437311142,0.4399364450135508,0.021171007581406,0.0010067179396555,0.0176710902347978,0.2075080386536386,9.147800360793035e-05,0.114082435248608,v1.0.0,PASS
2026-02-28,12,2026-02-28 12:00:00,0.0398791674834365,0.3096634345567858,0.6420473176610648,0.255765161552124,0.0054400268118551,0.000600297613204,0.0170466441198447,0.2075675773825223,0.0001001744816899,0.1076585386055161,v1.0.0,PASS
2026-02-28,13,2026-02-28 13:00:00,0.0346345633154719,0.460431999075264,0.6318172274232678,0.2507530645752877,0.0154267469738694,0.0008459888779497,0.0351151102134078,0.2366224812182311,9.147800360793035e-05,0.1163715311649959,v1.0.0,PASS
2026-02-28,14,2026-02-28 14:00:00,0.0331721372121934,0.4147712783937399,0.3665237637839963,0.0646548291596017,0.0123075861978348,0.0007473108655046,0.0151567201064641,0.180577411159613,6.0037476105252345e-05,0.1088990432108974,v1.0.0,PASS
2026-02-28,15,2026-02-28 15:00:00,0.0190331484346521,0.1477996220155385,0.1437681647972324,0.0294558122370132,0.023150953484007,0.041826180856826,0.0525828221892867,0.0797739193769706,9.871145407924816e-05,0.0578420599496275,v1.0.0,PASS
2026-02-28,16,2026-02-28 16:00:00,0.0428124684375232,0.088529317637892,0.0634341110767024,0.0077496807169106,0.0404111463711549,0.0146426796541383,0.0462898057660773,0.0125465133290294,9.871145407924816e-05,0.0193632550513611,v1.0.0,PASS
2026-02-28,17,2026-02-28 17:00:00,0.036880747299668,0.0306853469264888,0.0419634256918521,0.0018183602868837,0.1104241980061144,0.0168659549241702,0.0517776899146781,0.0061648157466596,9.871145407924816e-05,0.0071850500599907,v1.0.0,PASS
2026-02-28,18,2026-02-28 18:00:00,0.0114606604449002,0.0179150664934373,0.0309602327225746,0.0004543307918912,0.0784067799254163,0.0228283510636913,0.0548710354905918,0.0011998424390252,9.871145407924816e-05,0.0022544910638465,v1.0.0,PASS
2026-02-28,19,2026-02-28 19:00:00,0.0072374391425668,0.0188634215359754,0.0132664925068992,0.0002982268836876,0.0360691847843066,0.0208900035826296,0.0261654205008836,0.0022482797059578,9.871145407924816e-05,0.0035725817281125,v1.0.0,PASS
2026-02-28,20,2026-02-28 20:00:00,0.0090588406804482,0.0252000261347773,0.0235689239091652,0.0001704349664522,0.0626689977729586,0.0091832789475551,0.0498809599073357,0.0021431376611457,9.871145407924816e-05,0.0084234502691573,v1.0.0,PASS
2026-02-28,21,2026-02-28 21:00:00,0.0100001863390134,0.0227735383557486,0.0281821396467378,0.0003190514235805,0.0299829230797714,0.0189619444141177,0.0220332315172108,0.0100228616970477,9.871145407924816e-05,0.015423727241922,v1.0.0,PASS
2026-02-28,22,2026-02-28 22:00:00,0.0092678230101149,0.0192544277861416,0.0457641983158107,0.0006745667162423,0.058930501530104,0.0094246946545106,0.0293157086352898,0.0104547424407621,6.0037476105252345e-05,0.0132523326856836,v1.0.0,PASS
2026-02-28,23,2026-02-28 23:00:00,0.006641734569623,0.0203213893823302,0.0410643216158741,0.0018224193271268,0.0353564464973285,0.0030483461309674,0.0168311680632525,0.0199937407048687,9.147800360793035e-05,0.0192161688217533,v1.0.0,PASS
